<xml xmlns="http://www.w3.org/1999/xhtml" collection="false">
  <variables>
    <variable type="" id="Fh~5v]L+?3G}FEXMzo[S">target profit</variable>
    <variable type="" id="_JR|{_2LoJHT=[3goZ)0">stake</variable>
  </variables>
  <block type="trade" id="xgH69|xFn9=70w.*3Vo@" x="987" y="414">
    <field name="MARKET_LIST">volidx</field>
    <field name="SUBMARKET_LIST">random_daily</field>
    <field name="SYMBOL_LIST">RDBEAR</field>
    <field name="TRADETYPECAT_LIST">callput</field>
    <field name="TRADETYPE_LIST">risefall</field>
    <field name="TYPE_LIST">PUT</field>
    <field name="CANDLEINTERVAL_LIST">60</field>
    <field name="TIME_MACHINE_ENABLED">FALSE</field>
    <field name="RESTARTONERROR">TRUE</field>
    <statement name="INITIALIZATION">
      <block type="variables_set" id="n?c%i5^Kd`=u^DU9nJp:">
        <field name="VAR" id="Fh~5v]L+?3G}FEXMzo[S" variabletype="">target profit</field>
        <value name="VALUE">
          <block type="math_number" id="=8n%6KuB*q]AVRQ{3gM]">
            <field name="NUM">7</field>
          </block>
        </value>
        <next>
          <block type="variables_set" id="A)a7*08QAA:m=]9cUOW/">
            <field name="VAR" id="_JR|{_2LoJHT=[3goZ)0" variabletype="">stake</field>
            <value name="VALUE">
              <block type="math_number" id="d;oLL#sjiTFZGM|;$Mdn">
                <field name="NUM">0.4</field>
              </block>
            </value>
          </block>
        </next>
      </block>
    </statement>
    <statement name="SUBMARKET">
      <block type="tradeOptions" id="x=V33~4Lb|(sLv`J[:Eb">
        <field name="DURATIONTYPE_LIST">t</field>
        <field name="CURRENCY_LIST">USD</field>
        <field name="BARRIEROFFSETTYPE_LIST">+</field>
        <field name="SECONDBARRIEROFFSETTYPE_LIST">-</field>
        <value name="DURATION">
          <shadow type="math_number" id="O*@58sDc=!cOO}*b2vf9">
            <field name="NUM">1</field>
          </shadow>
        </value>
        <value name="AMOUNT">
          <shadow type="math_number" id="ml)25~7^q}3I9}vjf:%K">
            <field name="NUM">1</field>
          </shadow>
          <block type="variables_get" id="3/hVG!Z9o0/nQ|0neKMj">
            <field name="VAR" id="_JR|{_2LoJHT=[3goZ)0" variabletype="">stake</field>
          </block>
        </value>
      </block>
    </statement>
  </block>
  <block type="before_purchase" id="i-CIx.(Onm4?ihxzA}Y]" x="987" y="865">
    <statement name="BEFOREPURCHASE_STACK">
      <block type="purchase" id="W6q#Z-I3q3d[d3-`S[dS">
        <field name="PURCHASE_LIST">PUT</field>
      </block>
    </statement>
  </block>
  <block type="during_purchase" id="(4;NieXd}j|Bn!c-YiC|" x="987" y="973">
    <statement name="DURING_PURCHASE_STACK">
      <block type="controls_if" id="8?eYKAW%VczmRXQ-ou3r">
        <value name="IF0">
          <block type="check_sell" id="M=:_KpEeRAJY_}XTU^8~"></block>
        </value>
      </block>
    </statement>
  </block>
  <block type="after_purchase" id="D^Jz1^n=2vtZku1vBN@;" x="987" y="1113">
    <statement name="AFTERPURCHASE_STACK">
      <block type="controls_if" id="Z*GU7]-m|EFzWPh9oD5x">
        <mutation else="1"></mutation>
        <value name="IF0">
          <block type="contract_check_result" id="=05-x5PPk;0mC*~!+]L/">
            <field name="CHECK_RESULT">win</field>
          </block>
        </value>
        <statement name="DO0">
          <block type="variables_set" id=".KL,.4uP(jm2nB!-5b2)">
            <field name="VAR" id="_JR|{_2LoJHT=[3goZ)0" variabletype="">stake</field>
            <value name="VALUE">
              <block type="math_number" id="!={}_W;,e`c[u!g+Wikf">
                <field name="NUM">0.4</field>
              </block>
            </value>
          </block>
        </statement>
        <statement name="ELSE">
          <block type="variables_set" id="{~]{;Q?KhBkdqPr_3buU">
            <field name="VAR" id="_JR|{_2LoJHT=[3goZ)0" variabletype="">stake</field>
            <value name="VALUE">
              <block type="math_arithmetic" id="ZG!kWkLCkEe1C$l`dx~]">
                <field name="OP">MULTIPLY</field>
                <value name="A">
                  <shadow type="math_number" id="@`cb@HK.TXoL~^VB+;3{">
                    <field name="NUM">1</field>
                  </shadow>
                  <block type="variables_get" id="6^Pg-k}wjXge_HsZM|n{">
                    <field name="VAR" id="_JR|{_2LoJHT=[3goZ)0" variabletype="">stake</field>
                  </block>
                </value>
                <value name="B">
                  <shadow type="math_number" id="{MC:qlpP%jTS_~;?uRr6">
                    <field name="NUM">1.9</field>
                  </shadow>
                </value>
              </block>
            </value>
          </block>
        </statement>
        <next>
          <block type="controls_if" id="aHZe[(2`DdCcAJjYgOZ[">
            <mutation else="1"></mutation>
            <value name="IF0">
              <block type="logic_compare" id="l^CIgXa.FACq).UurGjX">
                <field name="OP">LT</field>
                <value name="A">
                  <block type="total_profit" id="lT*Re4u+a%5lcErkDRW5"></block>
                </value>
                <value name="B">
                  <block type="variables_get" id=")tXt!Hmkgb`=589D|F:v">
                    <field name="VAR" id="Fh~5v]L+?3G}FEXMzo[S" variabletype="">target profit</field>
                  </block>
                </value>
              </block>
            </value>
            <statement name="DO0">
              <block type="trade_again" id="c)S|KjoQdXc8l#J@5z3P"></block>
            </statement>
            <statement name="ELSE">
              <block type="text_print" id="r(Q|6k[cUtg(fBz@FuDw">
                <value name="TEXT">
                  <shadow type="text" id="z#}7V~[%=Np#=gUZT{}B">
                    <field name="TEXT">abc</field>
                  </shadow>
                  <block type="text_join" id="*7U7Vc#bpLI`9lWn$h7s">
                    <mutation items="2"></mutation>
                    <value name="ADD0">
                      <block type="text" id="S2]HFLvi+Xbid[=6#z4_">
                        <field name="TEXT">TARGET HARIAN ANDA SUDAH TERCAPAI $</field>
                      </block>
                    </value>
                    <value name="ADD1">
                      <block type="total_profit" id="5aUqq#`Bi-PJ8F$cUGSP"></block>
                    </value>
                  </block>
                </value>
              </block>
            </statement>
          </block>
        </next>
      </block>
    </statement>
  </block>
  <block type="tick_analysis" id="ylE#=X.o5oRpzwg=g3)o" x="987" y="1487">
    <statement name="TICKANALYSIS_STACK">
      <block type="notify" id="hF(]z.*ur@@U[?7UdUO1">
        <field name="NOTIFICATION_TYPE">success</field>
        <field name="NOTIFICATION_SOUND">silent</field>
        <value name="MESSAGE">
          <shadow type="text" id="hVBW`3kfkaQIP?i71L5v">
            <field name="TEXT">abc</field>
          </shadow>
          <block type="variables_get" id="@.CCvaWbq`q(*DHnL*Td">
            <field name="VAR" id="Fh~5v]L+?3G}FEXMzo[S" variabletype="">target profit</field>
          </block>
        </value>
      </block>
    </statement>
  </block>
</xml>