<xml xmlns="http://www.w3.org/1999/xhtml" collection="false">
  <variables>
    <variable type="" id="-75oJNpcrfFk|u9E|9Or">initialStake</variable>
    <variable type="" id="dd8~qroAhDwrr^*Vu3FQ">totalProfit</variable>
    <variable type="" id="_(BnBRqB_82))F-D@yhO">stake</variable>
    <variable type="" id="Es96S$0CtbitXb^2cxf9">startRecoveringAfter</variable>
    <variable type="" id="guMRS]PXW32+p?bK1J05">amountLoss</variable>
    <variable type="" id="a-fAN+oFS!o$D#aS.+8r">winStreak</variable>
    <variable type="" id="h]s/*{fmgm}SXMS/~,W*">target</variable>
    <variable type="" id="[^Q~uh_hyz%?k(cTvA,{">recovering</variable>
    <variable type="" id="+IKaQ;lH?qZC.tsuT8Ss">stopLoss</variable>
  </variables>
  <block type="trade" id="xgH69|xFn9=70w.*3Vo@" x="0" y="0">
    <field name="MARKET_LIST">volidx</field>
    <field name="SUBMARKET_LIST">random_index</field>
    <field name="SYMBOL_LIST">R_10</field>
    <field name="TRADETYPECAT_LIST">digits</field>
    <field name="TRADETYPE_LIST">overunder</field>
    <field name="TYPE_LIST">both</field>
    <field name="CANDLEINTERVAL_LIST">60</field>
    <field name="TIME_MACHINE_ENABLED">FALSE</field>
    <field name="RESTARTONERROR">TRUE</field>
    <statement name="INITIALIZATION">
      <block type="variables_set" id="e%OEd?d?hB]$O9A+qhz1">
        <field name="VAR" id="-75oJNpcrfFk|u9E|9Or" variabletype="">initialStake</field>
        <value name="VALUE">
          <block type="math_number" id="`7_EsI3{{7pB3V{?yGv-">
            <field name="NUM">0.5</field>
          </block>
        </value>
        <next>
          <block type="variables_set" id="4tJY^pGg2D).GUCPtxKK">
            <field name="VAR" id="_(BnBRqB_82))F-D@yhO" variabletype="">stake</field>
            <value name="VALUE">
              <block type="variables_get" id="cz(*[b^w,wtsJStEv,9[">
                <field name="VAR" id="-75oJNpcrfFk|u9E|9Or" variabletype="">initialStake</field>
              </block>
            </value>
            <next>
              <block type="variables_set" id="{d{b0$}GCV)^$MZyVkm$">
                <field name="VAR" id="Es96S$0CtbitXb^2cxf9" variabletype="">startRecoveringAfter</field>
                <value name="VALUE">
                  <block type="math_number" id="gvFh_[7O=?exj/.cmAN6">
                    <field name="NUM">3</field>
                  </block>
                </value>
                <next>
                  <block type="variables_set" id="Z/q)TItvY?uYrZ!W;4:,">
                    <field name="VAR" id="guMRS]PXW32+p?bK1J05" variabletype="">amountLoss</field>
                    <value name="VALUE">
                      <block type="math_number" id="XZR~Qnlk*?_!*dF3`Gsn">
                        <field name="NUM">0</field>
                      </block>
                    </value>
                    <next>
                      <block type="variables_set" id="_pBKv;V3WXr=[iFmA7:g">
                        <field name="VAR" id="h]s/*{fmgm}SXMS/~,W*" variabletype="">target</field>
                        <value name="VALUE">
                          <block type="math_number" id="y[!$lYAF.T{ezz%Wl4.;">
                            <field name="NUM">3</field>
                          </block>
                        </value>
                        <next>
                          <block type="variables_set" id="z9(.sJkOOc)8o65npkIa">
                            <field name="VAR" id="+IKaQ;lH?qZC.tsuT8Ss" variabletype="">stopLoss</field>
                            <value name="VALUE">
                              <block type="math_single" id="jUb0/m/VNpEMgocX.+=U">
                                <field name="OP">NEG</field>
                                <value name="NUM">
                                  <shadow type="math_number" id="?!Auu5i`^AMMo#:u{LrA">
                                    <field name="NUM">9</field>
                                  </shadow>
                                  <block type="math_number" id="P*GoP(Huqqor#TNn;}20">
                                    <field name="NUM">100</field>
                                  </block>
                                </value>
                              </block>
                            </value>
                          </block>
                        </next>
                      </block>
                    </next>
                  </block>
                </next>
              </block>
            </next>
          </block>
        </next>
      </block>
    </statement>
    <statement name="SUBMARKET">
      <block type="tradeOptions" id="x=V33~4Lb|(sLv`J[:Eb">
        <field name="DURATIONTYPE_LIST">t</field>
        <field name="CURRENCY_LIST">USD</field>
        <field name="BARRIEROFFSETTYPE_LIST">+</field>
        <field name="SECONDBARRIEROFFSETTYPE_LIST">-</field>
        <value name="DURATION">
          <shadow type="math_number" id="M2LXgn1FJK))l^`QJ*w0">
            <field name="NUM">1</field>
          </shadow>
        </value>
        <value name="AMOUNT">
          <shadow type="math_number" id="ml)25~7^q}3I9}vjf:%K">
            <field name="NUM">1</field>
          </shadow>
          <block type="variables_get" id="Cu8canvz3Z^Bwom8|p(w">
            <field name="VAR" id="_(BnBRqB_82))F-D@yhO" variabletype="">stake</field>
          </block>
        </value>
        <value name="PREDICTION">
          <shadow type="math_number" id="Ht.}$-kr5X@dWd}S*n*V">
            <field name="NUM">1</field>
          </shadow>
        </value>
      </block>
    </statement>
  </block>
  <block type="before_purchase" id="i-CIx.(Onm4?ihxzA}Y]" x="0" y="615">
    <statement name="BEFOREPURCHASE_STACK">
      <block type="purchase" id="W6q#Z-I3q3d[d3-`S[dS">
        <field name="PURCHASE_LIST">DIGITOVER</field>
      </block>
    </statement>
  </block>
  <block type="after_purchase" id="D^Jz1^n=2vtZku1vBN@;" x="0" y="723">
    <statement name="AFTERPURCHASE_STACK">
      <block type="math_change" id="#9iH=4sp7z!Zc@JpVxno">
        <field name="VAR" id="dd8~qroAhDwrr^*Vu3FQ" variabletype="">totalProfit</field>
        <value name="DELTA">
          <shadow type="math_number" id="ot19sbkj(+)=sHb7W*4-">
            <field name="NUM">1</field>
          </shadow>
          <block type="read_details" id="k|nyJ5~^I7*YAk}2nz8D">
            <field name="DETAIL_INDEX">4</field>
          </block>
        </value>
        <next>
          <block type="variables_set" id="woKo,V$SPQ8De+L^MQtY">
            <field name="VAR" id="dd8~qroAhDwrr^*Vu3FQ" variabletype="">totalProfit</field>
            <value name="VALUE">
              <block type="math_arithmetic" id="EyC/bEtLA~ryrGQlnC;?">
                <field name="OP">DIVIDE</field>
                <value name="A">
                  <shadow type="math_number" id="c8uMraeCXs[aa:]ns~#5">
                    <field name="NUM">1</field>
                  </shadow>
                  <block type="math_round" id="~vp(d5}soThDs!TEyFP[">
                    <field name="OP">ROUND</field>
                    <value name="NUM">
                      <shadow type="math_number" id="5P,Q1{oJp5_XgbUT.V}h">
                        <field name="NUM">3.1</field>
                      </shadow>
                      <block type="math_arithmetic" id="Z=ubu.UYrM0QxEy2,GSl">
                        <field name="OP">MULTIPLY</field>
                        <value name="A">
                          <shadow type="math_number" id="Pt9^QPNOpJ`5$!*pcg!@">
                            <field name="NUM">1</field>
                          </shadow>
                          <block type="variables_get" id="e0-0dIe^]WdMC2|X=37v">
                            <field name="VAR" id="dd8~qroAhDwrr^*Vu3FQ" variabletype="">totalProfit</field>
                          </block>
                        </value>
                        <value name="B">
                          <shadow type="math_number" id="0jVn!$~p`-5^(?b`31P=">
                            <field name="NUM">100</field>
                          </shadow>
                        </value>
                      </block>
                    </value>
                  </block>
                </value>
                <value name="B">
                  <shadow type="math_number" id="2VH?C`$sfba,QK31qs?|">
                    <field name="NUM">100</field>
                  </shadow>
                </value>
              </block>
            </value>
            <next>
              <block type="controls_if" id="xi)-oaA?SHL,Fq|@cY88">
                <mutation else="1"></mutation>
                <value name="IF0">
                  <block type="contract_check_result" id="+qi/|8t+i_yt!{,M9N@o">
                    <field name="CHECK_RESULT">loss</field>
                  </block>
                </value>
                <statement name="DO0">
                  <block type="math_change" id="3ct@;yar-j]5ME2kH8GC">
                    <field name="VAR" id="guMRS]PXW32+p?bK1J05" variabletype="">amountLoss</field>
                    <value name="DELTA">
                      <shadow type="math_number" id="]ZX3xw!E/cy/+i0hL@[W">
                        <field name="NUM">1</field>
                      </shadow>
                      <block type="math_single" id="vA/=@AK~OMlbo]Ie+HI|">
                        <field name="OP">ABS</field>
                        <value name="NUM">
                          <shadow type="math_number" id="Lqy}/DLYrNG$^,Il+sBB">
                            <field name="NUM">9</field>
                          </shadow>
                          <block type="read_details" id="6lj*v{Fokepy)s.eZ^Ej">
                            <field name="DETAIL_INDEX">4</field>
                          </block>
                        </value>
                      </block>
                    </value>
                    <next>
                      <block type="variables_set" id="%y-M:FgTupwNTjo}hIIO">
                        <field name="VAR" id="[^Q~uh_hyz%?k(cTvA,{" variabletype="">recovering</field>
                        <value name="VALUE">
                          <block type="logic_boolean" id="aLv;9;VozK4;HZhN8im/">
                            <field name="BOOL">FALSE</field>
                          </block>
                        </value>
                        <next>
                          <block type="variables_set" id="LZyk]fiK?;@]`DaKG+J_">
                            <field name="VAR" id="_(BnBRqB_82))F-D@yhO" variabletype="">stake</field>
                            <value name="VALUE">
                              <block type="variables_get" id="YFj]rFG-T![7)~{?wzS?">
                                <field name="VAR" id="-75oJNpcrfFk|u9E|9Or" variabletype="">initialStake</field>
                              </block>
                            </value>
                          </block>
                        </next>
                      </block>
                    </next>
                  </block>
                </statement>
                <statement name="ELSE">
                  <block type="math_change" id="0X=08hDk7EAC-o6,e0SK">
                    <field name="VAR" id="a-fAN+oFS!o$D#aS.+8r" variabletype="">winStreak</field>
                    <value name="DELTA">
                      <shadow type="math_number" id="]^?3e)|1/Lv11#xyhilc">
                        <field name="NUM">1</field>
                      </shadow>
                    </value>
                    <next>
                      <block type="variables_set" id="yI+Zw(2v]OJpDpp{s6zu">
                        <field name="VAR" id="a-fAN+oFS!o$D#aS.+8r" variabletype="">winStreak</field>
                        <value name="VALUE">
                          <block type="logic_ternary" id="ZJVnz1imp[o.PAw_ZECb">
                            <value name="IF">
                              <block type="logic_compare" id="7-nqL0{c-J8Ye{4*z$9/">
                                <field name="OP">GT</field>
                                <value name="A">
                                  <block type="variables_get" id="m0V=p;Yez]bVmf58lL|N">
                                    <field name="VAR" id="a-fAN+oFS!o$D#aS.+8r" variabletype="">winStreak</field>
                                  </block>
                                </value>
                                <value name="B">
                                  <block type="variables_get" id="f~RxU.p2:|rL3F^jlTm(">
                                    <field name="VAR" id="Es96S$0CtbitXb^2cxf9" variabletype="">startRecoveringAfter</field>
                                  </block>
                                </value>
                              </block>
                            </value>
                            <value name="THEN">
                              <block type="math_number" id="4DHl79gH=dZ4)x_hsl,*">
                                <field name="NUM">0</field>
                              </block>
                            </value>
                            <value name="ELSE">
                              <block type="variables_get" id="7=OY}XL!n6=!rK9y)OT]">
                                <field name="VAR" id="a-fAN+oFS!o$D#aS.+8r" variabletype="">winStreak</field>
                              </block>
                            </value>
                          </block>
                        </value>
                        <next>
                          <block type="controls_if" id="EMxP2A0DE[/0EoH3(BE,">
                            <value name="IF0">
                              <block type="variables_get" id="h$+*b``T+F81kAvo3W^[">
                                <field name="VAR" id="[^Q~uh_hyz%?k(cTvA,{" variabletype="">recovering</field>
                              </block>
                            </value>
                            <statement name="DO0">
                              <block type="variables_set" id="+V/o/ByAVSG2KZde8a7W">
                                <field name="VAR" id="guMRS]PXW32+p?bK1J05" variabletype="">amountLoss</field>
                                <value name="VALUE">
                                  <block type="math_number" id="@g!AqXB[*Ui;*E,*EX)n">
                                    <field name="NUM">0</field>
                                  </block>
                                </value>
                                <next>
                                  <block type="variables_set" id="Y)l$Cpi.Ce^_,HN5)3DM">
                                    <field name="VAR" id="a-fAN+oFS!o$D#aS.+8r" variabletype="">winStreak</field>
                                    <value name="VALUE">
                                      <block type="math_number" id="N4$F0]G=w|M)MeK2:)h7">
                                        <field name="NUM">0</field>
                                      </block>
                                    </value>
                                    <next>
                                      <block type="variables_set" id="09u!}J~2H?AzBVSlU;O%">
                                        <field name="VAR" id="_(BnBRqB_82))F-D@yhO" variabletype="">stake</field>
                                        <value name="VALUE">
                                          <block type="variables_get" id="zsvT4N@$F2|(^%3B@r[=">
                                            <field name="VAR" id="-75oJNpcrfFk|u9E|9Or" variabletype="">initialStake</field>
                                          </block>
                                        </value>
                                      </block>
                                    </next>
                                  </block>
                                </next>
                              </block>
                            </statement>
                          </block>
                        </next>
                      </block>
                    </next>
                  </block>
                </statement>
                <next>
                  <block type="controls_if" id="e=U22XH[{9tZRbd|^hdg">
                    <value name="IF0">
                      <block type="logic_operation" id="ffVy[suQkw2d^+I4us6#" inline="false">
                        <field name="OP">AND</field>
                        <value name="A">
                          <block type="logic_compare" id="fk;n-YCMqT5:}!|{bDBA">
                            <field name="OP">GT</field>
                            <value name="A">
                              <block type="variables_get" id=";u{tz~C,H9l@|K9yo*(^">
                                <field name="VAR" id="guMRS]PXW32+p?bK1J05" variabletype="">amountLoss</field>
                              </block>
                            </value>
                            <value name="B">
                              <block type="math_number" id="*:7tHNMzRoft$N*sd5#z">
                                <field name="NUM">0</field>
                              </block>
                            </value>
                          </block>
                        </value>
                        <value name="B">
                          <block type="logic_compare" id="KX0Az[;.}b|nb:Gq^xFq">
                            <field name="OP">EQ</field>
                            <value name="A">
                              <block type="variables_get" id="dcd[cy5#;p`(d?ru2]DJ">
                                <field name="VAR" id="a-fAN+oFS!o$D#aS.+8r" variabletype="">winStreak</field>
                              </block>
                            </value>
                            <value name="B">
                              <block type="variables_get" id="VepIwH:[I{Mu[E-W(Sgs">
                                <field name="VAR" id="Es96S$0CtbitXb^2cxf9" variabletype="">startRecoveringAfter</field>
                              </block>
                            </value>
                          </block>
                        </value>
                      </block>
                    </value>
                    <statement name="DO0">
                      <block type="variables_set" id="9Q/jApr,k{u@L$lbQB^+">
                        <field name="VAR" id="_(BnBRqB_82))F-D@yhO" variabletype="">stake</field>
                        <value name="VALUE">
                          <block type="math_arithmetic" id=".j[vGbM`-lNkkyaQqB]9">
                            <field name="OP">MULTIPLY</field>
                            <value name="A">
                              <shadow type="math_number" id="Ca)CJtzNBPkr0H1v)l5C">
                                <field name="NUM">1</field>
                              </shadow>
                              <block type="variables_get" id="9,$^uW08Z}do2x)5cL_k">
                                <field name="VAR" id="guMRS]PXW32+p?bK1J05" variabletype="">amountLoss</field>
                              </block>
                            </value>
                            <value name="B">
                              <shadow type="math_number" id="vIeowM~pC(vSo;Sz4H:p">
                                <field name="NUM">5</field>
                              </shadow>
                            </value>
                          </block>
                        </value>
                        <next>
                          <block type="variables_set" id="BilvwUrj]pm,}0AH6%x:">
                            <field name="VAR" id="[^Q~uh_hyz%?k(cTvA,{" variabletype="">recovering</field>
                            <value name="VALUE">
                              <block type="logic_boolean" id="RV?1;`x[B$wIc+UTFl3A">
                                <field name="BOOL">TRUE</field>
                              </block>
                            </value>
                          </block>
                        </next>
                      </block>
                    </statement>
                    <next>
                      <block type="controls_if" id="]0hNShgFNP08h`.kx9e_">
                        <mutation elseif="1" else="1"></mutation>
                        <value name="IF0">
                          <block type="logic_compare" id="YYK,zz(p5ytV*K.b,vC#">
                            <field name="OP">GTE</field>
                            <value name="A">
                              <block type="variables_get" id="%~Sy1#3vy1I/%RaO5cB/">
                                <field name="VAR" id="dd8~qroAhDwrr^*Vu3FQ" variabletype="">totalProfit</field>
                              </block>
                            </value>
                            <value name="B">
                              <block type="variables_get" id="FaFXW,eof2kGLC:NY*cA">
                                <field name="VAR" id="h]s/*{fmgm}SXMS/~,W*" variabletype="">target</field>
                              </block>
                            </value>
                          </block>
                        </value>
                        <statement name="DO0">
                          <block type="text_print" id="?y0V]3pyOCIPJ}x9P[W.">
                            <value name="TEXT">
                              <shadow type="text" id="BGQPznA4u)Gr-0Dz$[|h">
                                <field name="TEXT">abc</field>
                              </shadow>
                              <block type="text_join" id="Ab$2r-Sx7fa{kd~wSn=F">
                                <mutation items="2"></mutation>
                                <value name="ADD0">
                                  <block type="text" id="N^B(NFE#6E!6m|tCZW;C">
                                    <field name="TEXT">target profit: </field>
                                  </block>
                                </value>
                                <value name="ADD1">
                                  <block type="variables_get" id="}ie*T}BlVyq1$Pv+n!BD">
                                    <field name="VAR" id="dd8~qroAhDwrr^*Vu3FQ" variabletype="">totalProfit</field>
                                  </block>
                                </value>
                              </block>
                            </value>
                          </block>
                        </statement>
                        <value name="IF1">
                          <block type="logic_compare" id="-Q+RBW*CfkjAFqs])W@~">
                            <field name="OP">LTE</field>
                            <value name="A">
                              <block type="variables_get" id="Zz$v=Zk,mWxwUvVQ4*j;">
                                <field name="VAR" id="dd8~qroAhDwrr^*Vu3FQ" variabletype="">totalProfit</field>
                              </block>
                            </value>
                            <value name="B">
                              <block type="variables_get" id="_akd+|8|LMHhV{MS#KnU">
                                <field name="VAR" id="+IKaQ;lH?qZC.tsuT8Ss" variabletype="">stopLoss</field>
                              </block>
                            </value>
                          </block>
                        </value>
                        <statement name="DO1">
                          <block type="text_print" id="!zjd/L@8aRHx=HO4j*VH">
                            <value name="TEXT">
                              <shadow type="text" id="BGQPznA4u)Gr-0Dz$[|h">
                                <field name="TEXT">abc</field>
                              </shadow>
                              <block type="text_join" id="{bX/hWwWRst:8-t8%!SC">
                                <mutation items="2"></mutation>
                                <value name="ADD0">
                                  <block type="text" id="H?{y1?oTpi$BURfGWu?8">
                                    <field name="TEXT">stop loss: </field>
                                  </block>
                                </value>
                                <value name="ADD1">
                                  <block type="variables_get" id="Hhxc}[XT_-f![6x%?SnB">
                                    <field name="VAR" id="dd8~qroAhDwrr^*Vu3FQ" variabletype="">totalProfit</field>
                                  </block>
                                </value>
                              </block>
                            </value>
                          </block>
                        </statement>
                        <statement name="ELSE">
                          <block type="notify" id="jPJlUy/o#,`Dr-QF{C.H">
                            <field name="NOTIFICATION_TYPE">info</field>
                            <field name="NOTIFICATION_SOUND">silent</field>
                            <value name="MESSAGE">
                              <shadow type="text" id="8ZoCzkldpJN:3t)-.qZt">
                                <field name="TEXT">abc</field>
                              </shadow>
                              <block type="text_join" id=":;@7gtJHQm@|zmM4]Phj">
                                <mutation items="2"></mutation>
                                <value name="ADD0">
                                  <block type="text" id="vObyVZKDY=E:ADGV%l1N">
                                    <field name="TEXT">profit: </field>
                                  </block>
                                </value>
                                <value name="ADD1">
                                  <block type="variables_get" id="[a|#u*J%x.LRNs.]EX=F">
                                    <field name="VAR" id="dd8~qroAhDwrr^*Vu3FQ" variabletype="">totalProfit</field>
                                  </block>
                                </value>
                              </block>
                            </value>
                            <next>
                              <block type="trade_again" id="c)S|KjoQdXc8l#J@5z3P"></block>
                            </next>
                          </block>
                        </statement>
                      </block>
                    </next>
                  </block>
                </next>
              </block>
            </next>
          </block>
        </next>
      </block>
    </statement>
  </block>
</xml>