<xml xmlns="http://www.w3.org/1999/xhtml" collection="false">
  <variables>
    <variable type="" id="r.2Q!hhj8jnLJK=j/}^V">martingale:profit</variable>
    <variable type="" id="$%6i;8nBH2522Zc/3c(a">martingale:resultIsWin</variable>
    <variable type="" id="|B$~L!EF+4m$@RmdDwtX">_Target_Profit_</variable>
    <variable type="" id="yA6C2fyK,:2;]sLP3Sri">_Stop_Loss_</variable>
    <variable type="" id="C-55UXsEo8B*!*B-T,YJ">_First_Stake_</variable>
    <variable type="" id="dFG(`yq?E.)6W}a)(RMA">_Martingale_Factor_</variable>
    <variable type="" id="bkP(}AuHwicGn;Yl7Bao">_Martingale_Level_</variable>
    <variable type="" id="`VP4}M=AEDZh}Ay(j_w#">_Martingale_Start_After_</variable>
    <variable type="" id="N$S,9i%#2eNG}R%14NDE">martingale:totalProfit</variable>
    <variable type="" id="o_sg1T](RO35Z`nqvwj6">martingale:tradeAgain</variable>
    <variable type="" id="`dqvS*5(IVSH@j#JfaT+">x</variable>
    <variable type="" id="/X#X3*COFMu|`xZpgOXc">Factor Martin</variable>
    <variable type="" id="A?A_DQ,y}`|=L^A=Z|{K">martingale:expectedProfit</variable>
    <variable type="" id="pb_-#apiEug4Gy]YVf9x">martingale:size</variable>
    <variable type="" id="_D[8wT51Dcr`rR4oG[QR">martingale:amount</variable>
    <variable type="" id=",agK|O2Drdh/!f8GWV!8">C</variable>
    <variable type="" id="9_{jy1N3jEaGKsL:24!k">Initial Amount</variable>
    <variable type="" id="[H[OACZbF|=5[PPk_6RR">z</variable>
    <variable type="" id="oz@B*sSzxS/UgkyCl2}M">martingale:maximumLoss</variable>
    <variable type="" id="3$C;-*5)yX8ncMi24^HT">Stop Loss</variable>
    <variable type="" id="@rdB_ya-^5Re#ER`2z+%">Expected Profit</variable>
  </variables>
  <block type="trade" id="73vWdDagX-YhN)CtN.3D" x="0" y="0">
    <field name="MARKET_LIST">synthetic_index</field>
    <field name="SUBMARKET_LIST">random_index</field>
    <field name="SYMBOL_LIST">R_100</field>
    <field name="TRADETYPECAT_LIST">digits</field>
    <field name="TRADETYPE_LIST">overunder</field>
    <field name="TYPE_LIST">both</field>
    <field name="CANDLEINTERVAL_LIST">60</field>
    <field name="TIME_MACHINE_ENABLED">FALSE</field>
    <field name="RESTARTONERROR">TRUE</field>
    <statement name="INITIALIZATION">
      <block type="text_print" id="iJYD=XvI?*tcQnsk`I`G">
        <value name="TEXT">
          <shadow type="text" id="j:uL5OBlFkN(u^f,`A?u">
            <field name="TEXT">HARAMI BOT RUNS COURTESY OF TRADE-GENIC-GURU CHANNEL 👉 T.me/tradegenicguru  HAPPY AUTO-TRADING - GOOD-LUCK</field>
          </shadow>
        </value>
        <next>
          <block type="variables_set" id="w:{v9eqLn.Z,y`A5]}m}">
            <field name="VAR" id="/X#X3*COFMu|`xZpgOXc" variabletype="">Factor Martin</field>
            <value name="VALUE">
              <block type="math_number" id="um*I-OJVu7M,R8=k*{:E">
                <field name="NUM">0.6</field>
              </block>
            </value>
            <next>
              <block type="variables_set" id="km^csYup+0Uc=fg@fafl">
                <field name="VAR" id="[H[OACZbF|=5[PPk_6RR" variabletype="">z</field>
                <value name="VALUE">
                  <block type="math_number" id="WrG?5;zwT$sT?dinucKq">
                    <field name="NUM">0.35</field>
                  </block>
                </value>
                <next>
                  <block type="variables_set" id="[gD}WLHP}vbRf.9H,-UD">
                    <field name="VAR" id="`dqvS*5(IVSH@j#JfaT+" variabletype="">x</field>
                    <value name="VALUE">
                      <block type="math_number" id="2)*dwq$O=WDm_sE`2^Er">
                        <field name="NUM">0</field>
                      </block>
                    </value>
                    <next>
                      <block type="variables_set" id="?=.+qoI+dJn2F:sSk_wc">
                        <field name="VAR" id=",agK|O2Drdh/!f8GWV!8" variabletype="">C</field>
                        <value name="VALUE">
                          <block type="math_number" id="s@C/G5[,9RTUbq%u=WN1">
                            <field name="NUM">0</field>
                          </block>
                        </value>
                        <next>
                          <block type="variables_set" id="7$DpM}CfwF3d$90e/zl.">
                            <field name="VAR" id="3$C;-*5)yX8ncMi24^HT" variabletype="">Stop Loss</field>
                            <value name="VALUE">
                              <block type="math_number" id="B5.#mSmH+4DCajri?O^)">
                                <field name="NUM">50</field>
                              </block>
                            </value>
                            <next>
                              <block type="variables_set" id="B;eMO~A9Lf+xq/|ki):+">
                                <field name="VAR" id="@rdB_ya-^5Re#ER`2z+%" variabletype="">Expected Profit</field>
                                <value name="VALUE">
                                  <block type="math_number" id="V@QyhA`C-+G(cBh;nDw/">
                                    <field name="NUM">5</field>
                                  </block>
                                </value>
                                <next>
                                  <block type="variables_set" id=":f!4st:(Zr-9$VzeN!t1">
                                    <field name="VAR" id="9_{jy1N3jEaGKsL:24!k" variabletype="">Initial Amount</field>
                                    <value name="VALUE">
                                      <block type="math_number" id="c){g[eNu^YVU(twpc~l_">
                                        <field name="NUM">0.35</field>
                                      </block>
                                    </value>
                                  </block>
                                </next>
                              </block>
                            </next>
                          </block>
                        </next>
                      </block>
                    </next>
                  </block>
                </next>
              </block>
            </next>
          </block>
        </next>
      </block>
    </statement>
    <statement name="SUBMARKET">
      <block type="controls_if" id=":5|zTKW7Zr!W_~x`okpf">
        <value name="IF0">
          <block type="logic_compare" id="-as.-t?(Rs0NumQC/=ZO">
            <field name="OP">GTE</field>
            <value name="A">
              <block type="variables_get" id="$o,pmW}z,nFw_jqooW_l">
                <field name="VAR" id=",agK|O2Drdh/!f8GWV!8" variabletype="">C</field>
              </block>
            </value>
            <value name="B">
              <block type="math_number" id="4O=wL!Af:,pQVITZlp3H">
                <field name="NUM">4</field>
              </block>
            </value>
          </block>
        </value>
        <statement name="DO0">
          <block type="tradeOptions" id=")x[hsi?LceO*C$r`J+*p">
            <field name="DURATIONTYPE_LIST">t</field>
            <field name="BARRIEROFFSETTYPE_LIST">+</field>
            <field name="SECONDBARRIEROFFSETTYPE_LIST">-</field>
            <value name="DURATION">
              <block type="math_number" id="cgx@t/Ds/eiz4:?)B:%]">
                <field name="NUM">1</field>
              </block>
            </value>
            <value name="AMOUNT">
              <block type="variables_get" id="EtWMR.(}IyF#7fPnNRFz">
                <field name="VAR" id="9_{jy1N3jEaGKsL:24!k" variabletype="">Initial Amount</field>
              </block>
            </value>
            <value name="PREDICTION">
              <block type="math_random_int" id="38RMb.`dN=Nm3yEJhT(:">
                <value name="FROM">
                  <shadow type="math_number" id="G8pV{MAfMn{IFAyX*$N7">
                    <field name="NUM">6</field>
                  </shadow>
                </value>
                <value name="TO">
                  <shadow type="math_number" id="#5|d]!s~89Jt,P1n)_N`">
                    <field name="NUM">6</field>
                  </shadow>
                </value>
              </block>
            </value>
          </block>
        </statement>
        <next>
          <block type="controls_if" id="zg=Z1Qd~~g!fV[QDZuN%">
            <value name="IF0">
              <block type="logic_compare" id="fuut]pDwjEc1zh;qs]G@">
                <field name="OP">LTE</field>
                <value name="A">
                  <block type="variables_get" id="LmaxM(Y810YIRB1u^)o@">
                    <field name="VAR" id=",agK|O2Drdh/!f8GWV!8" variabletype="">C</field>
                  </block>
                </value>
                <value name="B">
                  <block type="math_number" id="kD/daVBH^gL?fmK+{RAS">
                    <field name="NUM">3</field>
                  </block>
                </value>
              </block>
            </value>
            <statement name="DO0">
              <block type="tradeOptions" id="r5=O0u?!d^l|91Nl?hR@">
                <field name="DURATIONTYPE_LIST">t</field>
                <field name="BARRIEROFFSETTYPE_LIST">+</field>
                <field name="SECONDBARRIEROFFSETTYPE_LIST">-</field>
                <value name="DURATION">
                  <block type="math_number" id="8*^GW1#c|o|N)ZSlT#e_">
                    <field name="NUM">1</field>
                  </block>
                </value>
                <value name="AMOUNT">
                  <block type="variables_get" id="?!=Ytlep9Z^o1drQBK~x">
                    <field name="VAR" id="9_{jy1N3jEaGKsL:24!k" variabletype="">Initial Amount</field>
                  </block>
                </value>
                <value name="PREDICTION">
                  <block type="math_random_int" id="y26[/IBif)GD+,|eK,!@">
                    <value name="FROM">
                      <shadow type="math_number" id="J3#^~qUb3k`Mo=IGQ=Mk">
                        <field name="NUM">3</field>
                      </shadow>
                    </value>
                    <value name="TO">
                      <shadow type="math_number" id="Igf,LseVBY:W];fOmu@l">
                        <field name="NUM">3</field>
                      </shadow>
                    </value>
                  </block>
                </value>
              </block>
            </statement>
          </block>
        </next>
      </block>
    </statement>
  </block>
  <block type="procedures_defnoreturn" id=".$_D0CTm{^DF}qsWk0Fv" x="0" y="909">
    <mutation>
      <arg name="_Target_Profit_" varid="|B$~L!EF+4m$@RmdDwtX"></arg>
      <arg name="_Stop_Loss_" varid="yA6C2fyK,:2;]sLP3Sri"></arg>
      <arg name="_First_Stake_" varid="C-55UXsEo8B*!*B-T,YJ"></arg>
      <arg name="_Martingale_Factor_" varid="dFG(`yq?E.)6W}a)(RMA"></arg>
      <arg name="_Martingale_Level_" varid="bkP(}AuHwicGn;Yl7Bao"></arg>
      <arg name="_Martingale_Start_After_" varid="`VP4}M=AEDZh}Ay(j_w#"></arg>
    </mutation>
    <field name="NAME">Ronin Scalper</field>
    <comment pinned="false" h="80" w="160">Describe this function...</comment>
  </block>
  <block type="procedures_defreturn" id="6hCN,`$$[sv5pnQOwwx*" collapsed="true" x="0" y="999">
    <field name="NAME">Martingale Trade Amount</field>
    <comment pinned="false" h="80" w="160">Describe this function...</comment>
    <statement name="STACK">
      <block type="controls_if" id="XJB[Tl;q~v|r(TzDxw-j">
        <value name="IF0">
          <block type="logic_compare" id="5troB}VP|ur,TCg%s=G]">
            <field name="OP">EQ</field>
            <value name="A">
              <block type="variables_get" id="u/=%$Ovd+i8sG^`v3tbi">
                <field name="VAR" id="A?A_DQ,y}`|=L^A=Z|{K" variabletype="">martingale:expectedProfit</field>
              </block>
            </value>
            <value name="B">
              <block type="logic_null" id="L6*#fF1}X#|F-GCG#X:`"></block>
            </value>
          </block>
        </value>
        <statement name="DO0">
          <block type="variables_set" id="7wo105eg|lu[9{gV]u2z">
            <field name="VAR" id="A?A_DQ,y}`|=L^A=Z|{K" variabletype="">martingale:expectedProfit</field>
            <value name="VALUE">
              <block type="text_prompt_ext" id="GoNiJrmk:il]OX)kEk;S">
                <mutation type="NUMBER"></mutation>
                <field name="TYPE">NUMBER</field>
                <value name="TEXT">
                  <shadow type="text" id=".P`a1!r=yj-[H(SJX}_m">
                    <field name="TEXT">abc</field>
                  </shadow>
                  <block type="text" id="2dGN;Sp_x)ughfr#zkI+">
                    <field name="TEXT">Expected Profit</field>
                  </block>
                </value>
              </block>
            </value>
          </block>
        </statement>
        <next>
          <block type="controls_if" id="q9/@sz+6r~{Tl(e3yrLQ">
            <value name="IF0">
              <block type="logic_compare" id="0D$!-zDeXR|OA|8dY79(">
                <field name="OP">EQ</field>
                <value name="A">
                  <block type="variables_get" id="Bdg|a!*OIo)eMqjjvoN0">
                    <field name="VAR" id="oz@B*sSzxS/UgkyCl2}M" variabletype="">martingale:maximumLoss</field>
                  </block>
                </value>
                <value name="B">
                  <block type="logic_null" id="Fd8)BFH[Sg3!U`zHKPu."></block>
                </value>
              </block>
            </value>
            <statement name="DO0">
              <block type="variables_set" id="ZzKkM[PO(kY;0;^C)r5~">
                <field name="VAR" id="oz@B*sSzxS/UgkyCl2}M" variabletype="">martingale:maximumLoss</field>
                <value name="VALUE">
                  <block type="text_prompt_ext" id="5|rE!;1ac}Ak~rJolm)T">
                    <mutation type="NUMBER"></mutation>
                    <field name="TYPE">NUMBER</field>
                    <value name="TEXT">
                      <shadow type="text" id=".P`a1!r=yj-[H(SJX}_m">
                        <field name="TEXT">abc</field>
                      </shadow>
                      <block type="text" id="gvk#+Emiy3nTwf9QgD-z">
                        <field name="TEXT">Maximum Loss Amount</field>
                      </block>
                    </value>
                  </block>
                </value>
              </block>
            </statement>
            <next>
              <block type="controls_if" id="MthAA:Sli=}T1AQ$y5O,">
                <value name="IF0">
                  <block type="logic_compare" id="4tWFLi!%g|2AK7{6*{J%">
                    <field name="OP">EQ</field>
                    <value name="A">
                      <block type="variables_get" id="T;;24u`!,ElF~kT8J2_/">
                        <field name="VAR" id="_D[8wT51Dcr`rR4oG[QR" variabletype="">martingale:amount</field>
                      </block>
                    </value>
                    <value name="B">
                      <block type="logic_null" id="rHn04=Qfi_2gS9?ZjUsD"></block>
                    </value>
                  </block>
                </value>
                <statement name="DO0">
                  <block type="variables_set" id="~J%RY+S_fx}6)bRi}tR/">
                    <field name="VAR" id="_D[8wT51Dcr`rR4oG[QR" variabletype="">martingale:amount</field>
                    <value name="VALUE">
                      <block type="text_prompt_ext" id="(u)O`HJY4FO1WLo39wS|">
                        <mutation type="NUMBER"></mutation>
                        <field name="TYPE">NUMBER</field>
                        <value name="TEXT">
                          <shadow type="text" id=".P`a1!r=yj-[H(SJX}_m">
                            <field name="TEXT">abc</field>
                          </shadow>
                          <block type="text" id="Rd{e_apE,.qU4cN*Y3Pw">
                            <field name="TEXT">Trade Amount</field>
                          </block>
                        </value>
                      </block>
                    </value>
                  </block>
                </statement>
                <next>
                  <block type="controls_if" id="R^*;,xDoH]Wi~#c0{`T}">
                    <value name="IF0">
                      <block type="logic_compare" id="hw`kpBBtO)x@rWrf_OMc">
                        <field name="OP">EQ</field>
                        <value name="A">
                          <block type="variables_get" id="4|}%N9+d(nA![%;)jkRx">
                            <field name="VAR" id="pb_-#apiEug4Gy]YVf9x" variabletype="">martingale:size</field>
                          </block>
                        </value>
                        <value name="B">
                          <block type="logic_null" id="1[jFr~p9OWHi`;mZO_4e"></block>
                        </value>
                      </block>
                    </value>
                    <statement name="DO0">
                      <block type="variables_set" id="aS0ax^k:(4B7:y@SJv3n">
                        <field name="VAR" id="pb_-#apiEug4Gy]YVf9x" variabletype="">martingale:size</field>
                        <value name="VALUE">
                          <block type="math_number" id="m-$8x~U!`!Mf|q%01c`E">
                            <field name="NUM">1</field>
                          </block>
                        </value>
                      </block>
                    </statement>
                    <next>
                      <block type="controls_if" id="9o^;B/Ztg:Q^^|aPhy5M">
                        <value name="IF0">
                          <block type="logic_compare" id="TUC`W*s%$0wq]{?hIEXa">
                            <field name="OP">EQ</field>
                            <value name="A">
                              <block type="variables_get" id="ggVQ-|Rr#kAIsHHzc,RK">
                                <field name="VAR" id="N$S,9i%#2eNG}R%14NDE" variabletype="">martingale:totalProfit</field>
                              </block>
                            </value>
                            <value name="B">
                              <block type="logic_null" id=":o67Ea6u+Y-EGF2_]/%3"></block>
                            </value>
                          </block>
                        </value>
                        <statement name="DO0">
                          <block type="variables_set" id="TKu{N2TH}EOt.(`KXVtD">
                            <field name="VAR" id="N$S,9i%#2eNG}R%14NDE" variabletype="">martingale:totalProfit</field>
                            <value name="VALUE">
                              <block type="math_number" id="{_1Eo:U,g|j+ooTVLdi+">
                                <field name="NUM">0</field>
                              </block>
                            </value>
                          </block>
                        </statement>
                      </block>
                    </next>
                  </block>
                </next>
              </block>
            </next>
          </block>
        </next>
      </block>
    </statement>
    <value name="RETURN">
      <block type="math_arithmetic" id="HYe4r08`5-DbN=*O4e,g">
        <field name="OP">MULTIPLY</field>
        <value name="A">
          <shadow type="math_number" id="F/^.gR-k|dBg*ZMQ,E?v">
            <field name="NUM">1</field>
          </shadow>
          <block type="variables_get" id="?PR%=`_nD6QXUz0$CZd+">
            <field name="VAR" id="pb_-#apiEug4Gy]YVf9x" variabletype="">martingale:size</field>
          </block>
        </value>
        <value name="B">
          <shadow type="math_number" id="v*eC4j=U!K8B76C5kQ*U">
            <field name="NUM">1</field>
          </shadow>
          <block type="variables_get" id="jjM*IGVsf9v6gFN~:=N-">
            <field name="VAR" id="_D[8wT51Dcr`rR4oG[QR" variabletype="">martingale:amount</field>
          </block>
        </value>
      </block>
    </value>
  </block>
  <block type="before_purchase" id="tOc)]Xd=cAm0aiy+-8(8" collapsed="true" x="0" y="1052">
    <statement name="BEFOREPURCHASE_STACK">
      <block type="notify" id=";cqg*d%aFE%!`1$G__K:">
        <field name="NOTIFICATION_TYPE">success</field>
        <field name="NOTIFICATION_SOUND">silent</field>
        <value name="MESSAGE">
          <shadow type="text" id="?1@B7?^1IW8j=OK`{hmA">
            <field name="TEXT">abc</field>
          </shadow>
          <block type="text_join" id="MSQUEYng9fd5#8]_QAo`">
            <mutation items="2"></mutation>
            <value name="ADD0">
              <block type="last_digit" id="eINc|4k:nOFYAzciWE{Z"></block>
            </value>
            <value name="ADD1">
              <block type="text" id="k-3nLd$IR[s1ic;H3Q(:">
                <field name="TEXT">                                   ULTIMO DIGITO V 100 . .</field>
              </block>
            </value>
          </block>
        </value>
        <next>
          <block type="controls_if" id="ae){M}1n)9821?237{tK">
            <value name="IF0">
              <block type="logic_compare" id="az[~+gXZ$HhiFN|dNy[#">
                <field name="OP">LTE</field>
                <value name="A">
                  <block type="variables_get" id="L),~Cuht8`6*Bp,.@L_7">
                    <field name="VAR" id=",agK|O2Drdh/!f8GWV!8" variabletype="">C</field>
                  </block>
                </value>
                <value name="B">
                  <block type="math_number" id="o_%@uxvm759C|.:v|D`q">
                    <field name="NUM">3</field>
                  </block>
                </value>
              </block>
            </value>
            <statement name="DO0">
              <block type="controls_if" id="eBC7H),.2b*y89*/y3h5">
                <mutation else="1"></mutation>
                <value name="IF0">
                  <block type="logic_compare" id="^vfr,TH|$Wh8~dyi[|qL">
                    <field name="OP">GT</field>
                    <value name="A">
                      <block type="last_digit" id="#7j^9LQ5S!pB29H0h:sc"></block>
                    </value>
                    <value name="B">
                      <block type="math_number" id="(:_)BHTKM{(M:Bzvm`vx">
                        <field name="NUM">5</field>
                      </block>
                    </value>
                  </block>
                </value>
                <statement name="DO0">
                  <block type="variables_set" id="BG[8Gve4}%}F#+*hd@,w">
                    <field name="VAR" id="`dqvS*5(IVSH@j#JfaT+" variabletype="">x</field>
                    <value name="VALUE">
                      <block type="math_arithmetic" id="tFHs]-|7H}9/`]=FQ?6*">
                        <field name="OP">ADD</field>
                        <value name="A">
                          <shadow type="math_number" id="]3MJJ[[sl,W#PaXrn-Aw">
                            <field name="NUM">1</field>
                          </shadow>
                          <block type="variables_get" id=":6!*C:Dj#A]_l{DDd%M]">
                            <field name="VAR" id="`dqvS*5(IVSH@j#JfaT+" variabletype="">x</field>
                          </block>
                        </value>
                        <value name="B">
                          <shadow type="math_number" id="gvCHSiyey0qVBS_g_]9B">
                            <field name="NUM">1</field>
                          </shadow>
                        </value>
                      </block>
                    </value>
                  </block>
                </statement>
                <statement name="ELSE">
                  <block type="variables_set" id="5Ik`ypdd`13F_6fofQ/o">
                    <field name="VAR" id="`dqvS*5(IVSH@j#JfaT+" variabletype="">x</field>
                    <value name="VALUE">
                      <block type="math_number" id="ly,3Uk`HrHzY-D9c4-^:">
                        <field name="NUM">0</field>
                      </block>
                    </value>
                  </block>
                </statement>
                <next>
                  <block type="notify" id="V%fb-sTb.YJOHwsqUbW)">
                    <field name="NOTIFICATION_TYPE">error</field>
                    <field name="NOTIFICATION_SOUND">silent</field>
                    <value name="MESSAGE">
                      <shadow type="text" id="?1@B7?^1IW8j=OK`{hmA">
                        <field name="TEXT">abc</field>
                      </shadow>
                      <block type="text_join" id="YZc/|mW70MkTlL_[J-?b">
                        <mutation items="2"></mutation>
                        <value name="ADD0">
                          <block type="variables_get" id="+7[jW#3FKv2SS95=1J6d">
                            <field name="VAR" id="`dqvS*5(IVSH@j#JfaT+" variabletype="">x</field>
                          </block>
                        </value>
                        <value name="ADD1">
                          <block type="text" id="L.o=@ZM[wQiZk7@18Ltg">
                            <field name="TEXT">                QUANDO APARECER  DIGITOS  ALTOS &gt; ENTRADA UNDER 4 . </field>
                          </block>
                        </value>
                      </block>
                    </value>
                    <next>
                      <block type="controls_if" id="fY2MB*}pGQ6Zlpo)1*-a">
                        <value name="IF0">
                          <block type="logic_compare" id="g)4nR6d%Andpy2i@nRd*">
                            <field name="OP">EQ</field>
                            <value name="A">
                              <block type="variables_get" id="d-Q9n]{SE@*N?daXjXxn">
                                <field name="VAR" id="`dqvS*5(IVSH@j#JfaT+" variabletype="">x</field>
                              </block>
                            </value>
                            <value name="B">
                              <block type="math_number" id="([2*9?6@QY0N@u/vTjWT">
                                <field name="NUM">1</field>
                              </block>
                            </value>
                          </block>
                        </value>
                        <statement name="DO0">
                          <block type="purchase" id="tvsT0@d]:Kfw-]zY1kM;">
                            <field name="PURCHASE_LIST">DIGITUNDER</field>
                          </block>
                        </statement>
                      </block>
                    </next>
                  </block>
                </next>
              </block>
            </statement>
            <next>
              <block type="controls_if" id="bj+k0iVuX|$;8RR])khv">
                <value name="IF0">
                  <block type="logic_compare" id="ny;[x?HJJJJW[6nS/exk">
                    <field name="OP">GTE</field>
                    <value name="A">
                      <block type="variables_get" id="hLS9{t~n4[V8-i3Pw50c">
                        <field name="VAR" id=",agK|O2Drdh/!f8GWV!8" variabletype="">C</field>
                      </block>
                    </value>
                    <value name="B">
                      <block type="math_number" id="AD@qhG3-x?*aW[i_]6UJ">
                        <field name="NUM">4</field>
                      </block>
                    </value>
                  </block>
                </value>
                <statement name="DO0">
                  <block type="controls_if" id="(~1KC3BoD2oeQ//wg?*h">
                    <mutation else="1"></mutation>
                    <value name="IF0">
                      <block type="logic_compare" id="W!vEqex)$T|5BZ;m0b`]">
                        <field name="OP">GT</field>
                        <value name="A">
                          <block type="last_digit" id="W2Bqi+{c]g~r]u9h7$C2"></block>
                        </value>
                        <value name="B">
                          <block type="math_number" id="*ChnLCF/G$HXC`V0lz7b">
                            <field name="NUM">5</field>
                          </block>
                        </value>
                      </block>
                    </value>
                    <statement name="DO0">
                      <block type="variables_set" id="Z!XXdm,f]!JVG@u_)|0M">
                        <field name="VAR" id="`dqvS*5(IVSH@j#JfaT+" variabletype="">x</field>
                        <value name="VALUE">
                          <block type="math_arithmetic" id="Z6A!vVtL,S?_E`(7}84U">
                            <field name="OP">ADD</field>
                            <value name="A">
                              <shadow type="math_number" id="]3MJJ[[sl,W#PaXrn-Aw">
                                <field name="NUM">1</field>
                              </shadow>
                              <block type="variables_get" id="?0}_w@;1FHn1|Z$UKu]m">
                                <field name="VAR" id="`dqvS*5(IVSH@j#JfaT+" variabletype="">x</field>
                              </block>
                            </value>
                            <value name="B">
                              <shadow type="math_number" id="7hzuzkhxYc7)9@2InL4I">
                                <field name="NUM">1</field>
                              </shadow>
                            </value>
                          </block>
                        </value>
                      </block>
                    </statement>
                    <statement name="ELSE">
                      <block type="variables_set" id="3]{s7k4.CPvK}GfdiB@a">
                        <field name="VAR" id="`dqvS*5(IVSH@j#JfaT+" variabletype="">x</field>
                        <value name="VALUE">
                          <block type="math_number" id="2HM,}TS.p*BL!F8/OEY+">
                            <field name="NUM">0</field>
                          </block>
                        </value>
                      </block>
                    </statement>
                    <next>
                      <block type="notify" id="Hsm#FVr@W8S`2,B6OHpv">
                        <field name="NOTIFICATION_TYPE">error</field>
                        <field name="NOTIFICATION_SOUND">silent</field>
                        <value name="MESSAGE">
                          <shadow type="text" id="?1@B7?^1IW8j=OK`{hmA">
                            <field name="TEXT">abc</field>
                          </shadow>
                          <block type="text_join" id="Xd*acq`2$i;1;FCj%GNk">
                            <mutation items="2"></mutation>
                            <value name="ADD0">
                              <block type="variables_get" id="!/BuM-0H/-qBc}w??5(H">
                                <field name="VAR" id="`dqvS*5(IVSH@j#JfaT+" variabletype="">x</field>
                              </block>
                            </value>
                            <value name="ADD1">
                              <block type="text" id="FK,pCXY(T?rrdzib6-pD">
                                <field name="TEXT">                QUANDO APARECER DIGITOS  ALTOS &gt; ENTRADA OVER 5,</field>
                              </block>
                            </value>
                          </block>
                        </value>
                        <next>
                          <block type="controls_if" id="1c(5!g[Id`1)zlQv{lbk">
                            <value name="IF0">
                              <block type="logic_compare" id="=^q/]7yuU{_~2r4I]%W}">
                                <field name="OP">EQ</field>
                                <value name="A">
                                  <block type="variables_get" id="3Z(+f:BnT*jAAlc4z^]%">
                                    <field name="VAR" id="`dqvS*5(IVSH@j#JfaT+" variabletype="">x</field>
                                  </block>
                                </value>
                                <value name="B">
                                  <block type="math_number" id="-e=yL9vmi|h7@C`Bh5-%">
                                    <field name="NUM">1</field>
                                  </block>
                                </value>
                              </block>
                            </value>
                            <statement name="DO0">
                              <block type="purchase" id=":Xz7@Pe1-9*@j?ri9CEZ">
                                <field name="PURCHASE_LIST">DIGITOVER</field>
                              </block>
                            </statement>
                          </block>
                        </next>
                      </block>
                    </next>
                  </block>
                </statement>
              </block>
            </next>
          </block>
        </next>
      </block>
    </statement>
  </block>
  <block type="procedures_defreturn" id=";r~v!/2t=aEGwfsdE$$M" collapsed="true" x="0" y="1105">
    <mutation>
      <arg name="martingale:profit" varid="r.2Q!hhj8jnLJK=j/}^V"></arg>
      <arg name="martingale:resultIsWin" varid="$%6i;8nBH2522Zc/3c(a"></arg>
    </mutation>
    <field name="NAME">Martingale Trade Again After Purchase</field>
    <comment pinned="false" h="80" w="160">Describe this function...</comment>
    <statement name="STACK">
      <block type="math_change" id="6t0WO1382xV)sXCM4dYk">
        <field name="VAR" id="N$S,9i%#2eNG}R%14NDE" variabletype="">martingale:totalProfit</field>
        <value name="DELTA">
          <shadow type="math_number" id="[)Nh?MH}TXeN]0n(Q?PP">
            <field name="NUM">1</field>
          </shadow>
          <block type="variables_get" id="K(9SmUlqJVGExrv0-j(!">
            <field name="VAR" id="r.2Q!hhj8jnLJK=j/}^V" variabletype="">martingale:profit</field>
          </block>
        </value>
        <next>
          <block type="variables_set" id="~VOGXS@s*oJ#r9e46LR@">
            <field name="VAR" id="N$S,9i%#2eNG}R%14NDE" variabletype="">martingale:totalProfit</field>
            <value name="VALUE">
              <block type="math_arithmetic" id="iBM%lg$*qA5LETfKJQ0Q">
                <field name="OP">DIVIDE</field>
                <value name="A">
                  <shadow type="math_number" id="Y445k*N9Y{3k^0nU:f/a">
                    <field name="NUM">1</field>
                  </shadow>
                  <block type="math_round" id="X?hHAUZf%%Sd81XdS%6*">
                    <field name="OP">ROUND</field>
                    <value name="NUM">
                      <shadow type="math_number" id="NxI4W6P)%aS~YX^5:fm(">
                        <field name="NUM">3.1</field>
                      </shadow>
                      <block type="math_arithmetic" id="r]Y@*6-^[4f%J1zh0)%5">
                        <field name="OP">MULTIPLY</field>
                        <value name="A">
                          <shadow type="math_number" id="1IiDMd{pA4I8#Jv5:v)F">
                            <field name="NUM">1</field>
                          </shadow>
                          <block type="variables_get" id="+K=$3qsN2I/%wWz)3@*5">
                            <field name="VAR" id="N$S,9i%#2eNG}R%14NDE" variabletype="">martingale:totalProfit</field>
                          </block>
                        </value>
                        <value name="B">
                          <shadow type="math_number" id="QPp6Ex`FL}B)uWsSrQ*o">
                            <field name="NUM">1</field>
                          </shadow>
                          <block type="math_number" id="7eDQrUoD)rkKvzbe7zn8">
                            <field name="NUM">100</field>
                          </block>
                        </value>
                      </block>
                    </value>
                  </block>
                </value>
                <value name="B">
                  <shadow type="math_number" id=";(PBMt(9fPe84P0`MRRO">
                    <field name="NUM">1</field>
                  </shadow>
                  <block type="math_number" id="L3DfhCn5QlBzaiMZ,tIt">
                    <field name="NUM">100</field>
                  </block>
                </value>
              </block>
            </value>
            <next>
              <block type="controls_if" id="U`M+=lQhlW$Vtw:#$-_7">
                <mutation else="1"></mutation>
                <value name="IF0">
                  <block type="variables_get" id="+m0+fCchL_q3oJzva]K9">
                    <field name="VAR" id="$%6i;8nBH2522Zc/3c(a" variabletype="">martingale:resultIsWin</field>
                  </block>
                </value>
                <statement name="DO0">
                  <block type="notify" id="i`D)Pm3?vdFTxKM[9s=O">
                    <field name="NOTIFICATION_TYPE">success</field>
                    <field name="NOTIFICATION_SOUND">silent</field>
                    <value name="MESSAGE">
                      <block type="text_join" id="OqP7+)F$x5TIp}+SYPm8">
                        <mutation items="2"></mutation>
                        <value name="ADD0">
                          <block type="text" id="]*4c]w9*6_(M]@uSaPh1">
                            <field name="TEXT">Won:</field>
                          </block>
                        </value>
                        <value name="ADD1">
                          <block type="variables_get" id="{WP8pyVZ]/*,$6ap9v|s">
                            <field name="VAR" id="r.2Q!hhj8jnLJK=j/}^V" variabletype="">martingale:profit</field>
                          </block>
                        </value>
                      </block>
                    </value>
                  </block>
                </statement>
                <statement name="ELSE">
                  <block type="notify" id="ye9X82WYu~S93S/.{(+Q">
                    <field name="NOTIFICATION_TYPE">warn</field>
                    <field name="NOTIFICATION_SOUND">silent</field>
                    <value name="MESSAGE">
                      <block type="text_join" id="bxCD!8IgPh$AGuiC+*w{">
                        <mutation items="2"></mutation>
                        <value name="ADD0">
                          <block type="text" id="9u#KtA1rtT);x1~{BHNr">
                            <field name="TEXT">Lost: </field>
                          </block>
                        </value>
                        <value name="ADD1">
                          <block type="math_single" id="S=4FcK^*W9(2?=gP=U:g">
                            <field name="OP">ABS</field>
                            <value name="NUM">
                              <shadow type="math_number" id="GleSn`9j7Cm7/dqg}FIA">
                                <field name="NUM">9</field>
                              </shadow>
                              <block type="variables_get" id="9y/EwK@#t#4A0t+z$d[[">
                                <field name="VAR" id="r.2Q!hhj8jnLJK=j/}^V" variabletype="">martingale:profit</field>
                              </block>
                            </value>
                          </block>
                        </value>
                      </block>
                    </value>
                  </block>
                </statement>
                <next>
                  <block type="procedures_callnoreturn" id="$X7!IcU4`}LnR2Q,kct#">
                    <mutation name="Martingale Core Functionality">
                      <arg name="martingale:resultIsWin"></arg>
                    </mutation>
                    <value name="ARG0">
                      <block type="variables_get" id="PNEA0SE4bc_I4@JO%6RD">
                        <field name="VAR" id="$%6i;8nBH2522Zc/3c(a" variabletype="">martingale:resultIsWin</field>
                      </block>
                    </value>
                    <next>
                      <block type="notify" id="6:r=Sa!2j-7E$wLp^OC0">
                        <field name="NOTIFICATION_TYPE">info</field>
                        <field name="NOTIFICATION_SOUND">silent</field>
                        <value name="MESSAGE">
                          <block type="text_join" id="FyK]`:L+|,{5mg0B;aWP">
                            <mutation items="2"></mutation>
                            <value name="ADD0">
                              <block type="text" id="l1h@m!R%#HM%O40[~o[D">
                                <field name="TEXT">Total Profit: </field>
                              </block>
                            </value>
                            <value name="ADD1">
                              <block type="variables_get" id="Lf^SYcL4(#(/K3cul+J!">
                                <field name="VAR" id="N$S,9i%#2eNG}R%14NDE" variabletype="">martingale:totalProfit</field>
                              </block>
                            </value>
                          </block>
                        </value>
                        <next>
                          <block type="variables_set" id="Ud;rabEomt2jU_AA4/~=">
                            <field name="VAR" id="o_sg1T](RO35Z`nqvwj6" variabletype="">martingale:tradeAgain</field>
                            <value name="VALUE">
                              <block type="logic_boolean" id="KsUl|Oc,NLl}K9V_(*nY">
                                <field name="BOOL">FALSE</field>
                              </block>
                            </value>
                            <next>
                              <block type="controls_if" id="#~aqEVE2K~KVquGI7k1o">
                                <mutation else="1"></mutation>
                                <value name="IF0">
                                  <block type="logic_compare" id="ZTcXaY~-wnl43.x}2L?T">
                                    <field name="OP">LT</field>
                                    <value name="A">
                                      <block type="variables_get" id="VURWbMyf8o5rMs2%Y+?2">
                                        <field name="VAR" id="N$S,9i%#2eNG}R%14NDE" variabletype="">martingale:totalProfit</field>
                                      </block>
                                    </value>
                                    <value name="B">
                                      <block type="variables_get" id="H|+#@aoIwguX++u*KsT8">
                                        <field name="VAR" id="A?A_DQ,y}`|=L^A=Z|{K" variabletype="">martingale:expectedProfit</field>
                                      </block>
                                    </value>
                                  </block>
                                </value>
                                <statement name="DO0">
                                  <block type="controls_if" id="jvuwVwMh*GVpk^)hn658">
                                    <mutation else="1"></mutation>
                                    <value name="IF0">
                                      <block type="logic_compare" id="j.MUuyQkH|bhZ2EZOe~2">
                                        <field name="OP">GT</field>
                                        <value name="A">
                                          <block type="variables_get" id="s,J9GtINkI?zgVY``MIl">
                                            <field name="VAR" id="N$S,9i%#2eNG}R%14NDE" variabletype="">martingale:totalProfit</field>
                                          </block>
                                        </value>
                                        <value name="B">
                                          <block type="math_single" id="kaJ0mOpV7/6=f.;WEraA">
                                            <field name="OP">NEG</field>
                                            <value name="NUM">
                                              <shadow type="math_number" id="#4N:bIe?FzTA#rOZjMqo">
                                                <field name="NUM">9</field>
                                              </shadow>
                                              <block type="variables_get" id="5)SuBOJsYI-7[5j;ddAA">
                                                <field name="VAR" id="oz@B*sSzxS/UgkyCl2}M" variabletype="">martingale:maximumLoss</field>
                                              </block>
                                            </value>
                                          </block>
                                        </value>
                                      </block>
                                    </value>
                                    <statement name="DO0">
                                      <block type="variables_set" id="V|w%,]jxocOGr|yMFA~v">
                                        <field name="VAR" id="o_sg1T](RO35Z`nqvwj6" variabletype="">martingale:tradeAgain</field>
                                        <value name="VALUE">
                                          <block type="logic_boolean" id="Th3I6`wGJ+D0U[*jIicV">
                                            <field name="BOOL">TRUE</field>
                                          </block>
                                        </value>
                                      </block>
                                    </statement>
                                    <statement name="ELSE">
                                      <block type="text_print" id="M`HP~{i%yfOfHkmQ0K-9">
                                        <value name="TEXT">
                                          <shadow type="text" id="kqlrIk.GO.^}hI,PoUV)">
                                            <field name="TEXT">abc</field>
                                          </shadow>
                                          <block type="text_join" id="OH!(W(We_hmtad/XY}Q/">
                                            <mutation items="2"></mutation>
                                            <value name="ADD0">
                                              <block type="text" id="rikmhRNwO.,dR(Pg:f1H">
                                                <field name="TEXT">Maximum Loss Occurred! Total Loss: </field>
                                              </block>
                                            </value>
                                            <value name="ADD1">
                                              <block type="math_single" id="O@Y$rDHXv(%*/1iZfZ]w">
                                                <field name="OP">NEG</field>
                                                <value name="NUM">
                                                  <shadow type="math_number" id="pi;;Fh3#fMUD2s`W_UJZ">
                                                    <field name="NUM">9</field>
                                                  </shadow>
                                                  <block type="variables_get" id="_?AD1a%x-!nh`#8,*.g-">
                                                    <field name="VAR" id="N$S,9i%#2eNG}R%14NDE" variabletype="">martingale:totalProfit</field>
                                                  </block>
                                                </value>
                                              </block>
                                            </value>
                                          </block>
                                        </value>
                                      </block>
                                    </statement>
                                  </block>
                                </statement>
                                <statement name="ELSE">
                                  <block type="notify" id="zFZP`_9m~sSh]_p?,XWA">
                                    <field name="NOTIFICATION_TYPE">success</field>
                                    <field name="NOTIFICATION_SOUND">silent</field>
                                    <value name="MESSAGE">
                                      <block type="text_join" id="+sp]Df3irvw^NgU##AY,">
                                        <mutation items="2"></mutation>
                                        <value name="ADD0">
                                          <block type="text" id="ojQ_1!s|OUgo1K;5zW[o">
                                            <field name="TEXT">Expected Profit Made! Total Profit: </field>
                                          </block>
                                        </value>
                                        <value name="ADD1">
                                          <block type="variables_get" id="P[4krk)9E,)=epr`HBH1">
                                            <field name="VAR" id="N$S,9i%#2eNG}R%14NDE" variabletype="">martingale:totalProfit</field>
                                          </block>
                                        </value>
                                      </block>
                                    </value>
                                    <next>
                                      <block type="variables_set" id="YKZcK}XC_ZW85+8llaBl">
                                        <field name="VAR" id="N$S,9i%#2eNG}R%14NDE" variabletype="">martingale:totalProfit</field>
                                        <value name="VALUE">
                                          <block type="math_number" id="f/xqlE:(!gq8)p/^fyXh">
                                            <field name="NUM">0</field>
                                          </block>
                                        </value>
                                        <next>
                                          <block type="variables_set" id="p0aQyb-Cr6.V@o*{ZQFy">
                                            <field name="VAR" id="o_sg1T](RO35Z`nqvwj6" variabletype="">martingale:tradeAgain</field>
                                            <value name="VALUE">
                                              <block type="logic_boolean" id="b}ge0:EL[K8**dqzcbc#">
                                                <field name="BOOL">TRUE</field>
                                              </block>
                                            </value>
                                          </block>
                                        </next>
                                      </block>
                                    </next>
                                  </block>
                                </statement>
                              </block>
                            </next>
                          </block>
                        </next>
                      </block>
                    </next>
                  </block>
                </next>
              </block>
            </next>
          </block>
        </next>
      </block>
    </statement>
    <value name="RETURN">
      <block type="variables_get" id="dPwb7dIvc#NG|eeB3cTf">
        <field name="VAR" id="o_sg1T](RO35Z`nqvwj6" variabletype="">martingale:tradeAgain</field>
      </block>
    </value>
  </block>
  <block type="procedures_defnoreturn" id="[/U8@ifIx;M+*meRn#W_" collapsed="true" x="0" y="1158">
    <mutation>
      <arg name="martingale:resultIsWin" varid="$%6i;8nBH2522Zc/3c(a"></arg>
    </mutation>
    <field name="NAME">Martingale Core Functionality</field>
    <comment pinned="false" h="80" w="160">Describe this function...</comment>
    <statement name="STACK">
      <block type="controls_if" id="}|55iNf@OJKG*}c/Q(n:">
        <mutation else="1"></mutation>
        <value name="IF0">
          <block type="variables_get" id="+KJ1a|V}ed6BlaL)cz-K">
            <field name="VAR" id="$%6i;8nBH2522Zc/3c(a" variabletype="">martingale:resultIsWin</field>
          </block>
        </value>
        <statement name="DO0">
          <block type="variables_set" id="u`6vm7puzL:M$ZXRQ**S">
            <field name="VAR" id="pb_-#apiEug4Gy]YVf9x" variabletype="">martingale:size</field>
            <value name="VALUE">
              <block type="math_number" id="1v`Cdf%}.MWAvnI?s9nJ">
                <field name="NUM">1</field>
              </block>
            </value>
          </block>
        </statement>
        <statement name="ELSE">
          <block type="variables_set" id="M1[jI01cUq;fD(~|[Gg%">
            <field name="VAR" id="pb_-#apiEug4Gy]YVf9x" variabletype="">martingale:size</field>
            <value name="VALUE">
              <block type="math_arithmetic" id="9X0owEiS`LybcLn0qrfc">
                <field name="OP">MULTIPLY</field>
                <value name="A">
                  <shadow type="math_number" id="QujpfOq.d^A8_SMe`uvh">
                    <field name="NUM">1</field>
                  </shadow>
                  <block type="variables_get" id="HK`MRDB$(NDK}?4Au[{O">
                    <field name="VAR" id="pb_-#apiEug4Gy]YVf9x" variabletype="">martingale:size</field>
                  </block>
                </value>
                <value name="B">
                  <shadow type="math_number" id="%6%m1;%94AYq9a7`g[u!">
                    <field name="NUM">1</field>
                  </shadow>
                  <block type="math_number" id="?m4j.6L6eAYY;voSoWm~">
                    <field name="NUM">11</field>
                  </block>
                </value>
              </block>
            </value>
          </block>
        </statement>
      </block>
    </statement>
  </block>
  <block type="after_purchase" id="T#jjij@@%WP:jkv)7w^`" collapsed="true" x="0" y="1211">
    <statement name="AFTERPURCHASE_STACK">
      <block type="variables_set" id="pFt?q{iZ0qkP7z6)}3@J">
        <field name="VAR" id="`dqvS*5(IVSH@j#JfaT+" variabletype="">x</field>
        <value name="VALUE">
          <block type="math_number" id="x/#~CELQ66Z2FyhKhi4~">
            <field name="NUM">0</field>
          </block>
        </value>
        <next>
          <block type="variables_set" id="zahD_z7!qB(?8VR5YYh0">
            <field name="VAR" id=",agK|O2Drdh/!f8GWV!8" variabletype="">C</field>
            <value name="VALUE">
              <block type="math_arithmetic" id="P*y5?!$]{]T$WH3~k3^G">
                <field name="OP">ADD</field>
                <value name="A">
                  <shadow type="math_number" id="ecP2;?$+]P=T:O1b7Q]k">
                    <field name="NUM">1</field>
                  </shadow>
                  <block type="variables_get" id="l%bX8[$B%@}oxj(qy#d{">
                    <field name="VAR" id=",agK|O2Drdh/!f8GWV!8" variabletype="">C</field>
                  </block>
                </value>
                <value name="B">
                  <shadow type="math_number" id="[+6Px4oXNZo=q^AvMbum">
                    <field name="NUM">1</field>
                  </shadow>
                </value>
              </block>
            </value>
            <next>
              <block type="controls_if" id="izX/V2P5j/h|x_7]_4yK">
                <value name="IF0">
                  <block type="logic_compare" id="n41iag!zS[14v3jDote:">
                    <field name="OP">EQ</field>
                    <value name="A">
                      <block type="variables_get" id="YO=,DB-cTMv~,MpxBHa%">
                        <field name="VAR" id=",agK|O2Drdh/!f8GWV!8" variabletype="">C</field>
                      </block>
                    </value>
                    <value name="B">
                      <block type="math_number" id="{jt5|DNkhs1heTNWyj5w">
                        <field name="NUM">8</field>
                      </block>
                    </value>
                  </block>
                </value>
                <statement name="DO0">
                  <block type="variables_set" id="z@gS/0O@qrf1@%!5s^L0">
                    <field name="VAR" id=",agK|O2Drdh/!f8GWV!8" variabletype="">C</field>
                    <value name="VALUE">
                      <block type="math_number" id="z3hT4|nCcW0wp2r=IKNr">
                        <field name="NUM">0</field>
                      </block>
                    </value>
                  </block>
                </statement>
                <next>
                  <block type="controls_if" id="~|8S~0?|h^]x3eWMJ{!F">
                    <mutation else="1"></mutation>
                    <value name="IF0">
                      <block type="contract_check_result" id="}#-{zUB_dl|UqO.K0L5v">
                        <field name="CHECK_RESULT">win</field>
                      </block>
                    </value>
                    <statement name="DO0">
                      <block type="notify" id=")JAAN+Yd#CG0r(0w!=E-">
                        <field name="NOTIFICATION_TYPE">success</field>
                        <field name="NOTIFICATION_SOUND">silent</field>
                        <value name="MESSAGE">
                          <block type="text_join" id="..NpcSUt2So^%CPDZg3*">
                            <mutation items="2"></mutation>
                            <value name="ADD0">
                              <block type="text" id="1oGv-]g-Dke^oNQ0%Fyg">
                                <field name="TEXT">Won:</field>
                              </block>
                            </value>
                            <value name="ADD1">
                              <block type="read_details" id="W=%q]LK57e!mj}e]Qw(M">
                                <field name="DETAIL_INDEX">4</field>
                              </block>
                            </value>
                          </block>
                        </value>
                        <next>
                          <block type="variables_set" id="wZ`CH5?P*hY@(Qi=^ok]">
                            <field name="VAR" id="9_{jy1N3jEaGKsL:24!k" variabletype="">Initial Amount</field>
                            <value name="VALUE">
                              <block type="variables_get" id="@rtO;!BrmnU;r9J,t}Tq">
                                <field name="VAR" id="[H[OACZbF|=5[PPk_6RR" variabletype="">z</field>
                              </block>
                            </value>
                          </block>
                        </next>
                      </block>
                    </statement>
                    <statement name="ELSE">
                      <block type="notify" id="3L1wMZXSQM.!t-zXJ@~I">
                        <field name="NOTIFICATION_TYPE">warn</field>
                        <field name="NOTIFICATION_SOUND">silent</field>
                        <value name="MESSAGE">
                          <block type="text_join" id="6%#7ZKiEnS$QP@Gkz};0">
                            <mutation items="2"></mutation>
                            <value name="ADD0">
                              <block type="text" id="}FiqKWh:N-UC!753TI$M">
                                <field name="TEXT">Lost: </field>
                              </block>
                            </value>
                            <value name="ADD1">
                              <block type="math_single" id="fWvI5EgE`VjEwH8[thnj">
                                <field name="OP">ABS</field>
                                <value name="NUM">
                                  <shadow type="math_number" id="GleSn`9j7Cm7/dqg}FIA">
                                    <field name="NUM">9</field>
                                  </shadow>
                                  <block type="read_details" id="9{S+bkQG72~8b8(T*][.">
                                    <field name="DETAIL_INDEX">4</field>
                                  </block>
                                </value>
                              </block>
                            </value>
                          </block>
                        </value>
                        <next>
                          <block type="math_change" id="?|A/yr]?+_Lcmssx1gKS">
                            <field name="VAR" id="9_{jy1N3jEaGKsL:24!k" variabletype="">Initial Amount</field>
                            <value name="DELTA">
                              <shadow type="math_number" id="4~#Q91%):o~dwvpv#_s~">
                                <field name="NUM">1</field>
                              </shadow>
                              <block type="math_arithmetic" id="rrxXK,~oFU=l{f+zu{Y@">
                                <field name="OP">MULTIPLY</field>
                                <value name="A">
                                  <shadow type="math_number" id="|bq8P;2}:2ewomDi8[Px">
                                    <field name="NUM">1</field>
                                  </shadow>
                                  <block type="math_single" id="MS,,K|uWaJZQmNqd):/S">
                                    <field name="OP">ABS</field>
                                    <value name="NUM">
                                      <shadow type="math_number" id="k5}T?{KxAzhO.Cnn_6!q">
                                        <field name="NUM">9</field>
                                      </shadow>
                                      <block type="read_details" id="dF`-Ze@:mLg5{maBs*2i">
                                        <field name="DETAIL_INDEX">4</field>
                                      </block>
                                    </value>
                                  </block>
                                </value>
                                <value name="B">
                                  <shadow type="math_number" id="ioTt(uT;S`;rMg;qcKtf">
                                    <field name="NUM">1.2</field>
                                  </shadow>
                                  <block type="variables_get" id="Uy-^YEa.I@-6Ey.BKSzS">
                                    <field name="VAR" id="/X#X3*COFMu|`xZpgOXc" variabletype="">Factor Martin</field>
                                  </block>
                                </value>
                              </block>
                            </value>
                          </block>
                        </next>
                      </block>
                    </statement>
                    <next>
                      <block type="notify" id="t$Yz8Fg%,)?YH5Mw1yOu">
                        <field name="NOTIFICATION_TYPE">info</field>
                        <field name="NOTIFICATION_SOUND">silent</field>
                        <value name="MESSAGE">
                          <block type="text_join" id="WeXDtLL$zjBl_}aqnt9y">
                            <mutation items="2"></mutation>
                            <value name="ADD0">
                              <block type="text" id=")e9Wo:KHSKJG@h]aZcUu">
                                <field name="TEXT">Total Profit: </field>
                              </block>
                            </value>
                            <value name="ADD1">
                              <block type="total_profit" id="olz#@?@eBkw2I[Vz4@j:"></block>
                            </value>
                          </block>
                        </value>
                        <next>
                          <block type="controls_if" id="$x(4LihFPa%MM]eY[mu:">
                            <mutation else="1"></mutation>
                            <value name="IF0">
                              <block type="logic_compare" id="o.Dj(NuB;DDeVhdi4y,S">
                                <field name="OP">LT</field>
                                <value name="A">
                                  <block type="total_profit" id=",W/kSErSGYQWoYRM)1hz"></block>
                                </value>
                                <value name="B">
                                  <block type="variables_get" id="A!OF7dj+i}]8td%OGh8#">
                                    <field name="VAR" id="@rdB_ya-^5Re#ER`2z+%" variabletype="">Expected Profit</field>
                                  </block>
                                </value>
                              </block>
                            </value>
                            <statement name="DO0">
                              <block type="controls_if" id="B8JJ.H~Qru;m5!/!|Rv#">
                                <mutation else="1"></mutation>
                                <value name="IF0">
                                  <block type="logic_operation" id="(o7)Kborfm**hCLnHwf!">
                                    <field name="OP">AND</field>
                                    <value name="A">
                                      <block type="math_number_property" id="9S4u}RayLmSLZ.|7JlYK">
                                        <mutation divisor_input="false"></mutation>
                                        <field name="PROPERTY">NEGATIVE</field>
                                        <value name="NUMBER_TO_CHECK">
                                          <shadow type="math_number" id="2TJ^lPjT8MrR^:6Ghug=">
                                            <field name="NUM">0</field>
                                          </shadow>
                                          <block type="total_profit" id=":]o!g/%J50R;n^2{lEWQ"></block>
                                        </value>
                                      </block>
                                    </value>
                                    <value name="B">
                                      <block type="logic_compare" id="`JAohc];x#o|?p;k4]V?">
                                        <field name="OP">GTE</field>
                                        <value name="A">
                                          <block type="math_single" id="NTrn*~#3k(,}~H:LRyMS">
                                            <field name="OP">ABS</field>
                                            <value name="NUM">
                                              <shadow type="math_number" id="(rCiW:kP-Kx+n[/lS.n{">
                                                <field name="NUM">9</field>
                                              </shadow>
                                              <block type="total_profit" id="?~jIYU|FdsVqZ3tRMl$["></block>
                                            </value>
                                          </block>
                                        </value>
                                        <value name="B">
                                          <block type="variables_get" id="9S_fAfJxIaf(}IN.+wes">
                                            <field name="VAR" id="3$C;-*5)yX8ncMi24^HT" variabletype="">Stop Loss</field>
                                          </block>
                                        </value>
                                      </block>
                                    </value>
                                  </block>
                                </value>
                                <statement name="DO0">
                                  <block type="text_print" id="S-KzKlG8M.a0K9!@[2J=">
                                    <value name="TEXT">
                                      <shadow type="text" id="QU-FVNO);$4`(@Dn.eZU">
                                        <field name="TEXT">🛑Ooops! You Have Incurred the Maximum Loss Amount💰.</field>
                                      </shadow>
                                    </value>
                                  </block>
                                </statement>
                                <statement name="ELSE">
                                  <block type="trade_again" id="bOMF|M^8e.m`]W^o?E6p"></block>
                                </statement>
                              </block>
                            </statement>
                            <statement name="ELSE">
                              <block type="text_print" id="bO.3Gs5xQQQ_7[/(ojxA">
                                <value name="TEXT">
                                  <shadow type="text" id="kqlrIk.GO.^}hI,PoUV)">
                                    <field name="TEXT">abc</field>
                                  </shadow>
                                  <block type="text_join" id="8f7m9{=9Kor1|h7%^xWN">
                                    <mutation items="2"></mutation>
                                    <value name="ADD0">
                                      <block type="text" id="(Ro9lr)VU+E#~O8Epij@">
                                        <field name="TEXT">💲Congratulations! You Have Achieved Your Total Profit💰 Join Our Telegram Channel T.me/TradeGenicGuru For More Premium Trading Tools</field>
                                      </block>
                                    </value>
                                    <value name="ADD1">
                                      <block type="total_profit" id="tGXx]kA:oF.:He1KT^7w"></block>
                                    </value>
                                  </block>
                                </value>
                              </block>
                            </statement>
                          </block>
                        </next>
                      </block>
                    </next>
                  </block>
                </next>
              </block>
            </next>
          </block>
        </next>
      </block>
    </statement>
  </block>
</xml>