<xml xmlns="http://www.w3.org/1999/xhtml" collection="false">
  <variables>
    <variable type="" id="*S5@jR!:6fNu_jGh29XP">Target Profit</variable>
    <variable type="" id="#zfdvs@F;$O(rYcB/,RJ">Stop Loss</variable>
    <variable type="" id="l/g[COS_p$y={!V:[u*:">First Stake</variable>
    <variable type="" id="}PYb?[K00*b[IHmPgA7k">Martingale Factor</variable>
    <variable type="" id="X#UMfnUF|OeyRcxIN~Y4">Martingale Level</variable>
    <variable type="" id="-sYH8a;P)v}g?!iatjL,">Do Martingale After</variable>
    <variable type="" id="BPsrb}:o?nCP7t]1@Rfq">[Win Result]</variable>
    <variable type="" id="dK=o~;7~9dr8wCZ%hyh,">Detail Profit</variable>
    <variable type="" id="k:EcRUy)u-26FkWUoszO">FirstStake</variable>
    <variable type="" id="ddH0?/^#_8u1VjM/!`t|">Profit</variable>
    <variable type="" id="#S5]i9_E6vE_6t^_dYeJ">Continue</variable>
    <variable type="" id="=J^x%M+{aB/av_-Fx|+H">Last Tick</variable>
    <variable type="" id="RMbK)by1LEnp^9@HKC(*">Stake</variable>
    <variable type="" id="wsG]Bb=osIb4RTH1=o+)">Last Tick #2</variable>
    <variable type="" id="sQrq#/H/u#$lH)xl~BS%">Split Martingale into how many places? (Put 2 or 3 is advisable)</variable>
    <variable type="" id="!c%d*XBHYNv0h]4+]*nj">TargetProfit</variable>
    <variable type="" id="m(@~SI$PI9_=9gVd*zl9">Stoploss</variable>
    <variable type="" id="RRH]M7%0M)Zi;ridyo7}">Win Count</variable>
    <variable type="" id="^(Gy/YRFAMn6r6Ekap/J">Loss Count</variable>
    <variable type="" id="[~%IWPApAWAU4`63rDfr">MartiLossLevel</variable>
    <variable type="" id="ezm;s,8YY7`S_pxNx+{s">MartiFactor</variable>
    <variable type="" id="Nxx}Lsm5Mjf|D~2!Dj%V">MartiStart</variable>
    <variable type="" id="gp4,A`NHLT|{|%q`nB/7">First Duration</variable>
    <variable type="" id="/VJ7O.)sAJmm47`,|W=v">Loss Level</variable>
    <variable type="" id="^-0I~!xz6%{Jf5}0*3:Z">First Prediction</variable>
    <variable type="" id=".gH2ljP$|@pTmivrVXsr">Marti Double Factor</variable>
  </variables>
  <block type="trade" id="xgH69|xFn9=70w.*3Vo@" x="3" y="-26">
    <field name="MARKET_LIST">synthetic_index</field>
    <field name="SUBMARKET_LIST">random_index</field>
    <field name="SYMBOL_LIST">1HZ100V</field>
    <field name="TRADETYPECAT_LIST">callput</field>
    <field name="TRADETYPE_LIST">higherlower</field>
    <field name="TYPE_LIST">both</field>
    <field name="CANDLEINTERVAL_LIST">60</field>
    <field name="TIME_MACHINE_ENABLED">FALSE</field>
    <field name="RESTARTONERROR">TRUE</field>
    <statement name="INITIALIZATION">
      <block type="text_print" id="uex[D,rjw@G4L{[2~%A]" collapsed="true">
        <value name="TEXT">
          <shadow type="text" id="g@NF#dzVl1JOYgbGO`uf">
            <field name="TEXT">BOT COURTESY OF Provenbinarybot.com </field>
          </shadow>
        </value>
        <next>
          <block type="procedures_callnoreturn" id="Z/(xO7OzBk0*DZ!fuJhR">
            <mutation name="::::Binary Bot Makers's Edition::::2">
              <arg name="Target Profit"></arg>
              <arg name="Stop Loss"></arg>
              <arg name="First Stake"></arg>
              <arg name="Martingale Factor"></arg>
              <arg name="Martingale Level"></arg>
              <arg name="Do Martingale After"></arg>
            </mutation>
            <value name="ARG0">
              <block type="text_prompt_ext" id="YMic/j5]{uo6V=Vg:~P!">
                <mutation type="NUMBER"></mutation>
                <field name="TYPE">NUMBER</field>
                <value name="TEXT">
                  <shadow type="text" id="^1[MT!H,nB,G`m|H8-0]">
                    <field name="TEXT">Expected Profit</field>
                  </shadow>
                </value>
              </block>
            </value>
            <value name="ARG1">
              <block type="math_number" id="EaRs6di{FdDVM!!s^Gg8">
                <field name="NUM">22</field>
              </block>
            </value>
            <value name="ARG2">
              <block type="math_number" id="X6ut5_Noa(O`ktF%hi-g">
                <field name="NUM">1.06</field>
              </block>
            </value>
            <value name="ARG3">
              <block type="math_number" id="ZfW0t]`#p=?HGf`rsW}+">
                <field name="NUM">20</field>
              </block>
            </value>
            <value name="ARG4">
              <block type="math_number" id="WjXdtcq+pHOm[{L0J7Ef">
                <field name="NUM">10</field>
              </block>
            </value>
            <value name="ARG5">
              <block type="math_number" id="1LI-DWWS9MU/y_eyY8ZN">
                <field name="NUM">1</field>
              </block>
            </value>
            <next>
              <block type="variables_set" id="_`OCNBE](V*0{^;o@}!d">
                <field name="VAR" id="sQrq#/H/u#$lH)xl~BS%" variabletype="">Split Martingale into how many places? (Put 2 or 3 is advisable)</field>
                <comment pinned="false" h="80" w="160">if you put 2, it will split your Martingale Factor into 2x process with 50% stake in each purchase. Put 1 if you don't want to split it.</comment>
                <value name="VALUE">
                  <block type="math_number" id="AQ}8Hkmlxc}j@2$~8Ps.">
                    <field name="NUM">1</field>
                  </block>
                </value>
              </block>
            </next>
          </block>
        </next>
      </block>
    </statement>
    <statement name="SUBMARKET">
      <block type="tradeOptions" id="B??5MR8O-`$e*V`dkn;Q">
        <field name="DURATIONTYPE_LIST">t</field>
        <field name="CURRENCY_LIST">USD</field>
        <field name="BARRIEROFFSETTYPE_LIST">+</field>
        <field name="SECONDBARRIEROFFSETTYPE_LIST">-</field>
        <value name="DURATION">
          <shadow type="math_number" id=";57$8qzP[i;YGpHIgk5C">
            <field name="NUM">1</field>
          </shadow>
          <block type="math_number" id="`+UgAaP.6u$uB*S?:9W)">
            <field name="NUM">5</field>
          </block>
        </value>
        <value name="AMOUNT">
          <shadow type="math_number" id="`?f9G+5Q${-6M@79J(xo">
            <field name="NUM">1</field>
          </shadow>
          <block type="variables_get" id="/)Jd#,;yOSm}rXWKx{}}">
            <field name="VAR" id="RMbK)by1LEnp^9@HKC(*" variabletype="">Stake</field>
          </block>
        </value>
        <value name="BARRIEROFFSET">
          <shadow type="math_number" id="e2aE:AA@RU7I::],!1vq">
            <field name="NUM">2</field>
          </shadow>
        </value>
      </block>
    </statement>
  </block>
  <block type="procedures_defreturn" id="=78^x1,M_K`EPoWP8B#4" collapsed="true" x="1143" y="186">
    <mutation>
      <arg name="[Win Result]" varid="BPsrb}:o?nCP7t]1@Rfq"></arg>
      <arg name="Detail Profit" varid="dK=o~;7~9dr8wCZ%hyh,"></arg>
    </mutation>
    <field name="NAME">::::Binary Bot Makers's Edition::::</field>
    <comment pinned="false" h="80" w="160">FRUITFELLA's Management ver. 3.0</comment>
    <statement name="STACK">
      <block type="math_change" id="5mMvn7#-6MC#=J5k3?PV">
        <field name="VAR" id="ddH0?/^#_8u1VjM/!`t|" variabletype="">Profit</field>
        <value name="DELTA">
          <shadow type="math_number" id="!`~mJ[ITS6N=uY[f!Jo%">
            <field name="NUM">1</field>
          </shadow>
          <block type="variables_get" id=".j]ZF3LWu9*=.nIi9(Gp">
            <field name="VAR" id="dK=o~;7~9dr8wCZ%hyh," variabletype="">Detail Profit</field>
          </block>
        </value>
        <next>
          <block type="variables_set" id="Ntd8/neg-yW_~sW%z8Jm">
            <field name="VAR" id="ddH0?/^#_8u1VjM/!`t|" variabletype="">Profit</field>
            <value name="VALUE">
              <block type="math_arithmetic" id="OonVVD66.u7{{wXOy]D)">
                <field name="OP">DIVIDE</field>
                <value name="A">
                  <shadow type="math_number" id="BJLl,k}i_-.}(X^0Rt%[">
                    <field name="NUM">1</field>
                  </shadow>
                  <block type="math_round" id="F4bqA@k.0Pxp]j99~T|@">
                    <field name="OP">ROUND</field>
                    <value name="NUM">
                      <shadow type="math_number" id="enW;6`Y#VQ8j3,1ir3KU">
                        <field name="NUM">3.1</field>
                      </shadow>
                      <block type="math_arithmetic" id="Su++(AeXbX,`P::$9IIG">
                        <field name="OP">MULTIPLY</field>
                        <value name="A">
                          <shadow type="math_number" id="}kZ5|+fH9G83t.$we7~]">
                            <field name="NUM">1</field>
                          </shadow>
                          <block type="variables_get" id="^][hS|MfVLhwa~_,U~fK">
                            <field name="VAR" id="ddH0?/^#_8u1VjM/!`t|" variabletype="">Profit</field>
                          </block>
                        </value>
                        <value name="B">
                          <shadow type="math_number" id=".H#}U`Qa_N#b^$I9(Vh2">
                            <field name="NUM">100</field>
                          </shadow>
                        </value>
                      </block>
                    </value>
                  </block>
                </value>
                <value name="B">
                  <shadow type="math_number" id="ytnd8Z:12vFa*j,jpfx`">
                    <field name="NUM">100</field>
                  </shadow>
                </value>
              </block>
            </value>
            <next>
              <block type="controls_if" id="2haL5s765kSl{T~T5Z^k">
                <mutation else="1"></mutation>
                <value name="IF0">
                  <block type="variables_get" id="j0Q0xvW7M*PhQfuf|p-$">
                    <field name="VAR" id="BPsrb}:o?nCP7t]1@Rfq" variabletype="">[Win Result]</field>
                  </block>
                </value>
                <statement name="DO0">
                  <block type="math_change" id="B_t!T1WWGTt2L#=XAq$4">
                    <field name="VAR" id="RRH]M7%0M)Zi;ridyo7}" variabletype="">Win Count</field>
                    <value name="DELTA">
                      <shadow type="math_number" id="1~)C)c$Zi*p]5Jddfgq_">
                        <field name="NUM">1</field>
                      </shadow>
                    </value>
                    <next>
                      <block type="variables_set" id="aPRpWycsb.n=U#B:fTZD">
                        <field name="VAR" id="^(Gy/YRFAMn6r6Ekap/J" variabletype="">Loss Count</field>
                        <value name="VALUE">
                          <block type="math_number" id="wo=CHjiCccmpWlCo@aA[">
                            <field name="NUM">0</field>
                          </block>
                        </value>
                        <next>
                          <block type="controls_if" id="q[~lq_B%%.lc{goYpvp,">
                            <mutation else="1"></mutation>
                            <value name="IF0">
                              <block type="logic_compare" id="]83KKM:A:?)Ujf@xD%3x">
                                <field name="OP">EQ</field>
                                <value name="A">
                                  <block type="variables_get" id="F:01W%2~RFcYx5HlrK,.">
                                    <field name="VAR" id="gp4,A`NHLT|{|%q`nB/7" variabletype="">First Duration</field>
                                  </block>
                                </value>
                                <value name="B">
                                  <block type="math_number" id="2w@;@rCOi6*x`OSa2:M9">
                                    <field name="NUM">9</field>
                                  </block>
                                </value>
                              </block>
                            </value>
                            <statement name="DO0">
                              <block type="variables_set" id="lYQ(KhPm#8B2=v?gF]5+">
                                <field name="VAR" id="gp4,A`NHLT|{|%q`nB/7" variabletype="">First Duration</field>
                                <value name="VALUE">
                                  <block type="math_number" id="~,4E6;ZZ4L8m|VW7u0?o">
                                    <field name="NUM">5</field>
                                  </block>
                                </value>
                              </block>
                            </statement>
                            <statement name="ELSE">
                              <block type="math_change" id="aXqDTy05.q9`-r);bauz">
                                <field name="VAR" id="gp4,A`NHLT|{|%q`nB/7" variabletype="">First Duration</field>
                                <value name="DELTA">
                                  <shadow type="math_number" id="WiW;o]1FFUuVxC=I:74L">
                                    <field name="NUM">1</field>
                                  </shadow>
                                </value>
                              </block>
                            </statement>
                            <next>
                              <block type="controls_if" id="o{^p+1|a!2#Qx--x0Y2W">
                                <mutation else="1"></mutation>
                                <value name="IF0">
                                  <block type="logic_compare" id="pxAL+r}tc9y[tpAiH9W:">
                                    <field name="OP">EQ</field>
                                    <value name="A">
                                      <block type="variables_get" id="3MBEZeQQ2tx!CcLH,t%o">
                                        <field name="VAR" id="RMbK)by1LEnp^9@HKC(*" variabletype="">Stake</field>
                                      </block>
                                    </value>
                                    <value name="B">
                                      <block type="variables_get" id="w+YeR1Y9as6^/pvqvjDf">
                                        <field name="VAR" id="k:EcRUy)u-26FkWUoszO" variabletype="">FirstStake</field>
                                      </block>
                                    </value>
                                  </block>
                                </value>
                                <statement name="DO0">
                                  <block type="variables_set" id="O`vwoE$8v[Hb]b`ZUBD{">
                                    <field name="VAR" id="RMbK)by1LEnp^9@HKC(*" variabletype="">Stake</field>
                                    <value name="VALUE">
                                      <block type="variables_get" id="Xv{ZM]2:FRH^ZtL]Wc-q">
                                        <field name="VAR" id="k:EcRUy)u-26FkWUoszO" variabletype="">FirstStake</field>
                                      </block>
                                    </value>
                                  </block>
                                </statement>
                                <statement name="ELSE">
                                  <block type="controls_if" id="5{8N-Va$Dq[,fYlcN6Dq">
                                    <mutation else="1"></mutation>
                                    <value name="IF0">
                                      <block type="logic_compare" id="b2*+R8I~^aLo+U|havB`">
                                        <field name="OP">EQ</field>
                                        <value name="A">
                                          <block type="variables_get" id=".]*.?o?Hc)|o3vS:mn6O">
                                            <field name="VAR" id="sQrq#/H/u#$lH)xl~BS%" variabletype="">Split Martingale into how many places? (Put 2 or 3 is advisable)</field>
                                          </block>
                                        </value>
                                        <value name="B">
                                          <block type="math_number" id="]{!;F,m1$DE;T]O)${WZ">
                                            <field name="NUM">1</field>
                                          </block>
                                        </value>
                                      </block>
                                    </value>
                                    <statement name="DO0">
                                      <block type="variables_set" id="abrHoc]Y-/KML=trEX6%">
                                        <field name="VAR" id="RMbK)by1LEnp^9@HKC(*" variabletype="">Stake</field>
                                        <value name="VALUE">
                                          <block type="variables_get" id="vWctA+U%HoPkH`^/cvFB">
                                            <field name="VAR" id="k:EcRUy)u-26FkWUoszO" variabletype="">FirstStake</field>
                                          </block>
                                        </value>
                                      </block>
                                    </statement>
                                    <statement name="ELSE">
                                      <block type="controls_if" id="yn|;::$rf2,z}4+`~(iB">
                                        <value name="IF0">
                                          <block type="logic_compare" id="aZSvX?2hDdvA(5{O,#Q|">
                                            <field name="OP">GT</field>
                                            <value name="A">
                                              <block type="variables_get" id="c/weG+-xFoM4u-NEzInb">
                                                <field name="VAR" id=".gH2ljP$|@pTmivrVXsr" variabletype="">Marti Double Factor</field>
                                              </block>
                                            </value>
                                            <value name="B">
                                              <block type="math_number" id="AtsR^muGgqn%3y3^8n/}">
                                                <field name="NUM">0</field>
                                              </block>
                                            </value>
                                          </block>
                                        </value>
                                        <statement name="DO0">
                                          <block type="variables_set" id="oFT!gK._r:lxM4=U/yX}">
                                            <field name="VAR" id="RMbK)by1LEnp^9@HKC(*" variabletype="">Stake</field>
                                            <value name="VALUE">
                                              <block type="variables_get" id="#)*4@c@+-%E(g|Pbt9p|">
                                                <field name="VAR" id="RMbK)by1LEnp^9@HKC(*" variabletype="">Stake</field>
                                              </block>
                                            </value>
                                            <next>
                                              <block type="math_change" id="?VZunOP~C%k!evuH2Z[+">
                                                <field name="VAR" id=".gH2ljP$|@pTmivrVXsr" variabletype="">Marti Double Factor</field>
                                                <value name="DELTA">
                                                  <shadow type="math_number" id="`AGaNibvP_vj%IG1-`#}">
                                                    <field name="NUM">-1</field>
                                                  </shadow>
                                                </value>
                                              </block>
                                            </next>
                                          </block>
                                        </statement>
                                        <next>
                                          <block type="controls_if" id="`w-DQ#FZCY6~#:FnPXo]">
                                            <value name="IF0">
                                              <block type="logic_compare" id="Ay(L[jx4O(Ei`QF5]^P=">
                                                <field name="OP">EQ</field>
                                                <value name="A">
                                                  <block type="variables_get" id="m{{Yl/m%D??]CDHvVBk3">
                                                    <field name="VAR" id=".gH2ljP$|@pTmivrVXsr" variabletype="">Marti Double Factor</field>
                                                  </block>
                                                </value>
                                                <value name="B">
                                                  <block type="math_number" id="e;HIQ(A7#By?]3$D3pFq">
                                                    <field name="NUM">0</field>
                                                  </block>
                                                </value>
                                              </block>
                                            </value>
                                            <statement name="DO0">
                                              <block type="variables_set" id="/W,$Ond7R_15;^DYfwr+">
                                                <field name="VAR" id="RMbK)by1LEnp^9@HKC(*" variabletype="">Stake</field>
                                                <value name="VALUE">
                                                  <block type="math_arithmetic" id="D=6w^)p$rgeRcIF#v(JZ">
                                                    <field name="OP">DIVIDE</field>
                                                    <value name="A">
                                                      <shadow type="math_number" id="*y0Tci4R!:p%.,=]cdtW">
                                                        <field name="NUM">1</field>
                                                      </shadow>
                                                      <block type="variables_get" id="Nm*~d-NKm62YRUqmq~Z,">
                                                        <field name="VAR" id="RMbK)by1LEnp^9@HKC(*" variabletype="">Stake</field>
                                                      </block>
                                                    </value>
                                                    <value name="B">
                                                      <shadow type="math_number" id="IgX_{H7N;l{AS=mwo-GO">
                                                        <field name="NUM">1</field>
                                                      </shadow>
                                                      <block type="math_arithmetic" id="qE2mt=(2pV(d```g-akh">
                                                        <field name="OP">DIVIDE</field>
                                                        <value name="A">
                                                          <shadow type="math_number" id="cb4n|J,/b*g~XKAhujYL">
                                                            <field name="NUM">1</field>
                                                          </shadow>
                                                          <block type="variables_get" id="R)A~zkzH~acd0q4hILo~">
                                                            <field name="VAR" id="ezm;s,8YY7`S_pxNx+{s" variabletype="">MartiFactor</field>
                                                          </block>
                                                        </value>
                                                        <value name="B">
                                                          <shadow type="math_number" id="sgz6I]-rL;qTt7,`p+g9">
                                                            <field name="NUM">1</field>
                                                          </shadow>
                                                          <block type="variables_get" id="8$GU!]G$3rTHY(]kZBK[">
                                                            <field name="VAR" id="sQrq#/H/u#$lH)xl~BS%" variabletype="">Split Martingale into how many places? (Put 2 or 3 is advisable)</field>
                                                          </block>
                                                        </value>
                                                      </block>
                                                    </value>
                                                  </block>
                                                </value>
                                              </block>
                                            </statement>
                                          </block>
                                        </next>
                                      </block>
                                    </statement>
                                  </block>
                                </statement>
                              </block>
                            </next>
                          </block>
                        </next>
                      </block>
                    </next>
                  </block>
                </statement>
                <statement name="ELSE">
                  <block type="math_change" id="(6=+$/+DEbysDWc])WBD">
                    <field name="VAR" id="^(Gy/YRFAMn6r6Ekap/J" variabletype="">Loss Count</field>
                    <value name="DELTA">
                      <shadow type="math_number" id="[W_X?#)Dv,gm)Ff#:8T8">
                        <field name="NUM">1</field>
                      </shadow>
                    </value>
                    <next>
                      <block type="variables_set" id="V*^dRX_0}whp$+CPNq{x">
                        <field name="VAR" id="RRH]M7%0M)Zi;ridyo7}" variabletype="">Win Count</field>
                        <value name="VALUE">
                          <block type="math_number" id="8M!%N2:W2r1cS=tvBqxM">
                            <field name="NUM">0</field>
                          </block>
                        </value>
                        <next>
                          <block type="controls_if" id="-2K^5T@7olg3M6J%I4$B">
                            <value name="IF0">
                              <block type="logic_compare" id="ChDetwZuo;cU6yL{-B{A">
                                <field name="OP">GT</field>
                                <value name="A">
                                  <block type="variables_get" id=".Y*ozIy;+ADs#R8Coh6G">
                                    <field name="VAR" id="^(Gy/YRFAMn6r6Ekap/J" variabletype="">Loss Count</field>
                                  </block>
                                </value>
                                <value name="B">
                                  <block type="variables_get" id="CL]-YIRi^FOdkf{MohQ|">
                                    <field name="VAR" id="/VJ7O.)sAJmm47`,|W=v" variabletype="">Loss Level</field>
                                  </block>
                                </value>
                              </block>
                            </value>
                            <statement name="DO0">
                              <block type="variables_set" id="1@C;LXDelk94-)4~K`n=">
                                <field name="VAR" id="/VJ7O.)sAJmm47`,|W=v" variabletype="">Loss Level</field>
                                <value name="VALUE">
                                  <block type="variables_get" id="Ea|:QN:u+Rt[V_J6|1G+">
                                    <field name="VAR" id="^(Gy/YRFAMn6r6Ekap/J" variabletype="">Loss Count</field>
                                  </block>
                                </value>
                              </block>
                            </statement>
                            <next>
                              <block type="controls_if" id="o!|uD1{zMX.?fIJvG+`#">
                                <mutation else="1"></mutation>
                                <value name="IF0">
                                  <block type="logic_compare" id="51D!W?0|`Ors_DUzMn~3">
                                    <field name="OP">EQ</field>
                                    <value name="A">
                                      <block type="variables_get" id="_Mf{QFQ%~5m;VHuXK:S%">
                                        <field name="VAR" id="^-0I~!xz6%{Jf5}0*3:Z" variabletype="">First Prediction</field>
                                      </block>
                                    </value>
                                    <value name="B">
                                      <block type="math_number" id="35q[OpR.=cw?Ilq##SgB">
                                        <field name="NUM">9</field>
                                      </block>
                                    </value>
                                  </block>
                                </value>
                                <statement name="DO0">
                                  <block type="variables_set" id="{QKQ:Txi*SY0C`0)~iNw">
                                    <field name="VAR" id="^-0I~!xz6%{Jf5}0*3:Z" variabletype="">First Prediction</field>
                                    <value name="VALUE">
                                      <block type="math_number" id="4*gkqlExOjehS,og4bi2">
                                        <field name="NUM">0</field>
                                      </block>
                                    </value>
                                  </block>
                                </statement>
                                <statement name="ELSE">
                                  <block type="math_change" id="H3=tAx7+kMb16[b:hQd#">
                                    <field name="VAR" id="^-0I~!xz6%{Jf5}0*3:Z" variabletype="">First Prediction</field>
                                    <value name="DELTA">
                                      <shadow type="math_number" id="5G.lXUBG)jt+R=*pnb-b">
                                        <field name="NUM">1</field>
                                      </shadow>
                                    </value>
                                  </block>
                                </statement>
                                <next>
                                  <block type="controls_if" id="?*0^p~(7r2d3-T7z81hI">
                                    <value name="IF0">
                                      <block type="logic_compare" id=")y{t.fO)Lb.Zcrs5V4kc">
                                        <field name="OP">GT</field>
                                        <value name="A">
                                          <block type="variables_get" id="xSlsjibK)miodTkmM%GI">
                                            <field name="VAR" id="[~%IWPApAWAU4`63rDfr" variabletype="">MartiLossLevel</field>
                                          </block>
                                        </value>
                                        <value name="B">
                                          <block type="math_number" id="+{rz6u4h%JKj:-4yvC+#">
                                            <field name="NUM">0</field>
                                          </block>
                                        </value>
                                      </block>
                                    </value>
                                    <statement name="DO0">
                                      <block type="controls_if" id="|~H{~C=_%yzL(L+Ih?6=">
                                        <value name="IF0">
                                          <block type="logic_operation" id="{01rxUq[%FxUb9PE.!UA">
                                            <field name="OP">AND</field>
                                            <value name="A">
                                              <block type="logic_compare" id="x]ZySsjj1^93Zd(-iWh#">
                                                <field name="OP">GT</field>
                                                <value name="A">
                                                  <block type="variables_get" id="4c9GWE)n3Ot}n[:HT;,P">
                                                    <field name="VAR" id="Nxx}Lsm5Mjf|D~2!Dj%V" variabletype="">MartiStart</field>
                                                  </block>
                                                </value>
                                                <value name="B">
                                                  <block type="math_number" id="m`.{:5r,BBM8qV)#goY?">
                                                    <field name="NUM">0</field>
                                                  </block>
                                                </value>
                                              </block>
                                            </value>
                                            <value name="B">
                                              <block type="logic_compare" id="XWUrB+iXH{$8H{G.pj]P">
                                                <field name="OP">GTE</field>
                                                <value name="A">
                                                  <block type="variables_get" id="96)hM+J+rW1h/2CiCNV=">
                                                    <field name="VAR" id="^(Gy/YRFAMn6r6Ekap/J" variabletype="">Loss Count</field>
                                                  </block>
                                                </value>
                                                <value name="B">
                                                  <block type="variables_get" id="1ghuM[;g9B!OkEk|Jq-+">
                                                    <field name="VAR" id="Nxx}Lsm5Mjf|D~2!Dj%V" variabletype="">MartiStart</field>
                                                  </block>
                                                </value>
                                              </block>
                                            </value>
                                          </block>
                                        </value>
                                        <statement name="DO0">
                                          <block type="controls_if" id="cKXKeYHA|Nc|m{[]fmu_">
                                            <mutation else="1"></mutation>
                                            <value name="IF0">
                                              <block type="logic_compare" id="w}/TUgnxg]s^i%4IxlA^">
                                                <field name="OP">EQ</field>
                                                <value name="A">
                                                  <block type="variables_get" id=";i;1n9FY,B{%$em[VBgC">
                                                    <field name="VAR" id="sQrq#/H/u#$lH)xl~BS%" variabletype="">Split Martingale into how many places? (Put 2 or 3 is advisable)</field>
                                                  </block>
                                                </value>
                                                <value name="B">
                                                  <block type="math_number" id="gIz3A{rtD[oD$M)M*GBd">
                                                    <field name="NUM">1</field>
                                                  </block>
                                                </value>
                                              </block>
                                            </value>
                                            <statement name="DO0">
                                              <block type="variables_set" id="0(U(k7jTs4){Qx,rsGY=">
                                                <field name="VAR" id="RMbK)by1LEnp^9@HKC(*" variabletype="">Stake</field>
                                                <value name="VALUE">
                                                  <block type="math_arithmetic" id=";);YC{8N#q+T`^is_1u?">
                                                    <field name="OP">MULTIPLY</field>
                                                    <value name="A">
                                                      <shadow type="math_number" id="*y0Tci4R!:p%.,=]cdtW">
                                                        <field name="NUM">1</field>
                                                      </shadow>
                                                      <block type="variables_get" id="ITCv%+k]7FHKZ+T!E|Ap">
                                                        <field name="VAR" id="RMbK)by1LEnp^9@HKC(*" variabletype="">Stake</field>
                                                      </block>
                                                    </value>
                                                    <value name="B">
                                                      <shadow type="math_number" id="IgX_{H7N;l{AS=mwo-GO">
                                                        <field name="NUM">1</field>
                                                      </shadow>
                                                      <block type="math_arithmetic" id="0r#umB/a/URFsH)hRm}!">
                                                        <field name="OP">DIVIDE</field>
                                                        <value name="A">
                                                          <shadow type="math_number" id="cb4n|J,/b*g~XKAhujYL">
                                                            <field name="NUM">1</field>
                                                          </shadow>
                                                          <block type="variables_get" id="yjyNB8[f!wh^(`i2T*ou">
                                                            <field name="VAR" id="ezm;s,8YY7`S_pxNx+{s" variabletype="">MartiFactor</field>
                                                          </block>
                                                        </value>
                                                        <value name="B">
                                                          <shadow type="math_number" id="sgz6I]-rL;qTt7,`p+g9">
                                                            <field name="NUM">1</field>
                                                          </shadow>
                                                          <block type="variables_get" id="xG%1xv*+T_MKqU7sh}Q-">
                                                            <field name="VAR" id="sQrq#/H/u#$lH)xl~BS%" variabletype="">Split Martingale into how many places? (Put 2 or 3 is advisable)</field>
                                                          </block>
                                                        </value>
                                                      </block>
                                                    </value>
                                                  </block>
                                                </value>
                                              </block>
                                            </statement>
                                            <statement name="ELSE">
                                              <block type="variables_set" id="@n=}]#F+YX;.dQ*$[!:g">
                                                <field name="VAR" id=".gH2ljP$|@pTmivrVXsr" variabletype="">Marti Double Factor</field>
                                                <value name="VALUE">
                                                  <block type="variables_get" id="wQs:cpM2nDaSMzogT${m">
                                                    <field name="VAR" id="sQrq#/H/u#$lH)xl~BS%" variabletype="">Split Martingale into how many places? (Put 2 or 3 is advisable)</field>
                                                  </block>
                                                </value>
                                                <next>
                                                  <block type="variables_set" id=")Kaw)_J#|M]Cg6-WLHmi">
                                                    <field name="VAR" id="RMbK)by1LEnp^9@HKC(*" variabletype="">Stake</field>
                                                    <value name="VALUE">
                                                      <block type="math_arithmetic" id=",JbVJ:;}e7qktp!qFxPT">
                                                        <field name="OP">MULTIPLY</field>
                                                        <value name="A">
                                                          <shadow type="math_number" id="*y0Tci4R!:p%.,=]cdtW">
                                                            <field name="NUM">1</field>
                                                          </shadow>
                                                          <block type="variables_get" id="PHK1%5jC()IIBL6:Q^}+">
                                                            <field name="VAR" id="RMbK)by1LEnp^9@HKC(*" variabletype="">Stake</field>
                                                          </block>
                                                        </value>
                                                        <value name="B">
                                                          <shadow type="math_number" id="IgX_{H7N;l{AS=mwo-GO">
                                                            <field name="NUM">1</field>
                                                          </shadow>
                                                          <block type="math_arithmetic" id="$dK`0h)Y6yvKg/BZh;%G">
                                                            <field name="OP">DIVIDE</field>
                                                            <value name="A">
                                                              <shadow type="math_number" id="cb4n|J,/b*g~XKAhujYL">
                                                                <field name="NUM">1</field>
                                                              </shadow>
                                                              <block type="variables_get" id="KboHDez^.oOHX[|qb+pd">
                                                                <field name="VAR" id="ezm;s,8YY7`S_pxNx+{s" variabletype="">MartiFactor</field>
                                                              </block>
                                                            </value>
                                                            <value name="B">
                                                              <shadow type="math_number" id="sgz6I]-rL;qTt7,`p+g9">
                                                                <field name="NUM">1</field>
                                                              </shadow>
                                                              <block type="variables_get" id="2xj{%~~p9%gsqDDRO@z{">
                                                                <field name="VAR" id="sQrq#/H/u#$lH)xl~BS%" variabletype="">Split Martingale into how many places? (Put 2 or 3 is advisable)</field>
                                                              </block>
                                                            </value>
                                                          </block>
                                                        </value>
                                                      </block>
                                                    </value>
                                                  </block>
                                                </next>
                                              </block>
                                            </statement>
                                          </block>
                                        </statement>
                                      </block>
                                    </statement>
                                  </block>
                                </next>
                              </block>
                            </next>
                          </block>
                        </next>
                      </block>
                    </next>
                  </block>
                </statement>
                <next>
                  <block type="variables_set" id="Ii~,V*I}==%{VbzSUcNW">
                    <field name="VAR" id="#S5]i9_E6vE_6t^_dYeJ" variabletype="">Continue</field>
                    <value name="VALUE">
                      <block type="logic_boolean" id="IJrFVDwIh9*V/-*GcP3$">
                        <field name="BOOL">FALSE</field>
                      </block>
                    </value>
                    <next>
                      <block type="controls_if" id="?t=R4#bB1Ph_eG%)U{Zq">
                        <mutation elseif="1" else="1"></mutation>
                        <value name="IF0">
                          <block type="logic_compare" id="n(-qX6sIpX~Fo[1%T`a]">
                            <field name="OP">GTE</field>
                            <value name="A">
                              <block type="variables_get" id="pRRkIZW;yZXTP,Ec2#%7">
                                <field name="VAR" id="ddH0?/^#_8u1VjM/!`t|" variabletype="">Profit</field>
                              </block>
                            </value>
                            <value name="B">
                              <block type="variables_get" id=".J0l4%b9|`DFbsS4y+@b">
                                <field name="VAR" id="!c%d*XBHYNv0h]4+]*nj" variabletype="">TargetProfit</field>
                              </block>
                            </value>
                          </block>
                        </value>
                        <statement name="DO0">
                          <block type="text_print" id="fQK[F8W}8)x=k0Y$nDnR">
                            <value name="TEXT">
                              <shadow type="text" id="dJ4OA.-2N8i,6Qy7r!J|">
                                <field name="TEXT">abc</field>
                              </shadow>
                              <block type="text_join" id="Whtg8.!W#_q;bm-PSDK(" collapsed="true">
                                <mutation items="2"></mutation>
                                <value name="ADD0">
                                  <block type="text" id=")|MP_xd~9oo!y10?cM;O" collapsed="true">
                                    <field name="TEXT">Done! Take Profit $: BOT COURTESY OF Provenbinarybot.com  </field>
                                  </block>
                                </value>
                                <value name="ADD1">
                                  <block type="variables_get" id="tp=nlW)P|8TI#JCR-R`Z">
                                    <field name="VAR" id="ddH0?/^#_8u1VjM/!`t|" variabletype="">Profit</field>
                                  </block>
                                </value>
                              </block>
                            </value>
                          </block>
                        </statement>
                        <value name="IF1">
                          <block type="logic_compare" id="wqaUuu5;d0qWr@A9R8Uv">
                            <field name="OP">LTE</field>
                            <value name="A">
                              <block type="variables_get" id="iJUy9eQ?_qq:Fx#e:!;)">
                                <field name="VAR" id="ddH0?/^#_8u1VjM/!`t|" variabletype="">Profit</field>
                              </block>
                            </value>
                            <value name="B">
                              <block type="variables_get" id="?=LuB)pGx9NhJuh30YA+">
                                <field name="VAR" id="m(@~SI$PI9_=9gVd*zl9" variabletype="">Stoploss</field>
                              </block>
                            </value>
                          </block>
                        </value>
                        <statement name="DO1">
                          <block type="text_print" id="+fc,,fh/fwUH3nhoFc3f">
                            <value name="TEXT">
                              <shadow type="text" id="dJ4OA.-2N8i,6Qy7r!J|">
                                <field name="TEXT">abc</field>
                              </shadow>
                              <block type="text_join" id="]gq4NH~_PD.#^!q#_{UN" collapsed="true">
                                <mutation items="2"></mutation>
                                <value name="ADD0">
                                  <block type="text" id="T~7).e8^W6THQjOa6c:v" collapsed="true">
                                    <field name="TEXT">Ops! Stop Loss $ 🤬 The Bot Needs Regular update: </field>
                                  </block>
                                </value>
                                <value name="ADD1">
                                  <block type="variables_get" id="e~X%5c6eC?N6h}{GYA2o">
                                    <field name="VAR" id="ddH0?/^#_8u1VjM/!`t|" variabletype="">Profit</field>
                                  </block>
                                </value>
                              </block>
                            </value>
                          </block>
                        </statement>
                        <statement name="ELSE">
                          <block type="controls_if" id="g`8h+Pq;/Z=wuJIIBr`Z">
                            <mutation else="1"></mutation>
                            <value name="IF0">
                              <block type="logic_compare" id="Q}%H((m|!LOeIVHKxGbv">
                                <field name="OP">GT</field>
                                <value name="A">
                                  <block type="variables_get" id="V$I5(R=s}FQh708v+Vm#">
                                    <field name="VAR" id="ddH0?/^#_8u1VjM/!`t|" variabletype="">Profit</field>
                                  </block>
                                </value>
                                <value name="B">
                                  <block type="math_number" id="$W;*/?A}DM!.(x;-wpFE">
                                    <field name="NUM">0</field>
                                  </block>
                                </value>
                              </block>
                            </value>
                            <statement name="DO0">
                              <block type="notify" id="]7Cq=rQ1D00M},$ck5=;">
                                <field name="NOTIFICATION_TYPE">success</field>
                                <field name="NOTIFICATION_SOUND">silent</field>
                                <value name="MESSAGE">
                                  <block type="text_join" id="So,=5m|b]84g6aQ`jzah">
                                    <mutation items="6"></mutation>
                                    <value name="ADD0">
                                      <block type="text" id="Ww6Utk^Ce:2M^1:IbEYq">
                                        <field name="TEXT">Total profit $ </field>
                                      </block>
                                    </value>
                                    <value name="ADD1">
                                      <block type="variables_get" id="-zUe!0X+$J)uWJg7w-Fc">
                                        <field name="VAR" id="ddH0?/^#_8u1VjM/!`t|" variabletype="">Profit</field>
                                      </block>
                                    </value>
                                    <value name="ADD2">
                                      <block type="text" id="G3TZRjfZwb?/vG!DnT-p">
                                        <field name="TEXT"> || Loss Level </field>
                                      </block>
                                    </value>
                                    <value name="ADD3">
                                      <block type="variables_get" id="WYfM1_eJld$zj?B0ZM/j">
                                        <field name="VAR" id="/VJ7O.)sAJmm47`,|W=v" variabletype="">Loss Level</field>
                                      </block>
                                    </value>
                                    <value name="ADD4">
                                      <block type="text" id="WEGot82rEmQ0!.2Uk-jj">
                                        <field name="TEXT"> || Loss Count </field>
                                      </block>
                                    </value>
                                    <value name="ADD5">
                                      <block type="variables_get" id="xFl$)$6){r3_`5XW`biS">
                                        <field name="VAR" id="^(Gy/YRFAMn6r6Ekap/J" variabletype="">Loss Count</field>
                                      </block>
                                    </value>
                                  </block>
                                </value>
                              </block>
                            </statement>
                            <statement name="ELSE">
                              <block type="notify" id="8QOsp0}TU)_%#dE?4He!">
                                <field name="NOTIFICATION_TYPE">error</field>
                                <field name="NOTIFICATION_SOUND">silent</field>
                                <value name="MESSAGE">
                                  <block type="text_join" id="L/vB,K]@s{!9Qx^s!Pl-">
                                    <mutation items="6"></mutation>
                                    <value name="ADD0">
                                      <block type="text" id="Z`|]KLN43:/oO3eh43%/">
                                        <field name="TEXT">Total Loss $ </field>
                                      </block>
                                    </value>
                                    <value name="ADD1">
                                      <block type="variables_get" id="C5)f7$5$O{Y)n.G6Q;Pt">
                                        <field name="VAR" id="ddH0?/^#_8u1VjM/!`t|" variabletype="">Profit</field>
                                      </block>
                                    </value>
                                    <value name="ADD2">
                                      <block type="text" id="N{K7$tD$F$~C4BDS,.p%">
                                        <field name="TEXT"> || Loss Level </field>
                                      </block>
                                    </value>
                                    <value name="ADD3">
                                      <block type="variables_get" id=")Uaa(R~.]e.pd[?8cnj?">
                                        <field name="VAR" id="/VJ7O.)sAJmm47`,|W=v" variabletype="">Loss Level</field>
                                      </block>
                                    </value>
                                    <value name="ADD4">
                                      <block type="text" id="emB3SZnkebI:XD]F#x@7">
                                        <field name="TEXT"> || Loss Count </field>
                                      </block>
                                    </value>
                                    <value name="ADD5">
                                      <block type="variables_get" id="~$f~AKl6NjBpX4$y+W/8">
                                        <field name="VAR" id="^(Gy/YRFAMn6r6Ekap/J" variabletype="">Loss Count</field>
                                      </block>
                                    </value>
                                  </block>
                                </value>
                              </block>
                            </statement>
                            <next>
                              <block type="variables_set" id="o88-OoU#i@|Gn^I[1rf1">
                                <field name="VAR" id="#S5]i9_E6vE_6t^_dYeJ" variabletype="">Continue</field>
                                <value name="VALUE">
                                  <block type="logic_boolean" id="exXi?*3Wu(`Gl$s6cDU[">
                                    <field name="BOOL">TRUE</field>
                                  </block>
                                </value>
                              </block>
                            </next>
                          </block>
                        </statement>
                      </block>
                    </next>
                  </block>
                </next>
              </block>
            </next>
          </block>
        </next>
      </block>
    </statement>
    <value name="RETURN">
      <block type="variables_get" id="`QS.RAQ`zLWY(L^,u`~t">
        <field name="VAR" id="#S5]i9_E6vE_6t^_dYeJ" variabletype="">Continue</field>
      </block>
    </value>
  </block>
  <block type="after_purchase" id="D^Jz1^n=2vtZku1vBN@;" collapsed="true" x="1144" y="271">
    <statement name="AFTERPURCHASE_STACK">
      <block type="controls_if" id="f8$NjOPkdkyO(3MuOGL0">
        <value name="IF0">
          <block type="procedures_callreturn" id="N3LmUut%jLUu7p.Vf[f=">
            <mutation name="::::Binary Bot Makers's Edition::::">
              <arg name="[Win Result]"></arg>
              <arg name="Detail Profit"></arg>
            </mutation>
            <value name="ARG0">
              <block type="contract_check_result" id="a1^r3QPY%k8rrHjM2^!C">
                <field name="CHECK_RESULT">win</field>
              </block>
            </value>
            <value name="ARG1">
              <block type="read_details" id="r#Mp}sY*m]H^_J|g_iJK">
                <field name="DETAIL_INDEX">4</field>
              </block>
            </value>
          </block>
        </value>
        <statement name="DO0">
          <block type="trade_again" id="c)S|KjoQdXc8l#J@5z3P"></block>
        </statement>
      </block>
    </statement>
  </block>
  <block type="procedures_defnoreturn" id=",ATJ^k41u/TZVNu?}tMe" collapsed="true" x="1179" y="332">
    <mutation>
      <arg name="Target Profit" varid="*S5@jR!:6fNu_jGh29XP"></arg>
      <arg name="Stop Loss" varid="#zfdvs@F;$O(rYcB/,RJ"></arg>
      <arg name="First Stake" varid="l/g[COS_p$y={!V:[u*:"></arg>
      <arg name="Martingale Factor" varid="}PYb?[K00*b[IHmPgA7k"></arg>
      <arg name="Martingale Level" varid="X#UMfnUF|OeyRcxIN~Y4"></arg>
      <arg name="Do Martingale After" varid="-sYH8a;P)v}g?!iatjL,"></arg>
    </mutation>
    <field name="NAME">::::Binary Bot Makers's Edition::::2</field>
    <comment pinned="false" h="80" w="160">Describe this function...</comment>
    <statement name="STACK">
      <block type="variables_set" id="FK4u?paD9^I-!5Ai)Jjl">
        <field name="VAR" id="k:EcRUy)u-26FkWUoszO" variabletype="">FirstStake</field>
        <value name="VALUE">
          <block type="variables_get" id="?mfNzA`8peRWy,e~svE0">
            <field name="VAR" id="l/g[COS_p$y={!V:[u*:" variabletype="">First Stake</field>
          </block>
        </value>
        <next>
          <block type="variables_set" id="6?YL[uBR,$:+Z.j;Kti(">
            <field name="VAR" id="RMbK)by1LEnp^9@HKC(*" variabletype="">Stake</field>
            <value name="VALUE">
              <block type="variables_get" id="TR`xGTpoI16iZ/$}H/4z">
                <field name="VAR" id="l/g[COS_p$y={!V:[u*:" variabletype="">First Stake</field>
              </block>
            </value>
            <next>
              <block type="variables_set" id="snPg/%U^oi}xnFjCE]IU">
                <field name="VAR" id="!c%d*XBHYNv0h]4+]*nj" variabletype="">TargetProfit</field>
                <value name="VALUE">
                  <block type="variables_get" id="K1Woch)cO11X:{raUI]Y">
                    <field name="VAR" id="*S5@jR!:6fNu_jGh29XP" variabletype="">Target Profit</field>
                  </block>
                </value>
                <next>
                  <block type="variables_set" id="FH65,OQ3n?21Hv.c60QZ">
                    <field name="VAR" id="m(@~SI$PI9_=9gVd*zl9" variabletype="">Stoploss</field>
                    <value name="VALUE">
                      <block type="math_single" id="~RqJiX@$dbDTn56tX~(!">
                        <field name="OP">NEG</field>
                        <value name="NUM">
                          <shadow type="math_number" id=":*O0u?1~mablmyFH9nQ^">
                            <field name="NUM">9</field>
                          </shadow>
                          <block type="math_single" id="Fc7b(_3%H~X(pjboD3g4">
                            <field name="OP">ABS</field>
                            <value name="NUM">
                              <shadow type="math_number" id="KJyX:Z7HpG+zVVn[[$5L">
                                <field name="NUM">9</field>
                              </shadow>
                              <block type="variables_get" id="r7!OjfMm)T_)D++HZ*u0">
                                <field name="VAR" id="#zfdvs@F;$O(rYcB/,RJ" variabletype="">Stop Loss</field>
                              </block>
                            </value>
                          </block>
                        </value>
                      </block>
                    </value>
                    <next>
                      <block type="variables_set" id=",Qt{5W:S090vgVGe@=^b">
                        <field name="VAR" id="[~%IWPApAWAU4`63rDfr" variabletype="">MartiLossLevel</field>
                        <value name="VALUE">
                          <block type="variables_get" id="TJ$1?4QP1~b0Y)u8Er,?">
                            <field name="VAR" id="X#UMfnUF|OeyRcxIN~Y4" variabletype="">Martingale Level</field>
                          </block>
                        </value>
                        <next>
                          <block type="variables_set" id="F7E,GI03fZ-!.sSi8nvu">
                            <field name="VAR" id="ezm;s,8YY7`S_pxNx+{s" variabletype="">MartiFactor</field>
                            <value name="VALUE">
                              <block type="variables_get" id="5QnPe]lP**xA=obEC:rR">
                                <field name="VAR" id="}PYb?[K00*b[IHmPgA7k" variabletype="">Martingale Factor</field>
                              </block>
                            </value>
                            <next>
                              <block type="variables_set" id="BIbY[H2x_K8WYS^Wn`U!">
                                <field name="VAR" id="Nxx}Lsm5Mjf|D~2!Dj%V" variabletype="">MartiStart</field>
                                <value name="VALUE">
                                  <block type="variables_get" id="87M[Cp[!`k{t[TOy_L?e">
                                    <field name="VAR" id="-sYH8a;P)v}g?!iatjL," variabletype="">Do Martingale After</field>
                                  </block>
                                </value>
                                <next>
                                  <block type="variables_set" id="MlN8XJW]z%Nn$vX!fwUC">
                                    <field name="VAR" id="ddH0?/^#_8u1VjM/!`t|" variabletype="">Profit</field>
                                    <value name="VALUE">
                                      <block type="math_number" id="AXE:PR%~GtPn!J;zVdU4">
                                        <field name="NUM">0</field>
                                      </block>
                                    </value>
                                    <next>
                                      <block type="variables_set" id="/V`@3MI!XOl2iQu8)MRG">
                                        <field name="VAR" id="RRH]M7%0M)Zi;ridyo7}" variabletype="">Win Count</field>
                                        <value name="VALUE">
                                          <block type="math_number" id="@uMNRq7*h6CpK{OL*`1;">
                                            <field name="NUM">0</field>
                                          </block>
                                        </value>
                                        <next>
                                          <block type="variables_set" id="*_wi!@b$%T/+ip`iQtD|">
                                            <field name="VAR" id="^(Gy/YRFAMn6r6Ekap/J" variabletype="">Loss Count</field>
                                            <value name="VALUE">
                                              <block type="math_number" id="@6~ol6rGo)hiSc:6#V1^">
                                                <field name="NUM">0</field>
                                              </block>
                                            </value>
                                            <next>
                                              <block type="variables_set" id="6hiRA01::q+6xm.mhYk}">
                                                <field name="VAR" id="/VJ7O.)sAJmm47`,|W=v" variabletype="">Loss Level</field>
                                                <value name="VALUE">
                                                  <block type="math_number" id="cs!D-m]M+4^%Uv=SwMP%">
                                                    <field name="NUM">0</field>
                                                  </block>
                                                </value>
                                                <next>
                                                  <block type="variables_set" id="vz1;@;}PWO`+EiJ`;*Kg">
                                                    <field name="VAR" id=".gH2ljP$|@pTmivrVXsr" variabletype="">Marti Double Factor</field>
                                                    <value name="VALUE">
                                                      <block type="math_number" id="(KJFY$X`1F+r{Sv-rWo%">
                                                        <field name="NUM">0</field>
                                                      </block>
                                                    </value>
                                                  </block>
                                                </next>
                                              </block>
                                            </next>
                                          </block>
                                        </next>
                                      </block>
                                    </next>
                                  </block>
                                </next>
                              </block>
                            </next>
                          </block>
                        </next>
                      </block>
                    </next>
                  </block>
                </next>
              </block>
            </next>
          </block>
        </next>
      </block>
    </statement>
  </block>
  <block type="tick_analysis" id="Zkuf{7XyVkKd$7{BIwQv" x="0" y="838">
    <statement name="TICKANALYSIS_STACK">
      <block type="variables_set" id="R1(1;2@@fv7(4p|f*Q5]">
        <field name="VAR" id="=J^x%M+{aB/av_-Fx|+H" variabletype="">Last Tick</field>
        <value name="VALUE">
          <block type="tick" id="i_5vt0y6etGSZX*xueFw"></block>
        </value>
        <next>
          <block type="variables_set" id="wO[TXRlF.qnxmJU~fk_z">
            <field name="VAR" id="wsG]Bb=osIb4RTH1=o+)" variabletype="">Last Tick #2</field>
            <value name="VALUE">
              <block type="lists_getIndex" id="5}TMp:2E@nvv+Mmi;#Nh">
                <mutation statement="false" at="true"></mutation>
                <field name="MODE">GET</field>
                <field name="WHERE">FROM_END</field>
                <value name="VALUE">
                  <block type="ticks" id="~Y-jQa+HT-TCPaUQz*SV"></block>
                </value>
                <value name="AT">
                  <block type="math_number" id="WYhs`NfW`y?d;Pw$|fLS">
                    <field name="NUM">4</field>
                  </block>
                </value>
              </block>
            </value>
          </block>
        </next>
      </block>
    </statement>
  </block>
  <block type="before_purchase" id="i-CIx.(Onm4?ihxzA}Y]" x="13" y="1142">
    <statement name="BEFOREPURCHASE_STACK">
      <block type="notify" id="$*ELimVk/M-)j=O;.q`.">
        <field name="NOTIFICATION_TYPE">info</field>
        <field name="NOTIFICATION_SOUND">silent</field>
        <value name="MESSAGE">
          <shadow type="text" id="f|qee;0Ec-N=LX:@A#$U">
            <field name="TEXT">BINARY BOT MAKER'S BOT IS RUNNING...</field>
          </shadow>
        </value>
        <next>
          <block type="controls_if" id="!b%PLaMM4/.ok/)nP}N-">
            <value name="IF0">
              <block type="logic_compare" id="FFXJ!%N/;Q*7*gT5N^|;">
                <field name="OP">GT</field>
                <value name="A">
                  <block type="variables_get" id="=pHGLky@Ru`v0r3o~0`.">
                    <field name="VAR" id="=J^x%M+{aB/av_-Fx|+H" variabletype="">Last Tick</field>
                  </block>
                </value>
                <value name="B">
                  <block type="variables_get" id="SkW}Y*aU0[IPA:BcRG(~">
                    <field name="VAR" id="wsG]Bb=osIb4RTH1=o+)" variabletype="">Last Tick #2</field>
                  </block>
                </value>
              </block>
            </value>
            <statement name="DO0">
              <block type="purchase" id="W6q#Z-I3q3d[d3-`S[dS">
                <field name="PURCHASE_LIST">PUT</field>
              </block>
            </statement>
          </block>
        </next>
      </block>
    </statement>
  </block>
</xml>