<xml xmlns="http://www.w3.org/1999/xhtml" collection="false">
  <variables>
    <variable type="" id="(wv^!G,U|$SS$An_L$*m">Next trader condition</variable>
    <variable type="" id="jF|0rYz/8(*:R~ps{/o0">Max Loss Amount</variable>
    <variable type="" id="O+h/`1S1HWSm`=qCGuGP">Rise</variable>
    <variable type="" id="U4lpz!+Q`fCu)rmC`fA0">Expected Profit</variable>
    <variable type="" id="+SWn1a/{ge!Fv%q_*le6">JlhLos</variable>
    <variable type="" id="o{]f}aOYCP^#}1Ih3HOW">Win Amount</variable>
    <variable type="" id="Hc#p6RQOLGCa70.%027[">Initial Amount</variable>
    <variable type="" id="Y9a2+$_G%2iKC0|rTFTi">slos</variable>
  </variables>
  <block type="trade" id="trade" x="-80" y="-161">
    <field name="MARKET_LIST">synthetic_index</field>
    <field name="SUBMARKET_LIST">random_index</field>
    <field name="SYMBOL_LIST">R_25</field>
    <field name="TRADETYPECAT_LIST">touchnotouch</field>
    <field name="TRADETYPE_LIST">touchnotouch</field>
    <field name="TYPE_LIST">both</field>
    <field name="CANDLEINTERVAL_LIST">60</field>
    <field name="TIME_MACHINE_ENABLED">FALSE</field>
    <field name="RESTARTONERROR">TRUE</field>
    <statement name="INITIALIZATION">
      <block type="variables_set" id="M~OZI8!6l:QVM9;4^A2!">
        <field name="VAR" id="(wv^!G,U|$SS$An_L$*m" variabletype="">Next trader condition</field>
        <value name="VALUE">
          <block type="text" id="hCD{vDbZTF#|oN1U$qUS">
            <field name="TEXT">Call</field>
          </block>
        </value>
        <next>
          <block type="variables_set" id="qSNwYDy8_sHyDu;JJ]v)">
            <field name="VAR" id="jF|0rYz/8(*:R~ps{/o0" variabletype="">Max Loss Amount</field>
            <value name="VALUE">
              <block type="math_number" id="5),Co^^gBX`umJS2$AS5">
                <field name="NUM">1000</field>
              </block>
            </value>
            <next>
              <block type="variables_set" id="X)]C^zXC,0LdD=8(iX/^">
                <field name="VAR" id="U4lpz!+Q`fCu)rmC`fA0" variabletype="">Expected Profit</field>
                <value name="VALUE">
                  <block type="math_number" id="iwOaGU%bvdTaPyh9HaGn">
                    <field name="NUM">50</field>
                  </block>
                </value>
                <next>
                  <block type="variables_set" id="z!L]O5,.V(O9j}^5ePh^">
                    <field name="VAR" id="o{]f}aOYCP^#}1Ih3HOW" variabletype="">Win Amount</field>
                    <value name="VALUE">
                      <block type="math_number" id="Kza%y1KL(OV3{7b)D$*U">
                        <field name="NUM">1</field>
                      </block>
                    </value>
                    <next>
                      <block type="variables_set" id="h(e;6EgBYq]Cx7s7qwMQ">
                        <field name="VAR" id="Hc#p6RQOLGCa70.%027[" variabletype="">Initial Amount</field>
                        <value name="VALUE">
                          <block type="math_number" id="xvAb%`70*wlIw{cNqg)0">
                            <field name="NUM">1</field>
                          </block>
                        </value>
                        <next>
                          <block type="variables_set" id="Kf?=*TF]ZVND|eXXvr,Q">
                            <field name="VAR" id="Y9a2+$_G%2iKC0|rTFTi" variabletype="">slos</field>
                            <value name="VALUE">
                              <block type="logic_boolean" id="r..y+WI9C)u:*C_?Kd@!">
                                <field name="BOOL">FALSE</field>
                              </block>
                            </value>
                            <next>
                              <block type="variables_set" id="{CdFV(y4f9T?vEvN2-Um">
                                <field name="VAR" id="+SWn1a/{ge!Fv%q_*le6" variabletype="">JlhLos</field>
                                <value name="VALUE">
                                  <block type="math_number" id="5{ky^0BXLFd8KF?D=`*h">
                                    <field name="NUM">0</field>
                                  </block>
                                </value>
                              </block>
                            </next>
                          </block>
                        </next>
                      </block>
                    </next>
                  </block>
                </next>
              </block>
            </next>
          </block>
        </next>
      </block>
    </statement>
    <statement name="SUBMARKET">
      <block type="controls_if" id="]B39M)Kk~YsAz:n8T+S," collapsed="true">
        <mutation else="1"></mutation>
        <value name="IF0">
          <block type="variables_get" id="E:}DzT12)2Nxqh6Ym._l">
            <field name="VAR" id="(wv^!G,U|$SS$An_L$*m" variabletype="">Next trader condition</field>
          </block>
        </value>
        <statement name="DO0">
          <block type="variables_set" id="g7UDgkC%}tH3k);F|WtN">
            <field name="VAR" id="O+h/`1S1HWSm`=qCGuGP" variabletype="">Rise</field>
            <value name="VALUE">
              <block type="logic_boolean" id="#.LcENo0+D;5^=nw3WRE">
                <field name="BOOL">TRUE</field>
              </block>
            </value>
            <next>
              <block type="tradeOptions" id="}A^(VWo0C%?=E~^%Vz+d">
                <field name="DURATIONTYPE_LIST">m</field>
                <field name="CURRENCY_LIST">USD</field>
                <field name="BARRIEROFFSETTYPE_LIST">+</field>
                <field name="SECONDBARRIEROFFSETTYPE_LIST">-</field>
                <value name="DURATION">
                  <block type="math_number" id="+?}alYu-s^w?-6v)}/-c">
                    <field name="NUM">2</field>
                  </block>
                </value>
                <value name="AMOUNT">
                  <block type="variables_get" id="+F5+Lg+oz%,avX_qpU^*">
                    <field name="VAR" id="Hc#p6RQOLGCa70.%027[" variabletype="">Initial Amount</field>
                  </block>
                </value>
                <value name="BARRIEROFFSET">
                  <block type="math_number" id="|#^r~yrLvDd$Dbn6(?`m">
                    <field name="NUM">0.4</field>
                  </block>
                </value>
              </block>
            </next>
          </block>
        </statement>
        <statement name="ELSE">
          <block type="variables_set" id="|T*A*tTR-#ByX5*Z=.2[">
            <field name="VAR" id="O+h/`1S1HWSm`=qCGuGP" variabletype="">Rise</field>
            <value name="VALUE">
              <block type="logic_boolean" id="QAn[S5g0]-Bi7]@MCAQJ">
                <field name="BOOL">FALSE</field>
              </block>
            </value>
            <next>
              <block type="tradeOptions" id="7!EX3%RD.xg=RX=m%Z2E">
                <field name="DURATIONTYPE_LIST">m</field>
                <field name="CURRENCY_LIST">USD</field>
                <field name="BARRIEROFFSETTYPE_LIST">+</field>
                <field name="SECONDBARRIEROFFSETTYPE_LIST">-</field>
                <value name="DURATION">
                  <block type="math_number" id="MJ;a49cJPkW1rMg1[2]H">
                    <field name="NUM">2</field>
                  </block>
                </value>
                <value name="AMOUNT">
                  <block type="variables_get" id="d3ogFB^}OSZ;%jTB[_$,">
                    <field name="VAR" id="Hc#p6RQOLGCa70.%027[" variabletype="">Initial Amount</field>
                  </block>
                </value>
                <value name="BARRIEROFFSET">
                  <block type="math_number" id="a[[HW*+4l-aHUte4wUvi">
                    <field name="NUM">0.4</field>
                  </block>
                </value>
              </block>
            </next>
          </block>
        </statement>
      </block>
    </statement>
  </block>
  <block type="after_purchase" id="finish" collapsed="true" x="750" y="-63">
    <statement name="AFTERPURCHASE_STACK">
      <block type="controls_if" id="%@(f!*AdEFLsr!3OgGRm">
        <mutation else="1"></mutation>
        <value name="IF0">
          <block type="contract_check_result" id=":BL^MmsJ02#UKpQ48{^*">
            <field name="CHECK_RESULT">win</field>
          </block>
        </value>
        <statement name="DO0">
          <block type="notify" id="0CPvA3`lf@Qx[ek{^V[y">
            <field name="NOTIFICATION_TYPE">success</field>
            <field name="NOTIFICATION_SOUND">silent</field>
            <value name="MESSAGE">
              <block type="text_join" id="}#lG|6v#h3a}q2JqY=$v">
                <mutation items="2"></mutation>
                <value name="ADD0">
                  <block type="text" id="3J^K2hCy.2g!jJdo}hH8">
                    <field name="TEXT">Iso-Profit</field>
                  </block>
                </value>
                <value name="ADD1">
                  <block type="read_details" id="?eO3`-cS%?ftQ.7kJAT3">
                    <field name="DETAIL_INDEX">4</field>
                  </block>
                </value>
              </block>
            </value>
            <next>
              <block type="variables_set" id="D(ZO{D)lA3-iiF]y!6!x">
                <field name="VAR" id="+SWn1a/{ge!Fv%q_*le6" variabletype="">JlhLos</field>
                <value name="VALUE">
                  <block type="math_number" id="qT9x8(~Gn|Iz=V0H!`,e">
                    <field name="NUM">0</field>
                  </block>
                </value>
                <next>
                  <block type="controls_if" id="7!m!o067]NY(U#nnkxU2">
                    <value name="IF0">
                      <block type="logic_compare" id="OlclgX=y|1T6]bl-G}N]">
                        <field name="OP">EQ</field>
                        <value name="A">
                          <block type="variables_get" id="It:|?9|]o@G0Cc2[.dk5">
                            <field name="VAR" id="Y9a2+$_G%2iKC0|rTFTi" variabletype="">slos</field>
                          </block>
                        </value>
                        <value name="B">
                          <block type="logic_boolean" id="?pHLpA?b%h+DgDZ-]pZ@">
                            <field name="BOOL">TRUE</field>
                          </block>
                        </value>
                      </block>
                    </value>
                    <statement name="DO0">
                      <block type="variables_set" id="hSa=KH)zy=nS@?NC]zt;">
                        <field name="VAR" id="Y9a2+$_G%2iKC0|rTFTi" variabletype="">slos</field>
                        <value name="VALUE">
                          <block type="logic_boolean" id="mL/C`$L8C`s(p[WHkMqH">
                            <field name="BOOL">FALSE</field>
                          </block>
                        </value>
                        <next>
                          <block type="variables_set" id=".sh@X_wrpKwMnIfMEXd4">
                            <field name="VAR" id="Hc#p6RQOLGCa70.%027[" variabletype="">Initial Amount</field>
                            <value name="VALUE">
                              <block type="variables_get" id="s2rI1VIrW1w|G!}Q4c//">
                                <field name="VAR" id="o{]f}aOYCP^#}1Ih3HOW" variabletype="">Win Amount</field>
                              </block>
                            </value>
                          </block>
                        </next>
                      </block>
                    </statement>
                    <next>
                      <block type="controls_if" id="GvY6*#AQ3;iOlQQfZ9XG">
                        <mutation else="1"></mutation>
                        <value name="IF0">
                          <block type="variables_get" id="jB;W*rK[N0{${sresBPn">
                            <field name="VAR" id="(wv^!G,U|$SS$An_L$*m" variabletype="">Next trader condition</field>
                          </block>
                        </value>
                        <statement name="DO0">
                          <block type="variables_set" id="wq!u5~Db(EAh82R2!YRV">
                            <field name="VAR" id="U4lpz!+Q`fCu)rmC`fA0" variabletype="">Expected Profit</field>
                            <value name="VALUE">
                              <block type="text" id="KQMUD_,3+15mC_RP)seZ">
                                <field name="TEXT">Call</field>
                              </block>
                            </value>
                          </block>
                        </statement>
                        <statement name="ELSE">
                          <block type="variables_set" id="@0zgMhS:r6gRt36|!Chb">
                            <field name="VAR" id="U4lpz!+Q`fCu)rmC`fA0" variabletype="">Expected Profit</field>
                            <value name="VALUE">
                              <block type="text" id="=VMMv#XQAsz.dtR/lm33">
                                <field name="TEXT">Putt</field>
                              </block>
                            </value>
                          </block>
                        </statement>
                      </block>
                    </next>
                  </block>
                </next>
              </block>
            </next>
          </block>
        </statement>
        <statement name="ELSE">
          <block type="controls_if" id="=W_~4ULK/G+J94p9uW95">
            <mutation else="1"></mutation>
            <value name="IF0">
              <block type="variables_get" id="Gcn*t]yaF9ZyyE3thMON">
                <field name="VAR" id="(wv^!G,U|$SS$An_L$*m" variabletype="">Next trader condition</field>
              </block>
            </value>
            <statement name="DO0">
              <block type="variables_set" id="#h}E+v=}BjXlk5YM@0@]">
                <field name="VAR" id="U4lpz!+Q`fCu)rmC`fA0" variabletype="">Expected Profit</field>
                <value name="VALUE">
                  <block type="text" id="K)ZLx|},1A+,!J,LSRdB">
                    <field name="TEXT">Call</field>
                  </block>
                </value>
              </block>
            </statement>
            <statement name="ELSE">
              <block type="variables_set" id="Nf@T,in9qqRa}mE?EqgZ">
                <field name="VAR" id="U4lpz!+Q`fCu)rmC`fA0" variabletype="">Expected Profit</field>
                <value name="VALUE">
                  <block type="text" id=":%xIuRoF4NWsN]iL;6Kh">
                    <field name="TEXT">Putt</field>
                  </block>
                </value>
              </block>
            </statement>
            <next>
              <block type="notify" id="Ehu]|xXGT`7FQm+T7d.x">
                <field name="NOTIFICATION_TYPE">error</field>
                <field name="NOTIFICATION_SOUND">silent</field>
                <value name="MESSAGE">
                  <block type="text_join" id="]EMN%A~bIm;o(z2VK|=N">
                    <mutation items="2"></mutation>
                    <value name="ADD0">
                      <block type="text" id="*aZ4UaY)gMFIX]~i-yno">
                        <field name="TEXT">OTM </field>
                      </block>
                    </value>
                    <value name="ADD1">
                      <block type="math_single" id="iGI33:%7T@Q9F3Q$cj/d">
                        <field name="OP">ABS</field>
                        <value name="NUM">
                          <shadow type="math_number" id="GleSn`9j7Cm7/dqg}FIA">
                            <field name="NUM">9</field>
                          </shadow>
                          <block type="read_details" id="/R4%(Bkmq@1{v=)3~+`K">
                            <field name="DETAIL_INDEX">4</field>
                          </block>
                        </value>
                      </block>
                    </value>
                  </block>
                </value>
                <next>
                  <block type="variables_set" id="cx|tfHota1ee)Fu9+^Jv">
                    <field name="VAR" id="+SWn1a/{ge!Fv%q_*le6" variabletype="">JlhLos</field>
                    <value name="VALUE">
                      <block type="math_arithmetic" id="sm5aN/U|I)?rw`[/OAFS">
                        <field name="OP">ADD</field>
                        <value name="A">
                          <shadow type="math_number" id="ka8n8|Dugz,q5FkUjs`7">
                            <field name="NUM">1</field>
                          </shadow>
                          <block type="variables_get" id="Bq2st]ECPt7DVQd*9D^L">
                            <field name="VAR" id="+SWn1a/{ge!Fv%q_*le6" variabletype="">JlhLos</field>
                          </block>
                        </value>
                        <value name="B">
                          <shadow type="math_number" id="{JXdZCp2%s=sfO@yN:n}">
                            <field name="NUM">1</field>
                          </shadow>
                          <block type="math_number" id="4gSxsB({dW+zTeb`NgFS">
                            <field name="NUM">1</field>
                          </block>
                        </value>
                      </block>
                    </value>
                    <next>
                      <block type="variables_set" id=",ZG~.nc*BroTb(IBODB5">
                        <field name="VAR" id="Y9a2+$_G%2iKC0|rTFTi" variabletype="">slos</field>
                        <value name="VALUE">
                          <block type="logic_boolean" id="Xu^}!)_#|vwCKd77Pp+{">
                            <field name="BOOL">TRUE</field>
                          </block>
                        </value>
                        <next>
                          <block type="controls_if" id="s+Dt4T~D;?fugJoM2PJA">
                            <mutation else="1"></mutation>
                            <value name="IF0">
                              <block type="logic_compare" id="2_{uuYnGwEduobkiDZeg">
                                <field name="OP">EQ</field>
                                <value name="A">
                                  <block type="variables_get" id="i,$L4N+QXkT4tcZ4#5sJ">
                                    <field name="VAR" id="+SWn1a/{ge!Fv%q_*le6" variabletype="">JlhLos</field>
                                  </block>
                                </value>
                                <value name="B">
                                  <block type="math_number" id="1UbclV-:hjg;IZuNwuyg">
                                    <field name="NUM">4</field>
                                  </block>
                                </value>
                              </block>
                            </value>
                            <statement name="DO0">
                              <block type="variables_set" id=".Ey=!uz%Op^^lX.CmpkT">
                                <field name="VAR" id="Hc#p6RQOLGCa70.%027[" variabletype="">Initial Amount</field>
                                <value name="VALUE">
                                  <block type="variables_get" id="7h|vPwQA$(U1(d9d1s@U">
                                    <field name="VAR" id="o{]f}aOYCP^#}1Ih3HOW" variabletype="">Win Amount</field>
                                  </block>
                                </value>
                                <next>
                                  <block type="variables_set" id="W8[1dhf%iYO~+e)yhzpR">
                                    <field name="VAR" id="+SWn1a/{ge!Fv%q_*le6" variabletype="">JlhLos</field>
                                    <value name="VALUE">
                                      <block type="math_number" id="4UD8-@vZHRz!]P^jaFLj">
                                        <field name="NUM">0</field>
                                      </block>
                                    </value>
                                  </block>
                                </next>
                              </block>
                            </statement>
                            <statement name="ELSE">
                              <block type="math_change" id="x`$EMk22j5gni:inwaV%">
                                <field name="VAR" id="Hc#p6RQOLGCa70.%027[" variabletype="">Initial Amount</field>
                                <value name="DELTA">
                                  <shadow type="math_number" id="N=Vo^MVz~/^(xt7Ag@8E">
                                    <field name="NUM">1</field>
                                  </shadow>
                                  <block type="math_arithmetic" id="ybrHyqE5`dPce5~:IM6X">
                                    <field name="OP">MULTIPLY</field>
                                    <value name="A">
                                      <shadow type="math_number" id="ka8n8|Dugz,q5FkUjs`7">
                                        <field name="NUM">1</field>
                                      </shadow>
                                      <block type="math_single" id="M+EqBr|L{ogw_9@9!IeC">
                                        <field name="OP">ABS</field>
                                        <value name="NUM">
                                          <shadow type="math_number" id="GleSn`9j7Cm7/dqg}FIA">
                                            <field name="NUM">9</field>
                                          </shadow>
                                          <block type="variables_get" id="ATa@xt`UQC@dzgEz/zLR">
                                            <field name="VAR" id="Hc#p6RQOLGCa70.%027[" variabletype="">Initial Amount</field>
                                          </block>
                                        </value>
                                      </block>
                                    </value>
                                    <value name="B">
                                      <shadow type="math_number" id="{JXdZCp2%s=sfO@yN:n}">
                                        <field name="NUM">1</field>
                                      </shadow>
                                      <block type="math_number" id="`5IvwZkPtPwqc9IW[kIc">
                                        <field name="NUM">3</field>
                                      </block>
                                    </value>
                                  </block>
                                </value>
                              </block>
                            </statement>
                          </block>
                        </next>
                      </block>
                    </next>
                  </block>
                </next>
              </block>
            </next>
          </block>
        </statement>
        <next>
          <block type="notify" id="Kog`8sYejbZH+QB{`reM">
            <field name="NOTIFICATION_TYPE">info</field>
            <field name="NOTIFICATION_SOUND">silent</field>
            <value name="MESSAGE">
              <block type="text_join" id="55JmTJH?bskwXB52rqVf">
                <mutation items="2"></mutation>
                <value name="ADD0">
                  <block type="text" id="XU]tD=44aE|[c}sM8:4!">
                    <field name="TEXT">Total Profit: </field>
                  </block>
                </value>
                <value name="ADD1">
                  <block type="total_profit" id="YQ_Dw5|,IaKz?P5p[(8;"></block>
                </value>
              </block>
            </value>
            <next>
              <block type="controls_if" id="bljyhb4a@w3]7L_X$N=q" disabled="true">
                <mutation else="1"></mutation>
                <value name="IF0">
                  <block type="logic_compare" id="gStcOpn{DtAda6HTkDQ#">
                    <field name="OP">LT</field>
                    <value name="A">
                      <block type="total_profit" id="^qkz9?|]4UUz$`|t![*Z"></block>
                    </value>
                    <value name="B">
                      <block type="variables_get" id="*0Xpq5!QbX~?[@}Xe;C=">
                        <field name="VAR" id="U4lpz!+Q`fCu)rmC`fA0" variabletype="">Expected Profit</field>
                      </block>
                    </value>
                  </block>
                </value>
                <statement name="DO0">
                  <block type="trade_again" id="9u%Ou=|iQCH_XQjM~X3o"></block>
                </statement>
                <statement name="ELSE">
                  <block type="text_print" id=";Gwl3qT.as8tn:v}{s$7" disabled="true">
                    <value name="TEXT">
                      <shadow type="text" id="kqlrIk.GO.^}hI,PoUV)">
                        <field name="TEXT">abc</field>
                      </shadow>
                      <block type="text_join" id="kLlp~0NJA3hldjAL_2_`">
                        <mutation items="2"></mutation>
                        <value name="ADD0">
                          <block type="text" id="f]b=[+~?`}f#|hOLQ-h}">
                            <field name="TEXT">Selesai, Alhamdullilah Total Profit :</field>
                          </block>
                        </value>
                        <value name="ADD1">
                          <block type="total_profit" id="hT;0;RzYFvIv2(2sG9wx"></block>
                        </value>
                      </block>
                    </value>
                  </block>
                </statement>
                <next>
                  <block type="trade_again" id="2UXHgR*8N80+ip3C~}?}"></block>
                </next>
              </block>
            </next>
          </block>
        </next>
      </block>
    </statement>
  </block>
  <block type="during_purchase" id="CIMQQ-mCQ$*|d@4B@.U$" collapsed="true" x="742" y="-10"></block>
  <block type="before_purchase" id="S3k4K},e#NjrYd(Cvj/5" collapsed="true" x="771" y="140">
    <statement name="BEFOREPURCHASE_STACK">
      <block type="controls_if" id="2;[DRR4~R61-8h+`DeMH">
        <mutation else="1"></mutation>
        <value name="IF0">
          <block type="variables_get" id=",fE;!{;IQjh4D^|aV}]m">
            <field name="VAR" id="O+h/`1S1HWSm`=qCGuGP" variabletype="">Rise</field>
          </block>
        </value>
        <statement name="DO0">
          <block type="purchase" id="|oCfc()f*EUz[)+H2!s3">
            <field name="PURCHASE_LIST">ONETOUCH</field>
          </block>
        </statement>
        <statement name="ELSE">
          <block type="purchase" id="5O%cv/8_hYa?-gA*44zw">
            <field name="PURCHASE_LIST">ONETOUCH</field>
          </block>
        </statement>
      </block>
    </statement>
  </block>
</xml>