<xml xmlns="http://www.w3.org/1999/xhtml" collection="false">
  <variables>
    <variable type="" id="Gw=SbNVToLQcp[`.4WiD">_Target_Profit_</variable>
    <variable type="" id="N;ym]^^`F}(;:e{5uWC7">_Stop_Loss_</variable>
    <variable type="" id="}:{q^/)fxw?mV8p7N;-(">_First_Stake_</variable>
    <variable type="" id="uxIglp%tS)@l)p:R9{Qy">_Martingale_Factor_</variable>
    <variable type="" id="-}4xCQ-A61~QVv8#%tMv">_Martingale_Level_</variable>
    <variable type="" id="8ocELjJ_%L_uRCW4y7Lm">_Martingale_Start_After_</variable>
    <variable type="" id="+A!V#Rs8qVdV/1Qh?L30">put [Result is Win] here</variable>
    <variable type="" id="s6yS^AW3?i{d$[i!;XcT">put [Contract Detail : profit] here</variable>
    <variable type="" id="PV8f:HR7nR^zc,Ci@5i/">profit</variable>
    <variable type="" id="Lxy[C1u4#FTn02B1hh5e">Continue</variable>
    <variable type="" id="}hDd!(BsO^^CbZ;nWA4T">_stake</variable>
    <variable type="" id="L!,4R~pfin$*(W(e):=4">FirstStake</variable>
    <variable type="" id="~o;E_JvI+IswZA-J|AeK">TargetProfit</variable>
    <variable type="" id="glQ/xYQ=?ygn+A!%mS5o">win_count</variable>
    <variable type="" id="Xx(5C:S/+AamjyRI@72z">loss_count</variable>
    <variable type="" id="yhiD04-/7X}T,o3=Nmj~">Stoploss</variable>
    <variable type="" id="rrFPW@{%D*0+F850hQvE">MartiLossLevel</variable>
    <variable type="" id="h+40QM?0}-{fNtFL2)D#">MartiFactor</variable>
    <variable type="" id="JU2$]|{n2cDMOXh]oy!U">loss_level</variable>
    <variable type="" id="BB_hUez=[+fGILU4`jEN">MartiStart</variable>
  </variables>
  <block type="procedures_defnoreturn" id="}a,@Z2+P7P;,a3rB*+Zc" collapsed="true" x="0" y="0">
    <mutation>
      <arg name="_Target_Profit_" varid="Gw=SbNVToLQcp[`.4WiD"></arg>
      <arg name="_Stop_Loss_" varid="N;ym]^^`F}(;:e{5uWC7"></arg>
      <arg name="_First_Stake_" varid="}:{q^/)fxw?mV8p7N;-("></arg>
      <arg name="_Martingale_Factor_" varid="uxIglp%tS)@l)p:R9{Qy"></arg>
      <arg name="_Martingale_Level_" varid="-}4xCQ-A61~QVv8#%tMv"></arg>
      <arg name="_Martingale_Start_After_" varid="8ocELjJ_%L_uRCW4y7Lm"></arg>
    </mutation>
    <field name="NAME">(1) MPSU's Management</field>
    <comment pinned="false" h="80" w="160">FRUITFELLA's Management ver. 3.0</comment>
    <statement name="STACK">
      <block type="notify" id="G7~wRrfg?9}gSh#czLzG" collapsed="true">
        <field name="NOTIFICATION_TYPE">info</field>
        <field name="NOTIFICATION_SOUND">silent</field>
        <value name="MESSAGE">
          <block type="text" id="3GWKvKtkV`vSfzxdrUt=">
            <field name="TEXT">MPSU's Martingale ver. 3.0</field>
          </block>
        </value>
        <next>
          <block type="variables_set" id="FK4u?paD9^I-!5Ai)Jjl" collapsed="true">
            <field name="VAR" id="L!,4R~pfin$*(W(e):=4" variabletype="">FirstStake</field>
            <value name="VALUE">
              <block type="variables_get" id="?mfNzA`8peRWy,e~svE0">
                <field name="VAR" id="}:{q^/)fxw?mV8p7N;-(" variabletype="">_First_Stake_</field>
              </block>
            </value>
            <next>
              <block type="variables_set" id="6?YL[uBR,$:+Z.j;Kti(" collapsed="true">
                <field name="VAR" id="}hDd!(BsO^^CbZ;nWA4T" variabletype="">_stake</field>
                <value name="VALUE">
                  <block type="variables_get" id="TR`xGTpoI16iZ/$}H/4z">
                    <field name="VAR" id="}:{q^/)fxw?mV8p7N;-(" variabletype="">_First_Stake_</field>
                  </block>
                </value>
                <next>
                  <block type="variables_set" id="snPg/%U^oi}xnFjCE]IU" collapsed="true">
                    <field name="VAR" id="~o;E_JvI+IswZA-J|AeK" variabletype="">TargetProfit</field>
                    <value name="VALUE">
                      <block type="variables_get" id="K1Woch)cO11X:{raUI]Y">
                        <field name="VAR" id="Gw=SbNVToLQcp[`.4WiD" variabletype="">_Target_Profit_</field>
                      </block>
                    </value>
                    <next>
                      <block type="variables_set" id="FH65,OQ3n?21Hv.c60QZ" collapsed="true">
                        <field name="VAR" id="yhiD04-/7X}T,o3=Nmj~" variabletype="">Stoploss</field>
                        <value name="VALUE">
                          <block type="math_single" id="~RqJiX@$dbDTn56tX~(!">
                            <field name="OP">NEG</field>
                            <value name="NUM">
                              <shadow type="math_number" id=":*O0u?1~mablmyFH9nQ^">
                                <field name="NUM">9</field>
                              </shadow>
                              <block type="math_single" id="Fc7b(_3%H~X(pjboD3g4">
                                <field name="OP">ABS</field>
                                <value name="NUM">
                                  <shadow type="math_number" id="KJyX:Z7HpG+zVVn[[$5L">
                                    <field name="NUM">9</field>
                                  </shadow>
                                  <block type="variables_get" id="r7!OjfMm)T_)D++HZ*u0">
                                    <field name="VAR" id="N;ym]^^`F}(;:e{5uWC7" variabletype="">_Stop_Loss_</field>
                                  </block>
                                </value>
                              </block>
                            </value>
                          </block>
                        </value>
                        <next>
                          <block type="variables_set" id=",Qt{5W:S090vgVGe@=^b" collapsed="true">
                            <field name="VAR" id="rrFPW@{%D*0+F850hQvE" variabletype="">MartiLossLevel</field>
                            <value name="VALUE">
                              <block type="variables_get" id="TJ$1?4QP1~b0Y)u8Er,?">
                                <field name="VAR" id="-}4xCQ-A61~QVv8#%tMv" variabletype="">_Martingale_Level_</field>
                              </block>
                            </value>
                            <next>
                              <block type="variables_set" id="F7E,GI03fZ-!.sSi8nvu" collapsed="true">
                                <field name="VAR" id="h+40QM?0}-{fNtFL2)D#" variabletype="">MartiFactor</field>
                                <value name="VALUE">
                                  <block type="variables_get" id="5QnPe]lP**xA=obEC:rR">
                                    <field name="VAR" id="uxIglp%tS)@l)p:R9{Qy" variabletype="">_Martingale_Factor_</field>
                                  </block>
                                </value>
                                <next>
                                  <block type="variables_set" id="BIbY[H2x_K8WYS^Wn`U!" collapsed="true">
                                    <field name="VAR" id="BB_hUez=[+fGILU4`jEN" variabletype="">MartiStart</field>
                                    <value name="VALUE">
                                      <block type="variables_get" id="87M[Cp[!`k{t[TOy_L?e">
                                        <field name="VAR" id="8ocELjJ_%L_uRCW4y7Lm" variabletype="">_Martingale_Start_After_</field>
                                      </block>
                                    </value>
                                    <next>
                                      <block type="variables_set" id="MlN8XJW]z%Nn$vX!fwUC">
                                        <field name="VAR" id="PV8f:HR7nR^zc,Ci@5i/" variabletype="">profit</field>
                                        <value name="VALUE">
                                          <block type="math_number" id="AXE:PR%~GtPn!J;zVdU4">
                                            <field name="NUM">0</field>
                                          </block>
                                        </value>
                                        <next>
                                          <block type="variables_set" id="/V`@3MI!XOl2iQu8)MRG">
                                            <field name="VAR" id="glQ/xYQ=?ygn+A!%mS5o" variabletype="">win_count</field>
                                            <value name="VALUE">
                                              <block type="math_number" id="@uMNRq7*h6CpK{OL*`1;">
                                                <field name="NUM">0</field>
                                              </block>
                                            </value>
                                            <next>
                                              <block type="variables_set" id="*_wi!@b$%T/+ip`iQtD|">
                                                <field name="VAR" id="Xx(5C:S/+AamjyRI@72z" variabletype="">loss_count</field>
                                                <value name="VALUE">
                                                  <block type="math_number" id="@6~ol6rGo)hiSc:6#V1^">
                                                    <field name="NUM">0</field>
                                                  </block>
                                                </value>
                                                <next>
                                                  <block type="variables_set" id="6hiRA01::q+6xm.mhYk}">
                                                    <field name="VAR" id="JU2$]|{n2cDMOXh]oy!U" variabletype="">loss_level</field>
                                                    <value name="VALUE">
                                                      <block type="math_number" id="cs!D-m]M+4^%Uv=SwMP%">
                                                        <field name="NUM">0</field>
                                                      </block>
                                                    </value>
                                                  </block>
                                                </next>
                                              </block>
                                            </next>
                                          </block>
                                        </next>
                                      </block>
                                    </next>
                                  </block>
                                </next>
                              </block>
                            </next>
                          </block>
                        </next>
                      </block>
                    </next>
                  </block>
                </next>
              </block>
            </next>
          </block>
        </next>
      </block>
    </statement>
  </block>
  <block type="procedures_defreturn" id="=78^x1,M_K`EPoWP8B#4" collapsed="true" x="0" y="52">
    <mutation>
      <arg name="put [Result is Win] here" varid="+A!V#Rs8qVdV/1Qh?L30"></arg>
      <arg name="put [Contract Detail : profit] here" varid="s6yS^AW3?i{d$[i!;XcT"></arg>
    </mutation>
    <field name="NAME">(4) MPSU Trade again</field>
    <comment pinned="false" h="80" w="160">FRUITFELLA's Management ver. 3.0</comment>
    <statement name="STACK">
      <block type="math_change" id="5mMvn7#-6MC#=J5k3?PV" collapsed="true">
        <field name="VAR" id="PV8f:HR7nR^zc,Ci@5i/" variabletype="">profit</field>
        <value name="DELTA">
          <shadow type="math_number" id="!`~mJ[ITS6N=uY[f!Jo%">
            <field name="NUM">1</field>
          </shadow>
          <block type="variables_get" id=".j]ZF3LWu9*=.nIi9(Gp">
            <field name="VAR" id="s6yS^AW3?i{d$[i!;XcT" variabletype="">put [Contract Detail : profit] here</field>
          </block>
        </value>
        <next>
          <block type="variables_set" id="Ntd8/neg-yW_~sW%z8Jm" collapsed="true">
            <field name="VAR" id="PV8f:HR7nR^zc,Ci@5i/" variabletype="">profit</field>
            <value name="VALUE">
              <block type="math_arithmetic" id="OonVVD66.u7{{wXOy]D)">
                <field name="OP">DIVIDE</field>
                <value name="A">
                  <shadow type="math_number" id="BJLl,k}i_-.}(X^0Rt%[">
                    <field name="NUM">1</field>
                  </shadow>
                  <block type="math_round" id="F4bqA@k.0Pxp]j99~T|@">
                    <field name="OP">ROUND</field>
                    <value name="NUM">
                      <shadow type="math_number" id="enW;6`Y#VQ8j3,1ir3KU">
                        <field name="NUM">3.1</field>
                      </shadow>
                      <block type="math_arithmetic" id="Su++(AeXbX,`P::$9IIG">
                        <field name="OP">MULTIPLY</field>
                        <value name="A">
                          <shadow type="math_number" id="}kZ5|+fH9G83t.$we7~]">
                            <field name="NUM">1</field>
                          </shadow>
                          <block type="variables_get" id="^][hS|MfVLhwa~_,U~fK">
                            <field name="VAR" id="PV8f:HR7nR^zc,Ci@5i/" variabletype="">profit</field>
                          </block>
                        </value>
                        <value name="B">
                          <shadow type="math_number" id=".H#}U`Qa_N#b^$I9(Vh2">
                            <field name="NUM">100</field>
                          </shadow>
                        </value>
                      </block>
                    </value>
                  </block>
                </value>
                <value name="B">
                  <shadow type="math_number" id="ytnd8Z:12vFa*j,jpfx`">
                    <field name="NUM">100</field>
                  </shadow>
                </value>
              </block>
            </value>
            <next>
              <block type="controls_if" id="2haL5s765kSl{T~T5Z^k">
                <mutation else="1"></mutation>
                <value name="IF0">
                  <block type="variables_get" id="j0Q0xvW7M*PhQfuf|p-$">
                    <field name="VAR" id="+A!V#Rs8qVdV/1Qh?L30" variabletype="">put [Result is Win] here</field>
                  </block>
                </value>
                <statement name="DO0">
                  <block type="math_change" id="B_t!T1WWGTt2L#=XAq$4">
                    <field name="VAR" id="glQ/xYQ=?ygn+A!%mS5o" variabletype="">win_count</field>
                    <value name="DELTA">
                      <shadow type="math_number" id="1~)C)c$Zi*p]5Jddfgq_">
                        <field name="NUM">1</field>
                      </shadow>
                    </value>
                    <next>
                      <block type="variables_set" id="aPRpWycsb.n=U#B:fTZD">
                        <field name="VAR" id="Xx(5C:S/+AamjyRI@72z" variabletype="">loss_count</field>
                        <value name="VALUE">
                          <block type="math_number" id="wo=CHjiCccmpWlCo@aA[">
                            <field name="NUM">0</field>
                          </block>
                        </value>
                        <next>
                          <block type="variables_set" id="LC75k*LDcS-{XNrO$Vgg">
                            <field name="VAR" id="}hDd!(BsO^^CbZ;nWA4T" variabletype="">_stake</field>
                            <value name="VALUE">
                              <block type="variables_get" id="4Yg%mKmDs{,~WL~;oa%e">
                                <field name="VAR" id="L!,4R~pfin$*(W(e):=4" variabletype="">FirstStake</field>
                              </block>
                            </value>
                          </block>
                        </next>
                      </block>
                    </next>
                  </block>
                </statement>
                <statement name="ELSE">
                  <block type="math_change" id="(6=+$/+DEbysDWc])WBD">
                    <field name="VAR" id="Xx(5C:S/+AamjyRI@72z" variabletype="">loss_count</field>
                    <value name="DELTA">
                      <shadow type="math_number" id="[W_X?#)Dv,gm)Ff#:8T8">
                        <field name="NUM">1</field>
                      </shadow>
                    </value>
                    <next>
                      <block type="variables_set" id="V*^dRX_0}whp$+CPNq{x">
                        <field name="VAR" id="glQ/xYQ=?ygn+A!%mS5o" variabletype="">win_count</field>
                        <value name="VALUE">
                          <block type="math_number" id="8M!%N2:W2r1cS=tvBqxM">
                            <field name="NUM">0</field>
                          </block>
                        </value>
                        <next>
                          <block type="controls_if" id="-2K^5T@7olg3M6J%I4$B">
                            <value name="IF0">
                              <block type="logic_compare" id="ChDetwZuo;cU6yL{-B{A">
                                <field name="OP">GT</field>
                                <value name="A">
                                  <block type="variables_get" id=".Y*ozIy;+ADs#R8Coh6G">
                                    <field name="VAR" id="Xx(5C:S/+AamjyRI@72z" variabletype="">loss_count</field>
                                  </block>
                                </value>
                                <value name="B">
                                  <block type="variables_get" id="CL]-YIRi^FOdkf{MohQ|">
                                    <field name="VAR" id="JU2$]|{n2cDMOXh]oy!U" variabletype="">loss_level</field>
                                  </block>
                                </value>
                              </block>
                            </value>
                            <statement name="DO0">
                              <block type="variables_set" id="1@C;LXDelk94-)4~K`n=">
                                <field name="VAR" id="JU2$]|{n2cDMOXh]oy!U" variabletype="">loss_level</field>
                                <value name="VALUE">
                                  <block type="variables_get" id="Ea|:QN:u+Rt[V_J6|1G+">
                                    <field name="VAR" id="Xx(5C:S/+AamjyRI@72z" variabletype="">loss_count</field>
                                  </block>
                                </value>
                              </block>
                            </statement>
                            <next>
                              <block type="controls_if" id="?*0^p~(7r2d3-T7z81hI">
                                <value name="IF0">
                                  <block type="logic_compare" id=")y{t.fO)Lb.Zcrs5V4kc">
                                    <field name="OP">GT</field>
                                    <value name="A">
                                      <block type="variables_get" id="xSlsjibK)miodTkmM%GI">
                                        <field name="VAR" id="rrFPW@{%D*0+F850hQvE" variabletype="">MartiLossLevel</field>
                                      </block>
                                    </value>
                                    <value name="B">
                                      <block type="math_number" id="+{rz6u4h%JKj:-4yvC+#">
                                        <field name="NUM">0</field>
                                      </block>
                                    </value>
                                  </block>
                                </value>
                                <statement name="DO0">
                                  <block type="controls_if" id="|~H{~C=_%yzL(L+Ih?6=">
                                    <value name="IF0">
                                      <block type="logic_operation" id="{01rxUq[%FxUb9PE.!UA">
                                        <field name="OP">AND</field>
                                        <value name="A">
                                          <block type="logic_compare" id="x]ZySsjj1^93Zd(-iWh#">
                                            <field name="OP">GT</field>
                                            <value name="A">
                                              <block type="variables_get" id="4c9GWE)n3Ot}n[:HT;,P">
                                                <field name="VAR" id="BB_hUez=[+fGILU4`jEN" variabletype="">MartiStart</field>
                                              </block>
                                            </value>
                                            <value name="B">
                                              <block type="math_number" id="m`.{:5r,BBM8qV)#goY?">
                                                <field name="NUM">0</field>
                                              </block>
                                            </value>
                                          </block>
                                        </value>
                                        <value name="B">
                                          <block type="logic_compare" id="XWUrB+iXH{$8H{G.pj]P">
                                            <field name="OP">GTE</field>
                                            <value name="A">
                                              <block type="variables_get" id="96)hM+J+rW1h/2CiCNV=">
                                                <field name="VAR" id="Xx(5C:S/+AamjyRI@72z" variabletype="">loss_count</field>
                                              </block>
                                            </value>
                                            <value name="B">
                                              <block type="variables_get" id="1ghuM[;g9B!OkEk|Jq-+">
                                                <field name="VAR" id="BB_hUez=[+fGILU4`jEN" variabletype="">MartiStart</field>
                                              </block>
                                            </value>
                                          </block>
                                        </value>
                                      </block>
                                    </value>
                                    <statement name="DO0">
                                      <block type="controls_if" id="Xod]f!9?Cp7s`^TCco:[">
                                        <mutation else="1"></mutation>
                                        <value name="IF0">
                                          <block type="logic_compare" id="3,rl=}wztcTxR`uL/^v*">
                                            <field name="OP">LTE</field>
                                            <value name="A">
                                              <block type="variables_get" id="C1`8WB-bd[X1Ih%.BVH=">
                                                <field name="VAR" id="Xx(5C:S/+AamjyRI@72z" variabletype="">loss_count</field>
                                              </block>
                                            </value>
                                            <value name="B">
                                              <block type="variables_get" id="YCU-oD11NiMjpns6K|J_">
                                                <field name="VAR" id="rrFPW@{%D*0+F850hQvE" variabletype="">MartiLossLevel</field>
                                              </block>
                                            </value>
                                          </block>
                                        </value>
                                        <statement name="DO0">
                                          <block type="math_change" id=")x3(])A|!w=FlJ}Z*aKI">
                                            <field name="VAR" id="}hDd!(BsO^^CbZ;nWA4T" variabletype="">_stake</field>
                                            <value name="DELTA">
                                              <shadow type="math_number" id="iOY0jJ`9*c:I2Hd:QJ_Y">
                                                <field name="NUM">1</field>
                                              </shadow>
                                              <block type="math_arithmetic" id="K/wo]$5[Ba#a7evooV~F">
                                                <field name="OP">MULTIPLY</field>
                                                <value name="A">
                                                  <shadow type="math_number" id="}P^(EoAZ-YU-MS4SDvmg">
                                                    <field name="NUM">1</field>
                                                  </shadow>
                                                  <block type="variables_get" id="0%H*qOjo3?RAmRO$2U/-">
                                                    <field name="VAR" id="}hDd!(BsO^^CbZ;nWA4T" variabletype="">_stake</field>
                                                  </block>
                                                </value>
                                                <value name="B">
                                                  <shadow type="math_number" id="/LcPg[ufeL@.EuFQjyeY">
                                                    <field name="NUM">1</field>
                                                  </shadow>
                                                  <block type="variables_get" id="4GqI7Qc3mqsKGEJKSnT3">
                                                    <field name="VAR" id="h+40QM?0}-{fNtFL2)D#" variabletype="">MartiFactor</field>
                                                  </block>
                                                </value>
                                              </block>
                                            </value>
                                          </block>
                                        </statement>
                                        <statement name="ELSE">
                                          <block type="notify" id="#5H3/1qD}yohz+9b*G+6">
                                            <field name="NOTIFICATION_TYPE">info</field>
                                            <field name="NOTIFICATION_SOUND">silent</field>
                                            <value name="MESSAGE">
                                              <block type="text" id="y8VYir#xh^o24B^w@-%r">
                                                <field name="TEXT">[M] Martingale reset</field>
                                              </block>
                                            </value>
                                            <next>
                                              <block type="variables_set" id="hg/UOO#$+B8Il2Lz:Nv}">
                                                <field name="VAR" id="}hDd!(BsO^^CbZ;nWA4T" variabletype="">_stake</field>
                                                <value name="VALUE">
                                                  <block type="variables_get" id="ubl$r:9]5M{I8+vX;PP/">
                                                    <field name="VAR" id="L!,4R~pfin$*(W(e):=4" variabletype="">FirstStake</field>
                                                  </block>
                                                </value>
                                              </block>
                                            </next>
                                          </block>
                                        </statement>
                                      </block>
                                    </statement>
                                  </block>
                                </statement>
                              </block>
                            </next>
                          </block>
                        </next>
                      </block>
                    </next>
                  </block>
                </statement>
                <next>
                  <block type="variables_set" id="Ii~,V*I}==%{VbzSUcNW">
                    <field name="VAR" id="Lxy[C1u4#FTn02B1hh5e" variabletype="">Continue</field>
                    <value name="VALUE">
                      <block type="logic_boolean" id="IJrFVDwIh9*V/-*GcP3$">
                        <field name="BOOL">FALSE</field>
                      </block>
                    </value>
                    <next>
                      <block type="controls_if" id="?t=R4#bB1Ph_eG%)U{Zq">
                        <mutation elseif="1" else="1"></mutation>
                        <value name="IF0">
                          <block type="logic_compare" id="n(-qX6sIpX~Fo[1%T`a]">
                            <field name="OP">GTE</field>
                            <value name="A">
                              <block type="variables_get" id="pRRkIZW;yZXTP,Ec2#%7">
                                <field name="VAR" id="PV8f:HR7nR^zc,Ci@5i/" variabletype="">profit</field>
                              </block>
                            </value>
                            <value name="B">
                              <block type="variables_get" id=".J0l4%b9|`DFbsS4y+@b">
                                <field name="VAR" id="~o;E_JvI+IswZA-J|AeK" variabletype="">TargetProfit</field>
                              </block>
                            </value>
                          </block>
                        </value>
                        <statement name="DO0">
                          <block type="text_print" id="fQK[F8W}8)x=k0Y$nDnR" collapsed="true">
                            <value name="TEXT">
                              <shadow type="text" id="dJ4OA.-2N8i,6Qy7r!J|">
                                <field name="TEXT">abc</field>
                              </shadow>
                              <block type="text_join" id="Whtg8.!W#_q;bm-PSDK(">
                                <mutation items="2"></mutation>
                                <value name="ADD0">
                                  <block type="text" id=")|MP_xd~9oo!y10?cM;O">
                                    <field name="TEXT">Take profit $</field>
                                  </block>
                                </value>
                                <value name="ADD1">
                                  <block type="variables_get" id="tp=nlW)P|8TI#JCR-R`Z">
                                    <field name="VAR" id="PV8f:HR7nR^zc,Ci@5i/" variabletype="">profit</field>
                                  </block>
                                </value>
                              </block>
                            </value>
                          </block>
                        </statement>
                        <value name="IF1">
                          <block type="logic_compare" id="wqaUuu5;d0qWr@A9R8Uv">
                            <field name="OP">LTE</field>
                            <value name="A">
                              <block type="variables_get" id="iJUy9eQ?_qq:Fx#e:!;)">
                                <field name="VAR" id="PV8f:HR7nR^zc,Ci@5i/" variabletype="">profit</field>
                              </block>
                            </value>
                            <value name="B">
                              <block type="variables_get" id="?=LuB)pGx9NhJuh30YA+">
                                <field name="VAR" id="yhiD04-/7X}T,o3=Nmj~" variabletype="">Stoploss</field>
                              </block>
                            </value>
                          </block>
                        </value>
                        <statement name="DO1">
                          <block type="text_print" id="+fc,,fh/fwUH3nhoFc3f" collapsed="true">
                            <value name="TEXT">
                              <shadow type="text" id="dJ4OA.-2N8i,6Qy7r!J|">
                                <field name="TEXT">abc</field>
                              </shadow>
                              <block type="text_join" id="]gq4NH~_PD.#^!q#_{UN">
                                <mutation items="2"></mutation>
                                <value name="ADD0">
                                  <block type="text" id="T~7).e8^W6THQjOa6c:v">
                                    <field name="TEXT">Stop loss (profit/loss) $</field>
                                  </block>
                                </value>
                                <value name="ADD1">
                                  <block type="variables_get" id="e~X%5c6eC?N6h}{GYA2o">
                                    <field name="VAR" id="PV8f:HR7nR^zc,Ci@5i/" variabletype="">profit</field>
                                  </block>
                                </value>
                              </block>
                            </value>
                          </block>
                        </statement>
                        <statement name="ELSE">
                          <block type="controls_if" id="g`8h+Pq;/Z=wuJIIBr`Z">
                            <mutation else="1"></mutation>
                            <value name="IF0">
                              <block type="logic_compare" id="Q}%H((m|!LOeIVHKxGbv">
                                <field name="OP">GT</field>
                                <value name="A">
                                  <block type="variables_get" id="V$I5(R=s}FQh708v+Vm#">
                                    <field name="VAR" id="PV8f:HR7nR^zc,Ci@5i/" variabletype="">profit</field>
                                  </block>
                                </value>
                                <value name="B">
                                  <block type="math_number" id="$W;*/?A}DM!.(x;-wpFE">
                                    <field name="NUM">0</field>
                                  </block>
                                </value>
                              </block>
                            </value>
                            <statement name="DO0">
                              <block type="notify" id="]7Cq=rQ1D00M},$ck5=;">
                                <field name="NOTIFICATION_TYPE">info</field>
                                <field name="NOTIFICATION_SOUND">silent</field>
                                <value name="MESSAGE">
                                  <block type="text_join" id="So,=5m|b]84g6aQ`jzah">
                                    <mutation items="6"></mutation>
                                    <value name="ADD0">
                                      <block type="text" id="Ww6Utk^Ce:2M^1:IbEYq">
                                        <field name="TEXT">[M] Total profit $ </field>
                                      </block>
                                    </value>
                                    <value name="ADD1">
                                      <block type="variables_get" id="-zUe!0X+$J)uWJg7w-Fc">
                                        <field name="VAR" id="PV8f:HR7nR^zc,Ci@5i/" variabletype="">profit</field>
                                      </block>
                                    </value>
                                    <value name="ADD2">
                                      <block type="text" id="G3TZRjfZwb?/vG!DnT-p">
                                        <field name="TEXT"> || Loss Level </field>
                                      </block>
                                    </value>
                                    <value name="ADD3">
                                      <block type="variables_get" id="WYfM1_eJld$zj?B0ZM/j">
                                        <field name="VAR" id="JU2$]|{n2cDMOXh]oy!U" variabletype="">loss_level</field>
                                      </block>
                                    </value>
                                    <value name="ADD4">
                                      <block type="text" id="WEGot82rEmQ0!.2Uk-jj">
                                        <field name="TEXT"> || Loss Count </field>
                                      </block>
                                    </value>
                                    <value name="ADD5">
                                      <block type="variables_get" id="xFl$)$6){r3_`5XW`biS">
                                        <field name="VAR" id="Xx(5C:S/+AamjyRI@72z" variabletype="">loss_count</field>
                                      </block>
                                    </value>
                                  </block>
                                </value>
                              </block>
                            </statement>
                            <statement name="ELSE">
                              <block type="notify" id="8QOsp0}TU)_%#dE?4He!">
                                <field name="NOTIFICATION_TYPE">warn</field>
                                <field name="NOTIFICATION_SOUND">silent</field>
                                <value name="MESSAGE">
                                  <block type="text_join" id="L/vB,K]@s{!9Qx^s!Pl-">
                                    <mutation items="6"></mutation>
                                    <value name="ADD0">
                                      <block type="text" id="Z`|]KLN43:/oO3eh43%/">
                                        <field name="TEXT">[M] Total loss $ </field>
                                      </block>
                                    </value>
                                    <value name="ADD1">
                                      <block type="variables_get" id="C5)f7$5$O{Y)n.G6Q;Pt">
                                        <field name="VAR" id="PV8f:HR7nR^zc,Ci@5i/" variabletype="">profit</field>
                                      </block>
                                    </value>
                                    <value name="ADD2">
                                      <block type="text" id="N{K7$tD$F$~C4BDS,.p%">
                                        <field name="TEXT"> || Loss Level </field>
                                      </block>
                                    </value>
                                    <value name="ADD3">
                                      <block type="variables_get" id=")Uaa(R~.]e.pd[?8cnj?">
                                        <field name="VAR" id="JU2$]|{n2cDMOXh]oy!U" variabletype="">loss_level</field>
                                      </block>
                                    </value>
                                    <value name="ADD4">
                                      <block type="text" id="emB3SZnkebI:XD]F#x@7">
                                        <field name="TEXT"> || Loss Count </field>
                                      </block>
                                    </value>
                                    <value name="ADD5">
                                      <block type="variables_get" id="~$f~AKl6NjBpX4$y+W/8">
                                        <field name="VAR" id="Xx(5C:S/+AamjyRI@72z" variabletype="">loss_count</field>
                                      </block>
                                    </value>
                                  </block>
                                </value>
                              </block>
                            </statement>
                            <next>
                              <block type="variables_set" id="o88-OoU#i@|Gn^I[1rf1">
                                <field name="VAR" id="Lxy[C1u4#FTn02B1hh5e" variabletype="">Continue</field>
                                <value name="VALUE">
                                  <block type="logic_boolean" id="exXi?*3Wu(`Gl$s6cDU[">
                                    <field name="BOOL">TRUE</field>
                                  </block>
                                </value>
                              </block>
                            </next>
                          </block>
                        </statement>
                      </block>
                    </next>
                  </block>
                </next>
              </block>
            </next>
          </block>
        </next>
      </block>
    </statement>
    <value name="RETURN">
      <block type="variables_get" id="`QS.RAQ`zLWY(L^,u`~t">
        <field name="VAR" id="Lxy[C1u4#FTn02B1hh5e" variabletype="">Continue</field>
      </block>
    </value>
  </block>
  <block type="procedures_defreturn" id="e_)Y1VUG^rh/`U,=QkZS" collapsed="true" x="0" y="104">
    <field name="NAME">MPSU's stake</field>
    <comment pinned="false" h="80" w="160">FRUITFELLA's Management ver. 3.0</comment>
    <value name="RETURN">
      <block type="variables_get" id="34Z3O=w8Bfue%Isf=:h8">
        <field name="VAR" id="}hDd!(BsO^^CbZ;nWA4T" variabletype="">_stake</field>
      </block>
    </value>
  </block>
  <block type="trade" id="xgH69|xFn9=70w.*3Vo@" x="0" y="156">
    <field name="MARKET_LIST">volidx</field>
    <field name="SUBMARKET_LIST">random_index</field>
    <field name="SYMBOL_LIST">R_100</field>
    <field name="TRADETYPECAT_LIST">callputequal</field>
    <field name="TRADETYPE_LIST">risefallequals</field>
    <field name="TYPE_LIST">both</field>
    <field name="CANDLEINTERVAL_LIST">60</field>
    <field name="TIME_MACHINE_ENABLED">FALSE</field>
    <field name="RESTARTONERROR">TRUE</field>
    <statement name="INITIALIZATION">
      <block type="procedures_callnoreturn" id="YJsGjN1W^RHJM.*6t01U">
        <mutation name="(1) MPSU's Management">
          <arg name="_Target_Profit_"></arg>
          <arg name="_Stop_Loss_"></arg>
          <arg name="_First_Stake_"></arg>
          <arg name="_Martingale_Factor_"></arg>
          <arg name="_Martingale_Level_"></arg>
          <arg name="_Martingale_Start_After_"></arg>
        </mutation>
        <value name="ARG0">
          <block type="math_number" id="pr^kbSP9DpBQUR*wYmiN">
            <field name="NUM">4</field>
          </block>
        </value>
        <value name="ARG1">
          <block type="math_number" id="wa4fAQl05D^}eVZMSh//">
            <field name="NUM">20</field>
          </block>
        </value>
        <value name="ARG2">
          <block type="math_number" id="4gmE|st{^{Ezikh_rgOw">
            <field name="NUM">0.35</field>
          </block>
        </value>
        <value name="ARG3">
          <block type="math_number" id="^WHD0nu~%vi:op^L=CEA">
            <field name="NUM">1.4</field>
          </block>
        </value>
        <value name="ARG4">
          <block type="math_number" id="D-!tVMk7}{kC%4QsI%oQ">
            <field name="NUM">7</field>
          </block>
        </value>
        <value name="ARG5">
          <block type="math_number" id="Uu;CG0+e!5|$!QGdk?rb">
            <field name="NUM">3</field>
          </block>
        </value>
      </block>
    </statement>
    <statement name="SUBMARKET">
      <block type="tradeOptions" id="x=V33~4Lb|(sLv`J[:Eb">
        <field name="DURATIONTYPE_LIST">t</field>
        <field name="CURRENCY_LIST">USD</field>
        <field name="BARRIEROFFSETTYPE_LIST">+</field>
        <field name="SECONDBARRIEROFFSETTYPE_LIST">-</field>
        <value name="DURATION">
          <shadow type="math_number" id="O*@58sDc=!cOO}*b2vf9">
            <field name="NUM">1</field>
          </shadow>
        </value>
        <value name="AMOUNT">
          <shadow type="math_number" id="ml)25~7^q}3I9}vjf:%K">
            <field name="NUM">1</field>
          </shadow>
          <block type="procedures_callreturn" id="yrpz=/dEl-S5*ln=0)Kf">
            <mutation name="MPSU's stake"></mutation>
          </block>
        </value>
      </block>
    </statement>
  </block>
  <block type="before_purchase" id="i-CIx.(Onm4?ihxzA}Y]" collapsed="true" x="0" y="617">
    <statement name="BEFOREPURCHASE_STACK">
      <block type="controls_if" id="[0gGmTexHgPJ|x_d*ZA7">
        <value name="IF0">
          <block type="check_direction" id="BbCa40ZdG+.uEOVPb?q,">
            <field name="CHECK_DIRECTION">rise</field>
          </block>
        </value>
        <statement name="DO0">
          <block type="purchase" id="W6q#Z-I3q3d[d3-`S[dS">
            <field name="PURCHASE_LIST">CALLE</field>
          </block>
        </statement>
        <next>
          <block type="controls_if" id="`)m/Gzb`v.K2|_SQY)GL">
            <value name="IF0">
              <block type="check_direction" id="S,x[o?U,ThrJ6[aN=xM{">
                <field name="CHECK_DIRECTION">fall</field>
              </block>
            </value>
            <statement name="DO0">
              <block type="purchase" id="G;Y4%]WYr2XK)uOI-+J;">
                <field name="PURCHASE_LIST">CALLE</field>
              </block>
            </statement>
          </block>
        </next>
      </block>
    </statement>
  </block>
  <block type="during_purchase" id="(4;NieXd}j|Bn!c-YiC|" collapsed="true" x="0" y="669">
    <statement name="DURING_PURCHASE_STACK">
      <block type="controls_if" id="8?eYKAW%VczmRXQ-ou3r">
        <value name="IF0">
          <block type="check_sell" id="M=:_KpEeRAJY_}XTU^8~"></block>
        </value>
      </block>
    </statement>
  </block>
  <block type="after_purchase" id="D^Jz1^n=2vtZku1vBN@;" collapsed="true" x="0" y="721">
    <statement name="AFTERPURCHASE_STACK">
      <block type="controls_if" id="D=0]XddOH;H~T.`NBy*j">
        <mutation else="1"></mutation>
        <value name="IF0">
          <block type="contract_check_result" id="(|K=TCCSFRNgx(]JTfVN">
            <field name="CHECK_RESULT">win</field>
          </block>
        </value>
        <statement name="DO0">
          <block type="notify" id="pbz`j~x36.%@rv7P3ruK">
            <field name="NOTIFICATION_TYPE">success</field>
            <field name="NOTIFICATION_SOUND">earned-money</field>
            <value name="MESSAGE">
              <shadow type="text" id="5iY9Iko5S6LQ2)9aC+:x">
                <field name="TEXT">abc</field>
              </shadow>
              <block type="text_join" id="=2MVkKD]cd$vpL,R=xL2">
                <mutation items="2"></mutation>
                <value name="ADD0">
                  <block type="text" id="5y8@?#k2gxyPB4JZ}gF.">
                    <field name="TEXT"></field>
                  </block>
                </value>
                <value name="ADD1">
                  <block type="read_details" id=";]SN@8eaYleey#}MC/$S">
                    <field name="DETAIL_INDEX">4</field>
                  </block>
                </value>
              </block>
            </value>
          </block>
        </statement>
        <statement name="ELSE">
          <block type="notify" id="BvZa0K[P#.Mtk3g^@lF8">
            <field name="NOTIFICATION_TYPE">warn</field>
            <field name="NOTIFICATION_SOUND">severe-error</field>
            <value name="MESSAGE">
              <shadow type="text" id="5iY9Iko5S6LQ2)9aC+:x">
                <field name="TEXT">abc</field>
              </shadow>
              <block type="text_join" id=")aM}6YJCsL[Abn=7SghT">
                <mutation items="2"></mutation>
                <value name="ADD0">
                  <block type="text" id="`Bk!|bnvgK=LAfkqnnKk">
                    <field name="TEXT"></field>
                  </block>
                </value>
                <value name="ADD1">
                  <block type="read_details" id="z!4hbJ]|w|V}XC}-]nY1">
                    <field name="DETAIL_INDEX">4</field>
                  </block>
                </value>
              </block>
            </value>
          </block>
        </statement>
        <next>
          <block type="controls_if" id="q*W4Fv=kHhnawNn|y=#9">
            <value name="IF0">
              <block type="procedures_callreturn" id="JMaQ33hUqNXLhL{A#hMa">
                <mutation name="(4) MPSU Trade again">
                  <arg name="put [Result is Win] here"></arg>
                  <arg name="put [Contract Detail : profit] here"></arg>
                </mutation>
                <value name="ARG0">
                  <block type="contract_check_result" id="4/v}S=eURVQ|agkdHS6P">
                    <field name="CHECK_RESULT">win</field>
                  </block>
                </value>
                <value name="ARG1">
                  <block type="read_details" id="rG^)PQQuMiXl}9H~I,v9">
                    <field name="DETAIL_INDEX">4</field>
                  </block>
                </value>
              </block>
            </value>
            <statement name="DO0">
              <block type="trade_again" id="5i016@ZsTA+LUBw,],+i"></block>
            </statement>
          </block>
        </next>
      </block>
    </statement>
  </block>
  <block type="tick_analysis" id="q-fQND2eE)xjGNoOhq3+" collapsed="true" x="0" y="773">
    <statement name="TICKANALYSIS_STACK">
      <block type="controls_if" id="iqTy}=Y=Liv]F-.5S%UU">
        <mutation else="1"></mutation>
        <value name="IF0">
          <block type="check_direction" id="65wzJ8cQ=BqOEfg`W;fe">
            <field name="CHECK_DIRECTION">rise</field>
          </block>
        </value>
        <statement name="DO0">
          <block type="notify" id="7qO_@kd=ODxFGmcG0zTL">
            <field name="NOTIFICATION_TYPE">success</field>
            <field name="NOTIFICATION_SOUND">job-done</field>
            <value name="MESSAGE">
              <shadow type="text" id="EfZM6n|pVweFF.,}c`kZ">
                <field name="TEXT">abc</field>
              </shadow>
              <block type="tick" id="Eas4.L;/kp(X@rAjZU^k"></block>
            </value>
          </block>
        </statement>
        <statement name="ELSE">
          <block type="controls_if" id="}m}3T7/iRDC`qAUm:2oX">
            <value name="IF0">
              <block type="check_direction" id="7vPhFJmOT*U*eC{9F!8C">
                <field name="CHECK_DIRECTION">fall</field>
              </block>
            </value>
            <statement name="DO0">
              <block type="notify" id="cW@,9+1gVMcy1NAsQ=/e">
                <field name="NOTIFICATION_TYPE">error</field>
                <field name="NOTIFICATION_SOUND">error</field>
                <value name="MESSAGE">
                  <shadow type="text" id="EfZM6n|pVweFF.,}c`kZ">
                    <field name="TEXT">abc</field>
                  </shadow>
                  <block type="tick" id="+g*1Z?,zab5ZGpoIF-YS"></block>
                </value>
              </block>
            </statement>
          </block>
        </statement>
      </block>
    </statement>
  </block>
</xml>