<xml xmlns="http://www.w3.org/1999/xhtml" collection="false">
  <variables>
    <variable type="" id="dO,2jA#,W(l+~Rs7@l[|">stake</variable>
    <variable type="" id="J3g++(PvQv/)qGUt#G2:">trader</variable>
    <variable type="" id="C1sj}QRP*^Ngjgv+U:yR">stake win</variable>
    <variable type="" id="@nr#0%ma@V~6H5D#nWB[">martingale</variable>
    <variable type="" id="Af6WwokSaL9#7sS#fHwZ">rsi</variable>
  </variables>
  <block type="trade" id="xgH69|xFn9=70w.*3Vo@" x="0" y="0">
    <field name="MARKET_LIST">synthetic_index</field>
    <field name="SUBMARKET_LIST">random_index</field>
    <field name="SYMBOL_LIST">R_10</field>
    <field name="TRADETYPECAT_LIST">touchnotouch</field>
    <field name="TRADETYPE_LIST">touchnotouch</field>
    <field name="TYPE_LIST">ONETOUCH</field>
    <field name="CANDLEINTERVAL_LIST">60</field>
    <field name="TIME_MACHINE_ENABLED">FALSE</field>
    <field name="RESTARTONERROR">TRUE</field>
    <statement name="INITIALIZATION">
      <block type="variables_set" id="xuScAp;eOn*L5u{n4M^E">
        <field name="VAR" id="dO,2jA#,W(l+~Rs7@l[|" variabletype="">stake</field>
        <value name="VALUE">
          <block type="math_number" id="[c5yLi4G|uk0~Lr@m-fx">
            <field name="NUM">1</field>
          </block>
        </value>
        <next>
          <block type="variables_set" id="m,6d3TYRlb;Zb|*YaS59">
            <field name="VAR" id="C1sj}QRP*^Ngjgv+U:yR" variabletype="">stake win</field>
            <value name="VALUE">
              <block type="variables_get" id=")BEr-`LosGajs5yxBTs1">
                <field name="VAR" id="dO,2jA#,W(l+~Rs7@l[|" variabletype="">stake</field>
              </block>
            </value>
            <next>
              <block type="variables_set" id="~u:7#J%K;q97Z6g[oZlr">
                <field name="VAR" id="@nr#0%ma@V~6H5D#nWB[" variabletype="">martingale</field>
                <value name="VALUE">
                  <block type="math_number" id="ZnJYt2fIm:FlLWLQiyQU">
                    <field name="NUM">3</field>
                  </block>
                </value>
              </block>
            </next>
          </block>
        </next>
      </block>
    </statement>
    <statement name="SUBMARKET">
      <block type="variables_set" id="q[-nJb1Q+|ZyLN*CgFTk">
        <field name="VAR" id="J3g++(PvQv/)qGUt#G2:" variabletype="">trader</field>
        <value name="VALUE">
          <block type="logic_null" id="(]wM.%WLpeDncY,rg[b!"></block>
        </value>
        <next>
          <block type="controls_whileUntil" id="lP:~cKbT;edyG%}^.s4n">
            <field name="MODE">UNTIL</field>
            <value name="BOOL">
              <block type="logic_compare" id="q1mM%(@GRkgnR4,pPL*_">
                <field name="OP">NEQ</field>
                <value name="A">
                  <block type="variables_get" id="/nNPB|%2iHCc(_[VlKb.">
                    <field name="VAR" id="J3g++(PvQv/)qGUt#G2:" variabletype="">trader</field>
                  </block>
                </value>
                <value name="B">
                  <block type="logic_null" id="/aVN~p+T]Re#F3|.:J$T"></block>
                </value>
              </block>
            </value>
            <statement name="DO">
              <block type="timeout" id="FS{rcH_yp3.!RxPDl@o$">
                <statement name="TIMEOUTSTACK">
                  <block type="variables_set" id="9bPDo~Vh-OkG{wC9,d0E">
                    <field name="VAR" id="Af6WwokSaL9#7sS#fHwZ" variabletype="">rsi</field>
                    <value name="VALUE">
                      <block type="rsi" id="(8K*VNYnZa%@U~|K*We%">
                        <value name="INPUT">
                          <block type="ticks" id="y6pzYcEbY))L7Tt2]}FK"></block>
                        </value>
                        <value name="PERIOD">
                          <shadow type="math_number" id=";loPb(EYw/6axK$Zs-(q">
                            <field name="NUM">14</field>
                          </shadow>
                        </value>
                      </block>
                    </value>
                    <next>
                      <block type="controls_if" id="R]W]1V2+3C3AwM(j.%lO">
                        <mutation elseif="1" else="1"></mutation>
                        <value name="IF0">
                          <block type="logic_compare" id="[iSlfKb(RR(EJ*BeDD57">
                            <field name="OP">GT</field>
                            <value name="A">
                              <block type="variables_get" id="CQv*-c%v2%jF_JU2kZ8X">
                                <field name="VAR" id="Af6WwokSaL9#7sS#fHwZ" variabletype="">rsi</field>
                              </block>
                            </value>
                            <value name="B">
                              <block type="math_number" id="%l}+V|rbrJPg-e.k=Moq">
                                <field name="NUM">70</field>
                              </block>
                            </value>
                          </block>
                        </value>
                        <statement name="DO0">
                          <block type="variables_set" id="ft]d7}FHLYi9k-t12/jz">
                            <field name="VAR" id="J3g++(PvQv/)qGUt#G2:" variabletype="">trader</field>
                            <value name="VALUE">
                              <block type="text" id="C0!6d1n8GWO44(6^{.LJ">
                                <field name="TEXT">put</field>
                              </block>
                            </value>
                            <next>
                              <block type="notify" id="@7*[(DRt|x1_G/h}vJ1K">
                                <field name="NOTIFICATION_TYPE">error</field>
                                <field name="NOTIFICATION_SOUND">silent</field>
                                <value name="MESSAGE">
                                  <shadow type="text" id="Tp0gNwf;2-|~2Gjy$4T!">
                                    <field name="TEXT">abc</field>
                                  </shadow>
                                  <block type="text_join" id="x0(#$LG0}BSlmhWZ=9L0">
                                    <mutation items="5"></mutation>
                                    <value name="ADD0">
                                      <block type="variables_get" id="7GO`1o4Od[(!SOo}!8gU">
                                        <field name="VAR" id="J3g++(PvQv/)qGUt#G2:" variabletype="">trader</field>
                                      </block>
                                    </value>
                                    <value name="ADD1">
                                      <block type="text" id="})#3*[UJQIf+-qH9$oqL">
                                        <field name="TEXT">   </field>
                                      </block>
                                    </value>
                                    <value name="ADD2">
                                      <block type="variables_get" id="6/7~gund)m9ih.V5AT#0">
                                        <field name="VAR" id="Af6WwokSaL9#7sS#fHwZ" variabletype="">rsi</field>
                                      </block>
                                    </value>
                                    <value name="ADD3">
                                      <block type="text" id="ky!Tt)%({iMg#emUcu|u">
                                        <field name="TEXT">✅</field>
                                      </block>
                                    </value>
                                    <value name="ADD4">
                                      <block type="text" id="TFG-0|KeEx-cBQ[Z[[xt">
                                        <field name="TEXT"> ⇶ </field>
                                      </block>
                                    </value>
                                  </block>
                                </value>
                                <next>
                                  <block type="tradeOptions" id="x=V33~4Lb|(sLv`J[:Eb">
                                    <field name="DURATIONTYPE_LIST">t</field>
                                    <field name="CURRENCY_LIST">USD</field>
                                    <field name="BARRIEROFFSETTYPE_LIST">-</field>
                                    <field name="SECONDBARRIEROFFSETTYPE_LIST">-</field>
                                    <value name="DURATION">
                                      <shadow type="math_number" id="A@GT=a+lSV@i.:!ut=_4">
                                        <field name="NUM">5</field>
                                      </shadow>
                                    </value>
                                    <value name="AMOUNT">
                                      <shadow type="math_number" id="ml)25~7^q}3I9}vjf:%K">
                                        <field name="NUM">1</field>
                                      </shadow>
                                      <block type="variables_get" id="Jm8ViTvwR8%[vfF$5IFB">
                                        <field name="VAR" id="dO,2jA#,W(l+~Rs7@l[|" variabletype="">stake</field>
                                      </block>
                                    </value>
                                    <value name="BARRIEROFFSET">
                                      <shadow type="math_number" id=":^6WqdO#zMWC8,ltT#Tc">
                                        <field name="NUM">0.09</field>
                                      </shadow>
                                    </value>
                                  </block>
                                </next>
                              </block>
                            </next>
                          </block>
                        </statement>
                        <value name="IF1">
                          <block type="logic_compare" id="[/L?JV+3rUM*lQq1h5a1">
                            <field name="OP">LT</field>
                            <value name="A">
                              <block type="variables_get" id="~M%0#4Y{*n-Q8o%_L]=p">
                                <field name="VAR" id="Af6WwokSaL9#7sS#fHwZ" variabletype="">rsi</field>
                              </block>
                            </value>
                            <value name="B">
                              <block type="math_number" id="-R`eYhEl_ZcnA/0gZ3I-">
                                <field name="NUM">30</field>
                              </block>
                            </value>
                          </block>
                        </value>
                        <statement name="DO1">
                          <block type="variables_set" id="PyGGor8yp9]KVyQb^Sdo">
                            <field name="VAR" id="J3g++(PvQv/)qGUt#G2:" variabletype="">trader</field>
                            <value name="VALUE">
                              <block type="text" id="dTI;`I[!UC8F/[fsV7.~">
                                <field name="TEXT">call</field>
                              </block>
                            </value>
                            <next>
                              <block type="notify" id="_{za8=9p78/b2HO!%?`v">
                                <field name="NOTIFICATION_TYPE">info</field>
                                <field name="NOTIFICATION_SOUND">silent</field>
                                <value name="MESSAGE">
                                  <shadow type="text" id="Tp0gNwf;2-|~2Gjy$4T!">
                                    <field name="TEXT">abc</field>
                                  </shadow>
                                  <block type="text_join" id="(qn03C}|4uA@D-2jGZJK">
                                    <mutation items="5"></mutation>
                                    <value name="ADD0">
                                      <block type="variables_get" id="9,}GEb(VMjT/}Z2ti!yR">
                                        <field name="VAR" id="J3g++(PvQv/)qGUt#G2:" variabletype="">trader</field>
                                      </block>
                                    </value>
                                    <value name="ADD1">
                                      <block type="text" id="b#!{78@Z4[lkf96`t)Xf">
                                        <field name="TEXT">   </field>
                                      </block>
                                    </value>
                                    <value name="ADD2">
                                      <block type="variables_get" id="$H:_kEYVpkx9s?q#sejR">
                                        <field name="VAR" id="Af6WwokSaL9#7sS#fHwZ" variabletype="">rsi</field>
                                      </block>
                                    </value>
                                    <value name="ADD3">
                                      <block type="text" id="n2O85a@v+6S1#yhpNRZc">
                                        <field name="TEXT">✅</field>
                                      </block>
                                    </value>
                                    <value name="ADD4">
                                      <block type="text" id="G:vZSg4Btll:[`JJ2l$C">
                                        <field name="TEXT"> ⇶ </field>
                                      </block>
                                    </value>
                                  </block>
                                </value>
                                <next>
                                  <block type="tradeOptions" id=")0B!YCQMGMKm8;/U_INm">
                                    <field name="DURATIONTYPE_LIST">t</field>
                                    <field name="CURRENCY_LIST">USD</field>
                                    <field name="BARRIEROFFSETTYPE_LIST">+</field>
                                    <field name="SECONDBARRIEROFFSETTYPE_LIST">-</field>
                                    <value name="DURATION">
                                      <shadow type="math_number" id="1V]1},)5AR3(qkV{)bI!">
                                        <field name="NUM">5</field>
                                      </shadow>
                                    </value>
                                    <value name="AMOUNT">
                                      <shadow type="math_number" id="ml)25~7^q}3I9}vjf:%K">
                                        <field name="NUM">1</field>
                                      </shadow>
                                      <block type="variables_get" id="f+B6~=KdR2#TKced:Zxv">
                                        <field name="VAR" id="dO,2jA#,W(l+~Rs7@l[|" variabletype="">stake</field>
                                      </block>
                                    </value>
                                    <value name="BARRIEROFFSET">
                                      <shadow type="math_number" id="VeOt0YvJ4,K2G|;QgJzQ">
                                        <field name="NUM">0.09</field>
                                      </shadow>
                                    </value>
                                  </block>
                                </next>
                              </block>
                            </next>
                          </block>
                        </statement>
                        <statement name="ELSE">
                          <block type="notify" id="7+|Yozk]z@_j?F4HgR,c">
                            <field name="NOTIFICATION_TYPE">warn</field>
                            <field name="NOTIFICATION_SOUND">silent</field>
                            <value name="MESSAGE">
                              <shadow type="text" id="Tp0gNwf;2-|~2Gjy$4T!">
                                <field name="TEXT">abc</field>
                              </shadow>
                              <block type="text_join" id="h)Z?mTf`Q~S2}1G(o9eM">
                                <mutation items="5"></mutation>
                                <value name="ADD0">
                                  <block type="variables_get" id="}^$@B3Su]wUt}8Bu6U,8">
                                    <field name="VAR" id="J3g++(PvQv/)qGUt#G2:" variabletype="">trader</field>
                                  </block>
                                </value>
                                <value name="ADD1">
                                  <block type="text" id=",x_oBqqQi+$j;dGt|AHD">
                                    <field name="TEXT">   </field>
                                  </block>
                                </value>
                                <value name="ADD2">
                                  <block type="variables_get" id="N!(mN^:$4qB^FMM)mqur">
                                    <field name="VAR" id="Af6WwokSaL9#7sS#fHwZ" variabletype="">rsi</field>
                                  </block>
                                </value>
                                <value name="ADD3">
                                  <block type="text" id="wA`ZXUFZIS^f#9kW[Hvb">
                                    <field name="TEXT">❌</field>
                                  </block>
                                </value>
                                <value name="ADD4">
                                  <block type="text" id="uH?5Fh;PYglwHzQq)G=z">
                                    <field name="TEXT"> ⇶ </field>
                                  </block>
                                </value>
                              </block>
                            </value>
                          </block>
                        </statement>
                      </block>
                    </next>
                  </block>
                </statement>
                <value name="SECONDS">
                  <shadow type="math_number" id="q]nO/?ULCJ~Pjm%DJMpb">
                    <field name="NUM">2</field>
                  </shadow>
                </value>
              </block>
            </statement>
          </block>
        </next>
      </block>
    </statement>
  </block>
  <block type="before_purchase" id="i-CIx.(Onm4?ihxzA}Y]" x="0" y="1489">
    <statement name="BEFOREPURCHASE_STACK">
      <block type="purchase" id="W6q#Z-I3q3d[d3-`S[dS">
        <field name="PURCHASE_LIST">ONETOUCH</field>
      </block>
    </statement>
  </block>
  <block type="during_purchase" id="(4;NieXd}j|Bn!c-YiC|" x="0" y="1597">
    <statement name="DURING_PURCHASE_STACK">
      <block type="controls_if" id="8?eYKAW%VczmRXQ-ou3r">
        <value name="IF0">
          <block type="check_sell" id="M=:_KpEeRAJY_}XTU^8~"></block>
        </value>
      </block>
    </statement>
  </block>
  <block type="after_purchase" id="D^Jz1^n=2vtZku1vBN@;" x="0" y="1737">
    <statement name="AFTERPURCHASE_STACK">
      <block type="controls_if" id="^17].~Y6J0|e*u)FVO+2">
        <mutation else="1"></mutation>
        <value name="IF0">
          <block type="contract_check_result" id="kgD*ICZDw-%]aRC8N:pE">
            <field name="CHECK_RESULT">win</field>
          </block>
        </value>
        <statement name="DO0">
          <block type="variables_set" id="(uMO5l0QJ{)o4K+Dxh%e">
            <field name="VAR" id="dO,2jA#,W(l+~Rs7@l[|" variabletype="">stake</field>
            <value name="VALUE">
              <block type="variables_get" id="]6Z;gXn5d3x~)/zv4z!s">
                <field name="VAR" id="C1sj}QRP*^Ngjgv+U:yR" variabletype="">stake win</field>
              </block>
            </value>
          </block>
        </statement>
        <statement name="ELSE">
          <block type="variables_set" id="`P~MJ5nJeI/htNOKM@Fi">
            <field name="VAR" id="dO,2jA#,W(l+~Rs7@l[|" variabletype="">stake</field>
            <value name="VALUE">
              <block type="math_arithmetic" id="9$JeIeRw-raa:bq^dk=3">
                <field name="OP">MULTIPLY</field>
                <value name="A">
                  <shadow type="math_number" id="7JAR..:`H61~}3S78l(+">
                    <field name="NUM">1</field>
                  </shadow>
                  <block type="variables_get" id="gGZ}2N]W~6*-C:W)PICl">
                    <field name="VAR" id="dO,2jA#,W(l+~Rs7@l[|" variabletype="">stake</field>
                  </block>
                </value>
                <value name="B">
                  <shadow type="math_number" id="]%JRNhP|B31(aijJ*%l]">
                    <field name="NUM">1</field>
                  </shadow>
                  <block type="variables_get" id="RB*J(6%W.yGnESY;MZnC">
                    <field name="VAR" id="@nr#0%ma@V~6H5D#nWB[" variabletype="">martingale</field>
                  </block>
                </value>
              </block>
            </value>
          </block>
        </statement>
        <next>
          <block type="trade_again" id="c)S|KjoQdXc8l#J@5z3P"></block>
        </next>
      </block>
    </statement>
  </block>
</xml>