<xml xmlns="http://www.w3.org/1999/xhtml" collection="false">
  <variables>
    <variable type="" id="6o_9Nu#$3m#.?zV=ahjK">Prediction</variable>
    <variable type="" id="rUPB[)tUi3we;byHr`7]">Time</variable>
    <variable type="" id="RHgF*C%#h{|Ha5u;#5j?">Initial Amount</variable>
    <variable type="" id="K[O?$oC@acQqB^+{4rY7">Digit</variable>
    <variable type="" id="FlX%77!9AMWGEu#,)Nme">Stop Loss</variable>
    <variable type="" id="(obU$~2J]hr/k0`hgX8/">Win Amount</variable>
    <variable type="" id="a?$LW}C4v+XX:Lc%6-OS">Expected Profit</variable>
  </variables>
  <block type="trade" id="73vWdDagX-YhN)CtN.3D" x="0" y="0">
    <field name="MARKET_LIST">synthetic_index</field>
    <field name="SUBMARKET_LIST">random_index</field>
    <field name="SYMBOL_LIST">R_100</field>
    <field name="TRADETYPECAT_LIST">digits</field>
    <field name="TRADETYPE_LIST">overunder</field>
    <field name="TYPE_LIST">DIGITOVER</field>
    <field name="CANDLEINTERVAL_LIST">60</field>
    <field name="TIME_MACHINE_ENABLED">FALSE</field>
    <field name="RESTARTONERROR">FALSE</field>
    <statement name="INITIALIZATION">
      <block type="variables_set" id="u,R7-Nu^~551j4g.zS|8">
        <field name="VAR" id="6o_9Nu#$3m#.?zV=ahjK" variabletype="">Prediction</field>
        <value name="VALUE">
          <block type="math_number" id="[fC#3g!$y1n1gQW$zaIo">
            <field name="NUM">4</field>
          </block>
        </value>
        <next>
          <block type="variables_set" id="x)_.vX,}axj7ue%jgpB%">
            <field name="VAR" id="rUPB[)tUi3we;byHr`7]" variabletype="">Time</field>
            <value name="VALUE">
              <block type="math_number" id="/+(-C^ny^Xp*I0ORP+(Z">
                <field name="NUM">10</field>
              </block>
            </value>
            <next>
              <block type="variables_set" id="/NVp1yW?GfJb3z!3W#:#">
                <field name="VAR" id="K[O?$oC@acQqB^+{4rY7" variabletype="">Digit</field>
                <value name="VALUE">
                  <block type="math_number" id="eIvT*uvWFWLd6U$%986N">
                    <field name="NUM">0</field>
                  </block>
                </value>
                <next>
                  <block type="variables_set" id="7$DpM}CfwF3d$90e/zl.">
                    <field name="VAR" id="FlX%77!9AMWGEu#,)Nme" variabletype="">Stop Loss</field>
                    <value name="VALUE">
                      <block type="math_number" id="B5.#mSmH+4DCajri?O^)">
                        <field name="NUM">100</field>
                      </block>
                    </value>
                    <next>
                      <block type="variables_set" id="B;eMO~A9Lf+xq/|ki):+">
                        <field name="VAR" id="a?$LW}C4v+XX:Lc%6-OS" variabletype="">Expected Profit</field>
                        <value name="VALUE">
                          <block type="math_number" id="V@QyhA`C-+G(cBh;nDw/">
                            <field name="NUM">9</field>
                          </block>
                        </value>
                        <next>
                          <block type="variables_set" id=":f!4st:(Zr-9$VzeN!t1">
                            <field name="VAR" id="RHgF*C%#h{|Ha5u;#5j?" variabletype="">Initial Amount</field>
                            <value name="VALUE">
                              <block type="math_number" id="c){g[eNu^YVU(twpc~l_">
                                <field name="NUM">1</field>
                              </block>
                            </value>
                            <next>
                              <block type="variables_set" id="sLAf)u(fNS7|z6B/o~vq">
                                <field name="VAR" id="(obU$~2J]hr/k0`hgX8/" variabletype="">Win Amount</field>
                                <value name="VALUE">
                                  <block type="math_number" id="vn;tZO~32h!oL%x+0EHh">
                                    <field name="NUM">1</field>
                                  </block>
                                </value>
                              </block>
                            </next>
                          </block>
                        </next>
                      </block>
                    </next>
                  </block>
                </next>
              </block>
            </next>
          </block>
        </next>
      </block>
    </statement>
    <statement name="SUBMARKET">
      <block type="tradeOptions" id="Drl9/3]qn-5#Nt.L0n!W">
        <field name="DURATIONTYPE_LIST">t</field>
        <field name="CURRENCY_LIST">USD</field>
        <field name="BARRIEROFFSETTYPE_LIST">+</field>
        <field name="SECONDBARRIEROFFSETTYPE_LIST">-</field>
        <value name="DURATION">
          <block type="variables_get" id="!}`,B|ht[bbq}q2*NFVO">
            <field name="VAR" id="rUPB[)tUi3we;byHr`7]" variabletype="">Time</field>
          </block>
        </value>
        <value name="AMOUNT">
          <block type="variables_get" id="_O2;ISV-U:YYoPN3Qczm">
            <field name="VAR" id="RHgF*C%#h{|Ha5u;#5j?" variabletype="">Initial Amount</field>
          </block>
        </value>
        <value name="PREDICTION">
          <block type="variables_get" id="nQF/wk5(L8q4Cj5Hz3%/">
            <field name="VAR" id="6o_9Nu#$3m#.?zV=ahjK" variabletype="">Prediction</field>
          </block>
        </value>
      </block>
    </statement>
  </block>
  <block type="before_purchase" id="tOc)]Xd=cAm0aiy+-8(8" x="0" y="615">
    <statement name="BEFOREPURCHASE_STACK">
      <block type="notify" id="2%^bZ/o?Qxvoj5rc$8[!">
        <field name="NOTIFICATION_TYPE">success</field>
        <field name="NOTIFICATION_SOUND">silent</field>
        <value name="MESSAGE">
          <block type="last_digit" id="jHJ*wIj_f-#mYR|j,YgH"></block>
        </value>
        <next>
          <block type="controls_if" id="/))#3SKXiduHDLO$4LL4" collapsed="true">
            <mutation else="1"></mutation>
            <value name="IF0">
              <block type="logic_compare" id="Ys,P2iFG=FApiWax]au{">
                <field name="OP">EQ</field>
                <value name="A">
                  <block type="last_digit" id="%o2*FF$QG-f@uNK}2p)K"></block>
                </value>
                <value name="B">
                  <block type="math_number" id="lfRfTs[t0,blj(@Q95Y|">
                    <field name="NUM">1</field>
                  </block>
                </value>
              </block>
            </value>
            <statement name="DO0">
              <block type="variables_set" id="+(AYk.$Sd166[rs,(60Z">
                <field name="VAR" id="K[O?$oC@acQqB^+{4rY7" variabletype="">Digit</field>
                <value name="VALUE">
                  <block type="math_number" id="T$RXxP-ZIfQs1Ny!{QGl">
                    <field name="NUM">4</field>
                  </block>
                </value>
              </block>
            </statement>
            <statement name="ELSE">
              <block type="controls_if" id="C+wZ_mp}+JM`SY|O,sDa">
                <value name="IF0">
                  <block type="logic_operation" id="xU]EoB+1=#W*CXl~w~DO">
                    <field name="OP">OR</field>
                    <value name="A">
                      <block type="logic_compare" id="5`[`29dr2xti8I+aE,Se">
                        <field name="OP">EQ</field>
                        <value name="A">
                          <block type="last_digit" id="htVN3GH/p2|xwN^]{!2-"></block>
                        </value>
                        <value name="B">
                          <block type="math_number" id="H|EbMQvM2oE3pnBpoa?z">
                            <field name="NUM">7</field>
                          </block>
                        </value>
                      </block>
                    </value>
                  </block>
                </value>
                <statement name="DO0">
                  <block type="variables_set" id="TOQ9w2QMg8h)x3gbRPkB">
                    <field name="VAR" id="rUPB[)tUi3we;byHr`7]" variabletype="">Time</field>
                    <value name="VALUE">
                      <block type="math_number" id="P*5UEus*FXn~2$SK]{|+">
                        <field name="NUM">1</field>
                      </block>
                    </value>
                    <next>
                      <block type="purchase" id="}}lKjKyaE+zBH:t98m!j">
                        <field name="PURCHASE_LIST">DIGITOVER</field>
                      </block>
                    </next>
                  </block>
                </statement>
                <next>
                  <block type="variables_set" id="gSHkj)E2]2#bvC*%wLUK">
                    <field name="VAR" id="K[O?$oC@acQqB^+{4rY7" variabletype="">Digit</field>
                    <value name="VALUE">
                      <block type="math_number" id="5AWia*xwPc.cF/R:0.w9">
                        <field name="NUM">0</field>
                      </block>
                    </value>
                  </block>
                </next>
              </block>
            </statement>
          </block>
        </next>
      </block>
    </statement>
  </block>
  <block type="after_purchase" id="Vt,CkLeK8E?%BmnB`~M)" collapsed="true" x="1" y="784">
    <statement name="AFTERPURCHASE_STACK">
      <block type="controls_if" id="%@(f!*AdEFLsr!3OgGRm">
        <mutation else="1"></mutation>
        <value name="IF0">
          <block type="contract_check_result" id=":BL^MmsJ02#UKpQ48{^*">
            <field name="CHECK_RESULT">win</field>
          </block>
        </value>
        <statement name="DO0">
          <block type="notify" id="0CPvA3`lf@Qx[ek{^V[y">
            <field name="NOTIFICATION_TYPE">success</field>
            <field name="NOTIFICATION_SOUND">silent</field>
            <value name="MESSAGE">
              <block type="text_join" id="}#lG|6v#h3a}q2JqY=$v">
                <mutation items="2"></mutation>
                <value name="ADD0">
                  <block type="text" id="3J^K2hCy.2g!jJdo}hH8">
                    <field name="TEXT">Won:</field>
                  </block>
                </value>
                <value name="ADD1">
                  <block type="read_details" id="?eO3`-cS%?ftQ.7kJAT3">
                    <field name="DETAIL_INDEX">4</field>
                  </block>
                </value>
              </block>
            </value>
            <next>
              <block type="variables_set" id="D(ZO{D)lA3-iiF]y!6!x">
                <field name="VAR" id="RHgF*C%#h{|Ha5u;#5j?" variabletype="">Initial Amount</field>
                <value name="VALUE">
                  <block type="variables_get" id="}9dc,i+B~Fp+4uMEE3Aa">
                    <field name="VAR" id="(obU$~2J]hr/k0`hgX8/" variabletype="">Win Amount</field>
                  </block>
                </value>
                <next>
                  <block type="variables_set" id="/.goJP{,xSkeBaeexOAu">
                    <field name="VAR" id="6o_9Nu#$3m#.?zV=ahjK" variabletype="">Prediction</field>
                    <value name="VALUE">
                      <block type="math_number" id="Wx]F=4z81I/t(**afQ7X">
                        <field name="NUM">4</field>
                      </block>
                    </value>
                    <next>
                      <block type="variables_set" id=",xmb@Yu-Vz$bmryVU(-.">
                        <field name="VAR" id="K[O?$oC@acQqB^+{4rY7" variabletype="">Digit</field>
                        <value name="VALUE">
                          <block type="math_number" id="U]VRaP3`T5XwRZDrQM7(">
                            <field name="NUM">0</field>
                          </block>
                        </value>
                        <next>
                          <block type="variables_set" id="#bSB2ou8QtdNr6ah%(!%">
                            <field name="VAR" id="rUPB[)tUi3we;byHr`7]" variabletype="">Time</field>
                            <value name="VALUE">
                              <block type="math_number" id="Yn|!V9VkplP5T;$-bm@t">
                                <field name="NUM">1</field>
                              </block>
                            </value>
                            <next>
                              <block type="trade_again" id="Q|q(U%EWQ!fcEv4]K`1I"></block>
                            </next>
                          </block>
                        </next>
                      </block>
                    </next>
                  </block>
                </next>
              </block>
            </next>
          </block>
        </statement>
        <statement name="ELSE">
          <block type="notify" id="Ehu]|xXGT`7FQm+T7d.x">
            <field name="NOTIFICATION_TYPE">warn</field>
            <field name="NOTIFICATION_SOUND">silent</field>
            <value name="MESSAGE">
              <block type="text_join" id="]EMN%A~bIm;o(z2VK|=N">
                <mutation items="2"></mutation>
                <value name="ADD0">
                  <block type="text" id="*aZ4UaY)gMFIX]~i-yno">
                    <field name="TEXT">Lost: </field>
                  </block>
                </value>
                <value name="ADD1">
                  <block type="math_single" id="iGI33:%7T@Q9F3Q$cj/d">
                    <field name="OP">ABS</field>
                    <value name="NUM">
                      <shadow type="math_number" id="GleSn`9j7Cm7/dqg}FIA">
                        <field name="NUM">9</field>
                      </shadow>
                      <block type="read_details" id="/R4%(Bkmq@1{v=)3~+`K">
                        <field name="DETAIL_INDEX">4</field>
                      </block>
                    </value>
                  </block>
                </value>
              </block>
            </value>
            <next>
              <block type="variables_set" id="PH6%wf,w=?d5H;`iTf7d">
                <field name="VAR" id="rUPB[)tUi3we;byHr`7]" variabletype="">Time</field>
                <value name="VALUE">
                  <block type="math_number" id="V|V9)FK:?kphhRoawjPP">
                    <field name="NUM">1</field>
                  </block>
                </value>
                <next>
                  <block type="variables_set" id="Zf5QC7z#:l8Mj8NoS.T;">
                    <field name="VAR" id="6o_9Nu#$3m#.?zV=ahjK" variabletype="">Prediction</field>
                    <value name="VALUE">
                      <block type="math_number" id="#ICa+C|eMc#ii5VjsuwW">
                        <field name="NUM">1</field>
                      </block>
                    </value>
                    <next>
                      <block type="math_change" id="x`$EMk22j5gni:inwaV%">
                        <field name="VAR" id="RHgF*C%#h{|Ha5u;#5j?" variabletype="">Initial Amount</field>
                        <value name="DELTA">
                          <shadow type="math_number" id="N=Vo^MVz~/^(xt7Ag@8E">
                            <field name="NUM">1</field>
                          </shadow>
                          <block type="math_arithmetic" id="ybrHyqE5`dPce5~:IM6X">
                            <field name="OP">MULTIPLY</field>
                            <value name="A">
                              <shadow type="math_number" id="ka8n8|Dugz,q5FkUjs`7">
                                <field name="NUM">1</field>
                              </shadow>
                              <block type="math_single" id="M+EqBr|L{ogw_9@9!IeC">
                                <field name="OP">ABS</field>
                                <value name="NUM">
                                  <shadow type="math_number" id="GleSn`9j7Cm7/dqg}FIA">
                                    <field name="NUM">9</field>
                                  </shadow>
                                  <block type="read_details" id="ruY#E|o:+gfL(,7U(M9~">
                                    <field name="DETAIL_INDEX">4</field>
                                  </block>
                                </value>
                              </block>
                            </value>
                            <value name="B">
                              <shadow type="math_number" id="Abq76oW2o,PI!P+T;QV~">
                                <field name="NUM">1</field>
                              </shadow>
                              <block type="math_number" id="oq5_=hBu{b]})41;=Ss~">
                                <field name="NUM">4.1</field>
                              </block>
                            </value>
                          </block>
                        </value>
                      </block>
                    </next>
                  </block>
                </next>
              </block>
            </next>
          </block>
        </statement>
        <next>
          <block type="notify" id="Kog`8sYejbZH+QB{`reM">
            <field name="NOTIFICATION_TYPE">info</field>
            <field name="NOTIFICATION_SOUND">silent</field>
            <value name="MESSAGE">
              <block type="text_join" id="55JmTJH?bskwXB52rqVf">
                <mutation items="2"></mutation>
                <value name="ADD0">
                  <block type="text" id="XU]tD=44aE|[c}sM8:4!">
                    <field name="TEXT">Total Profit: </field>
                  </block>
                </value>
                <value name="ADD1">
                  <block type="total_profit" id="YQ_Dw5|,IaKz?P5p[(8;"></block>
                </value>
              </block>
            </value>
            <next>
              <block type="controls_if" id="y4b5tND%4SQn=!mZ]`^w">
                <mutation else="1"></mutation>
                <value name="IF0">
                  <block type="logic_compare" id="M%g=^S=Y}e2~K`jii|LJ">
                    <field name="OP">LT</field>
                    <value name="A">
                      <block type="total_profit" id="0FGcI6=.T.DLn~uGsZ-G"></block>
                    </value>
                    <value name="B">
                      <block type="variables_get" id="v^^;%Bh_`{e5c9PqU{B#">
                        <field name="VAR" id="a?$LW}C4v+XX:Lc%6-OS" variabletype="">Expected Profit</field>
                      </block>
                    </value>
                  </block>
                </value>
                <statement name="DO0">
                  <block type="controls_if" id="s+Dt4T~D;?fugJoM2PJA">
                    <mutation else="1"></mutation>
                    <value name="IF0">
                      <block type="logic_operation" id="9jpE.-|$Ne$(|QX-X7Ja">
                        <field name="OP">AND</field>
                        <value name="A">
                          <block type="math_number_property" id="yW1^m!z(h%;m}Vfe#r@^">
                            <mutation divisor_input="false"></mutation>
                            <field name="PROPERTY">NEGATIVE</field>
                            <value name="NUMBER_TO_CHECK">
                              <shadow type="math_number" id="2TJ^lPjT8MrR^:6Ghug=">
                                <field name="NUM">0</field>
                              </shadow>
                              <block type="total_profit" id="uqlDU#QMdm-s]jyv]$B#"></block>
                            </value>
                          </block>
                        </value>
                        <value name="B">
                          <block type="logic_compare" id="mrZXmIf1M3D#D?y=JbT?">
                            <field name="OP">GTE</field>
                            <value name="A">
                              <block type="math_single" id="fw)cikPK0d%U_O_!`*UO">
                                <field name="OP">ABS</field>
                                <value name="NUM">
                                  <shadow type="math_number" id="(rCiW:kP-Kx+n[/lS.n{">
                                    <field name="NUM">9</field>
                                  </shadow>
                                  <block type="total_profit" id="G[25$kY~T~gCVfYR+0gT"></block>
                                </value>
                              </block>
                            </value>
                            <value name="B">
                              <block type="variables_get" id="kMaqW~2,vwv=ESaSZV8W">
                                <field name="VAR" id="FlX%77!9AMWGEu#,)Nme" variabletype="">Stop Loss</field>
                              </block>
                            </value>
                          </block>
                        </value>
                      </block>
                    </value>
                    <statement name="DO0">
                      <block type="text_print" id="pR`ndv1qxV:(EnU;Mg)X">
                        <value name="TEXT">
                          <shadow type="text" id="gE|:9BU8CtUSiP@ZF01_">
                            <field name="TEXT">Stop Loss</field>
                          </shadow>
                        </value>
                      </block>
                    </statement>
                    <statement name="ELSE">
                      <block type="timeout" id="D2a}b~:V-u)c$PCAn@yt">
                        <statement name="TIMEOUTSTACK">
                          <block type="trade_again" id="~P7?~]k2eq8EM.LCoA-f"></block>
                        </statement>
                        <value name="SECONDS">
                          <shadow type="math_number" id="MplXkkGB^qe.mLY$wKO#">
                            <field name="NUM">0</field>
                          </shadow>
                        </value>
                      </block>
                    </statement>
                  </block>
                </statement>
                <statement name="ELSE">
                  <block type="text_print" id="3A$xnjUB)LKwKaFCp}~D">
                    <value name="TEXT">
                      <shadow type="text" id="kqlrIk.GO.^}hI,PoUV)">
                        <field name="TEXT">abc</field>
                      </shadow>
                      <block type="text_join" id="t${9^A*g2PUV`Z8){*$d">
                        <mutation items="2"></mutation>
                        <value name="ADD0">
                          <block type="text" id="#r|s$$l{nDMieG8N~xdr">
                            <field name="TEXT">Total Profit :</field>
                          </block>
                        </value>
                        <value name="ADD1">
                          <block type="total_profit" id="7d=h[LW.:~XXY@WWrcV)"></block>
                        </value>
                      </block>
                    </value>
                  </block>
                </statement>
              </block>
            </next>
          </block>
        </next>
      </block>
    </statement>
  </block>
</xml>