<xml xmlns="http://www.w3.org/1999/xhtml" collection="false">
  <variables>
    <variable type="" id="*S5@jR!:6fNu_jGh29XP">Target Profit</variable>
    <variable type="" id="#zfdvs@F;$O(rYcB/,RJ">Stop Loss</variable>
    <variable type="" id="l/g[COS_p$y={!V:[u*:">First Stake</variable>
    <variable type="" id="}PYb?[K00*b[IHmPgA7k">Martingale Factor</variable>
    <variable type="" id="X#UMfnUF|OeyRcxIN~Y4">Martingale Level</variable>
    <variable type="" id="-sYH8a;P)v}g?!iatjL,">Do Martingale After</variable>
    <variable type="" id="BPsrb}:o?nCP7t]1@Rfq">[Win Result]</variable>
    <variable type="" id="dK=o~;7~9dr8wCZ%hyh,">Detail Profit</variable>
    <variable type="" id="ddH0?/^#_8u1VjM/!`t|">Profit</variable>
    <variable type="" id="#S5]i9_E6vE_6t^_dYeJ">Continue</variable>
    <variable type="" id="ac|Y~6r^fS8C#ei8]C9-">T6</variable>
    <variable type="" id="RMbK)by1LEnp^9@HKC(*">Stake</variable>
    <variable type="" id="k:EcRUy)u-26FkWUoszO">FirstStake</variable>
    <variable type="" id="/kx;*niolH!dx9.A~A-@">T5</variable>
    <variable type="" id="myQVX?8H!2/d7G+O4|ef">T4</variable>
    <variable type="" id="]+#i9!$4MW?%Ib(5H8t)">T1</variable>
    <variable type="" id="!c%d*XBHYNv0h]4+]*nj">TargetProfit</variable>
    <variable type="" id="RRH]M7%0M)Zi;ridyo7}">Win Count</variable>
    <variable type="" id="^(Gy/YRFAMn6r6Ekap/J">Loss Count</variable>
    <variable type="" id="I3:LayD%mnbecGGnh?)?">T3</variable>
    <variable type="" id="FOP1fMa,c6MlV}%B!Q+L">mid BB</variable>
    <variable type="" id="iUVan3Gxoqg]N8g~jR`i">T2</variable>
    <variable type="" id="m(@~SI$PI9_=9gVd*zl9">Stoploss</variable>
    <variable type="" id="[~%IWPApAWAU4`63rDfr">MartiLossLevel</variable>
    <variable type="" id="ezm;s,8YY7`S_pxNx+{s">MartiFactor</variable>
    <variable type="" id="I!xhv{KTx(FS0Ro4tUc}">Next Purchase</variable>
    <variable type="" id="Nxx}Lsm5Mjf|D~2!Dj%V">MartiStart</variable>
    <variable type="" id="/VJ7O.)sAJmm47`,|W=v">Loss Level</variable>
  </variables>
  <block type="trade" id="xgH69|xFn9=70w.*3Vo@" x="-27" y="-48">
    <field name="MARKET_LIST">synthetic_index</field>
    <field name="SUBMARKET_LIST">random_daily</field>
    <field name="SYMBOL_LIST">RDBEAR</field>
    <field name="TRADETYPECAT_LIST">callput</field>
    <field name="TRADETYPE_LIST">risefall</field>
    <field name="TYPE_LIST">both</field>
    <field name="CANDLEINTERVAL_LIST">60</field>
    <field name="TIME_MACHINE_ENABLED">FALSE</field>
    <field name="RESTARTONERROR">TRUE</field>
    <statement name="INITIALIZATION">
      <block type="procedures_callnoreturn" id="I:9o%7BAs(iu{^5:MXNU">
        <mutation name="Daily Profit's System">
          <arg name="Target Profit"></arg>
          <arg name="Stop Loss"></arg>
          <arg name="First Stake"></arg>
          <arg name="Martingale Factor"></arg>
          <arg name="Martingale Level"></arg>
          <arg name="Do Martingale After"></arg>
        </mutation>
        <value name="ARG0">
          <block type="math_number" id="1E7;%i#D@zBy6{Hds;XD">
            <field name="NUM">10</field>
          </block>
        </value>
        <value name="ARG1">
          <block type="math_number" id="tgt6Li^bk2L*=`g@j)RG">
            <field name="NUM">100</field>
          </block>
        </value>
        <value name="ARG2">
          <block type="math_number" id="fV4{Q,)T8ua#I|LXs#{j">
            <field name="NUM">0.35</field>
          </block>
        </value>
        <value name="ARG3">
          <block type="math_number" id="CWL~(|nrqsCj5iQ{|!Wy">
            <field name="NUM">1.1</field>
          </block>
        </value>
        <value name="ARG4">
          <block type="math_number" id="Kg)*K`W@Y+.t4]3y~(Lf">
            <field name="NUM">10</field>
          </block>
        </value>
        <value name="ARG5">
          <block type="math_number" id="`b/zD[)}XkID*5#rc,7*">
            <field name="NUM">1</field>
          </block>
        </value>
      </block>
    </statement>
    <statement name="SUBMARKET">
      <block type="tradeOptions" id="x=V33~4Lb|(sLv`J[:Eb">
        <field name="DURATIONTYPE_LIST">t</field>
        <field name="CURRENCY_LIST">USD</field>
        <field name="BARRIEROFFSETTYPE_LIST">+</field>
        <field name="SECONDBARRIEROFFSETTYPE_LIST">-</field>
        <value name="DURATION">
          <shadow type="math_number" id="O*@58sDc=!cOO}*b2vf9">
            <field name="NUM">1</field>
          </shadow>
        </value>
        <value name="AMOUNT">
          <shadow type="math_number" id="ml)25~7^q}3I9}vjf:%K">
            <field name="NUM">0.35</field>
          </shadow>
          <block type="variables_get" id="F!P1WcP}ZIi10@]/s]1b">
            <field name="VAR" id="RMbK)by1LEnp^9@HKC(*" variabletype="">Stake</field>
          </block>
        </value>
      </block>
    </statement>
  </block>
  <block type="block_holder" id="Qa:PbHcr$xqjQ1WphQ|(" x="0" y="580">
    <statement name="USELESS_STACK">
      <block type="text_print" id="6M4-/wz?`?abBznkl/Vn">
        <value name="TEXT">
          <shadow type="text" id="qp|RWdf/RW:KRZuWV=1Y">
            <field name="TEXT">RISE FALL PREDICTOR WITH FILTER</field>
          </shadow>
        </value>
        <next>
          <block type="text_print" id="(;(6nIrKz:3O|Dq54R.V">
            <value name="TEXT">
              <shadow type="text" id="FBrI[B+bP.e}(x9s+?X,">
                <field name="TEXT">Hold on when sideways</field>
              </shadow>
            </value>
            <next>
              <block type="text_print" id="=bLO;e`?,%Sm)8$WBMQ?">
                <value name="TEXT">
                  <shadow type="text" id="QwM+XcaC(r+^mckOgI+Y">
                    <field name="TEXT">Start analyzing when breakout</field>
                  </shadow>
                </value>
              </block>
            </next>
          </block>
        </next>
      </block>
    </statement>
  </block>
  <block type="before_purchase" id="i-CIx.(Onm4?ihxzA}Y]" x="0" y="734">
    <statement name="BEFOREPURCHASE_STACK">
      <block type="controls_if" id="{f8t4GX2O.^m$dX5K!n/">
        <value name="IF0">
          <block type="logic_operation" id="0ICG{b}#x(U/v]I9^cDs" inline="false">
            <field name="OP">AND</field>
            <value name="A">
              <block type="logic_operation" id="cQi@rS{4y}yk[gJNX@`x">
                <field name="OP">AND</field>
                <value name="A">
                  <block type="logic_compare" id="`:Bph,U5NW{:O8+w5+ra">
                    <field name="OP">GT</field>
                    <value name="A">
                      <block type="variables_get" id="MJv.0!h,x~]m_0S=VCVA">
                        <field name="VAR" id="]+#i9!$4MW?%Ib(5H8t)" variabletype="">T1</field>
                      </block>
                    </value>
                    <value name="B">
                      <block type="variables_get" id="oF3sDu-Kty}TH[JMJS@}">
                        <field name="VAR" id="FOP1fMa,c6MlV}%B!Q+L" variabletype="">mid BB</field>
                      </block>
                    </value>
                  </block>
                </value>
                <value name="B">
                  <block type="logic_compare" id="U%Z?Rf5K(?{Zosykv|13">
                    <field name="OP">GT</field>
                    <value name="A">
                      <block type="variables_get" id="KLO)r$?H:`id%qulxLe,">
                        <field name="VAR" id="iUVan3Gxoqg]N8g~jR`i" variabletype="">T2</field>
                      </block>
                    </value>
                    <value name="B">
                      <block type="variables_get" id="VV:rRS}XHfx!ulZza9o4">
                        <field name="VAR" id="FOP1fMa,c6MlV}%B!Q+L" variabletype="">mid BB</field>
                      </block>
                    </value>
                  </block>
                </value>
              </block>
            </value>
            <value name="B">
              <block type="logic_operation" id="_;@X=F7^*;`=nAGDl-i~" inline="false">
                <field name="OP">AND</field>
                <value name="A">
                  <block type="logic_operation" id="Lm;_+=yn1?D$yb7+gNe|">
                    <field name="OP">AND</field>
                    <value name="A">
                      <block type="logic_compare" id="I-bMr0Kq5?.}N)P~?*{U">
                        <field name="OP">GT</field>
                        <value name="A">
                          <block type="variables_get" id="!*#-=y~Kh/aVIFjF4bF,">
                            <field name="VAR" id="I3:LayD%mnbecGGnh?)?" variabletype="">T3</field>
                          </block>
                        </value>
                        <value name="B">
                          <block type="variables_get" id="1=aS?;cAF4CW67{vjei:">
                            <field name="VAR" id="FOP1fMa,c6MlV}%B!Q+L" variabletype="">mid BB</field>
                          </block>
                        </value>
                      </block>
                    </value>
                    <value name="B">
                      <block type="logic_compare" id="FC^_`hI{c8ZQ0E;Gn=Xq">
                        <field name="OP">GT</field>
                        <value name="A">
                          <block type="variables_get" id="Fq3_7;sAOPnVx3Sq|ic3">
                            <field name="VAR" id="myQVX?8H!2/d7G+O4|ef" variabletype="">T4</field>
                          </block>
                        </value>
                        <value name="B">
                          <block type="variables_get" id="m9R,3x^bM.nA`Hhkh#zF">
                            <field name="VAR" id="FOP1fMa,c6MlV}%B!Q+L" variabletype="">mid BB</field>
                          </block>
                        </value>
                      </block>
                    </value>
                  </block>
                </value>
                <value name="B">
                  <block type="logic_operation" id="[|i!mkvx:1WAW1zbYN}N">
                    <field name="OP">AND</field>
                    <value name="A">
                      <block type="logic_compare" id="CmV1k06H,%+o}!/NgqR#">
                        <field name="OP">GT</field>
                        <value name="A">
                          <block type="variables_get" id="79co^/Qdr:,Zn}(KfK=z">
                            <field name="VAR" id="/kx;*niolH!dx9.A~A-@" variabletype="">T5</field>
                          </block>
                        </value>
                        <value name="B">
                          <block type="variables_get" id="Zmzx$sdGU}Fw:RTU2?Vj">
                            <field name="VAR" id="FOP1fMa,c6MlV}%B!Q+L" variabletype="">mid BB</field>
                          </block>
                        </value>
                      </block>
                    </value>
                    <value name="B">
                      <block type="logic_compare" id="=dK8SGo:R/Lc-S{f|R!H">
                        <field name="OP">GT</field>
                        <value name="A">
                          <block type="variables_get" id="N6GJs)||ngvlIi;JkJ!:">
                            <field name="VAR" id="ac|Y~6r^fS8C#ei8]C9-" variabletype="">T6</field>
                          </block>
                        </value>
                        <value name="B">
                          <block type="variables_get" id="zV;UJP;2D{CEiY_HiSG%">
                            <field name="VAR" id="FOP1fMa,c6MlV}%B!Q+L" variabletype="">mid BB</field>
                          </block>
                        </value>
                      </block>
                    </value>
                  </block>
                </value>
              </block>
            </value>
          </block>
        </value>
        <statement name="DO0">
          <block type="controls_if" id="$B%WQeeog;vf[X:]-f/o">
            <value name="IF0">
              <block type="logic_compare" id="`3$4;4=:EQ0.Av^V7Y,A">
                <field name="OP">GT</field>
                <value name="A">
                  <block type="variables_get" id="TLD8|XJ{7zQw=ydtUerm">
                    <field name="VAR" id="ac|Y~6r^fS8C#ei8]C9-" variabletype="">T6</field>
                  </block>
                </value>
                <value name="B">
                  <block type="variables_get" id="(vwaP|$l{nmz25h]*H1d">
                    <field name="VAR" id="]+#i9!$4MW?%Ib(5H8t)" variabletype="">T1</field>
                  </block>
                </value>
              </block>
            </value>
            <statement name="DO0">
              <block type="purchase" id="R.JK(m{F:!-6dUvo}OpB">
                <field name="PURCHASE_LIST">PUT</field>
              </block>
            </statement>
            <next>
              <block type="controls_if" id="V4r`3y_.67u8Eo)s`1yb">
                <value name="IF0">
                  <block type="logic_compare" id="`NcOx@zADp=[5N$gpBJK">
                    <field name="OP">LT</field>
                    <value name="A">
                      <block type="variables_get" id="yU@i?JgDei!n0Ir$BH:3">
                        <field name="VAR" id="ac|Y~6r^fS8C#ei8]C9-" variabletype="">T6</field>
                      </block>
                    </value>
                    <value name="B">
                      <block type="variables_get" id="s7]N}8`9H#8T|,@NEN*m">
                        <field name="VAR" id="]+#i9!$4MW?%Ib(5H8t)" variabletype="">T1</field>
                      </block>
                    </value>
                  </block>
                </value>
                <statement name="DO0">
                  <block type="purchase" id="}+!)Hots+WumXk7Cy2=E">
                    <field name="PURCHASE_LIST">CALL</field>
                  </block>
                </statement>
              </block>
            </next>
          </block>
        </statement>
        <next>
          <block type="controls_if" id="dBbF(55.`J{d)~kg0`)`">
            <value name="IF0">
              <block type="logic_operation" id="1I,nt=_=?h;zNbq7W%@5" inline="false">
                <field name="OP">AND</field>
                <value name="A">
                  <block type="logic_operation" id="8Kn8WR]5J#-luQ[r:TQ[">
                    <field name="OP">AND</field>
                    <value name="A">
                      <block type="logic_compare" id="*F!3*^^iRT?A4/%Em3gI">
                        <field name="OP">LT</field>
                        <value name="A">
                          <block type="variables_get" id="/l#O039=_`r_+@]X05W_">
                            <field name="VAR" id="]+#i9!$4MW?%Ib(5H8t)" variabletype="">T1</field>
                          </block>
                        </value>
                        <value name="B">
                          <block type="variables_get" id="BSCZB`S*W|gy=Toq%7]D">
                            <field name="VAR" id="FOP1fMa,c6MlV}%B!Q+L" variabletype="">mid BB</field>
                          </block>
                        </value>
                      </block>
                    </value>
                    <value name="B">
                      <block type="logic_compare" id="8*]xE/%RhRur11r^z!MA">
                        <field name="OP">LT</field>
                        <value name="A">
                          <block type="variables_get" id="*.t^A/BW;!P6q7^V)xS|">
                            <field name="VAR" id="iUVan3Gxoqg]N8g~jR`i" variabletype="">T2</field>
                          </block>
                        </value>
                        <value name="B">
                          <block type="variables_get" id="V86^L[jgKf+O1J?ulGRP">
                            <field name="VAR" id="FOP1fMa,c6MlV}%B!Q+L" variabletype="">mid BB</field>
                          </block>
                        </value>
                      </block>
                    </value>
                  </block>
                </value>
                <value name="B">
                  <block type="logic_operation" id="n#BJfGtk9E{9LXQj::`#" inline="false">
                    <field name="OP">AND</field>
                    <value name="A">
                      <block type="logic_operation" id="yUp?~6!LUaNRkeZt@R#k">
                        <field name="OP">AND</field>
                        <value name="A">
                          <block type="logic_compare" id="$jiv_3}~44qIN;bWpap_">
                            <field name="OP">LT</field>
                            <value name="A">
                              <block type="variables_get" id="ORwKCgHiH;bBD}k1f*}M">
                                <field name="VAR" id="I3:LayD%mnbecGGnh?)?" variabletype="">T3</field>
                              </block>
                            </value>
                            <value name="B">
                              <block type="variables_get" id="M!RMIIN]n|?R7(it:fZI">
                                <field name="VAR" id="FOP1fMa,c6MlV}%B!Q+L" variabletype="">mid BB</field>
                              </block>
                            </value>
                          </block>
                        </value>
                        <value name="B">
                          <block type="logic_compare" id="OIGy#0W1,}ma?`=:xYy{">
                            <field name="OP">LT</field>
                            <value name="A">
                              <block type="variables_get" id="[85@@_;wjGixZjVwnKb(">
                                <field name="VAR" id="myQVX?8H!2/d7G+O4|ef" variabletype="">T4</field>
                              </block>
                            </value>
                            <value name="B">
                              <block type="variables_get" id="bw|w:C$G|R/##xXPeIt2">
                                <field name="VAR" id="FOP1fMa,c6MlV}%B!Q+L" variabletype="">mid BB</field>
                              </block>
                            </value>
                          </block>
                        </value>
                      </block>
                    </value>
                    <value name="B">
                      <block type="logic_operation" id="7#[UB{+.(i0W*75HBO8E">
                        <field name="OP">AND</field>
                        <value name="A">
                          <block type="logic_compare" id="KR}8sAH(k$0^1#d6D$ph">
                            <field name="OP">LT</field>
                            <value name="A">
                              <block type="variables_get" id="[U]b3t[-j{czQh`t[DIC">
                                <field name="VAR" id="/kx;*niolH!dx9.A~A-@" variabletype="">T5</field>
                              </block>
                            </value>
                            <value name="B">
                              <block type="variables_get" id="JQ0q(SL5z;?~J1}5e{VN">
                                <field name="VAR" id="FOP1fMa,c6MlV}%B!Q+L" variabletype="">mid BB</field>
                              </block>
                            </value>
                          </block>
                        </value>
                        <value name="B">
                          <block type="logic_compare" id="d?*Qc@G,K@M)}AA/6-Sx">
                            <field name="OP">LT</field>
                            <value name="A">
                              <block type="variables_get" id="ioY8,|y{^:/*2HDYGm)4">
                                <field name="VAR" id="ac|Y~6r^fS8C#ei8]C9-" variabletype="">T6</field>
                              </block>
                            </value>
                            <value name="B">
                              <block type="variables_get" id="!qhW]p_|DOg!v._ZfnNC">
                                <field name="VAR" id="FOP1fMa,c6MlV}%B!Q+L" variabletype="">mid BB</field>
                              </block>
                            </value>
                          </block>
                        </value>
                      </block>
                    </value>
                  </block>
                </value>
              </block>
            </value>
            <statement name="DO0">
              <block type="controls_if" id="u(E!sI[zaUca2Ay}8cjZ">
                <value name="IF0">
                  <block type="logic_compare" id=":Lz1?=Q8mE$(vyu=EvsT">
                    <field name="OP">GT</field>
                    <value name="A">
                      <block type="variables_get" id="#^qu=?!?#)U;]WP!Op1i">
                        <field name="VAR" id="ac|Y~6r^fS8C#ei8]C9-" variabletype="">T6</field>
                      </block>
                    </value>
                    <value name="B">
                      <block type="variables_get" id="QVoG;cBs=OMd[WwgEmV*">
                        <field name="VAR" id="]+#i9!$4MW?%Ib(5H8t)" variabletype="">T1</field>
                      </block>
                    </value>
                  </block>
                </value>
                <statement name="DO0">
                  <block type="purchase" id="8-GiYzcavU|]0h42Ih6?">
                    <field name="PURCHASE_LIST">PUT</field>
                  </block>
                </statement>
                <next>
                  <block type="controls_if" id="!y.9Y)QE7sQS.%4`eeaa">
                    <value name="IF0">
                      <block type="logic_compare" id="m_5;,TOU2{}|qFjN~akh">
                        <field name="OP">LT</field>
                        <value name="A">
                          <block type="variables_get" id="3%R)mQEs^uvm!R_54L@#">
                            <field name="VAR" id="ac|Y~6r^fS8C#ei8]C9-" variabletype="">T6</field>
                          </block>
                        </value>
                        <value name="B">
                          <block type="variables_get" id="e!%Ava?v2bQ25LU*Zo$[">
                            <field name="VAR" id="]+#i9!$4MW?%Ib(5H8t)" variabletype="">T1</field>
                          </block>
                        </value>
                      </block>
                    </value>
                    <statement name="DO0">
                      <block type="purchase" id="R+McS$a!3ZF7i/-aZtn:">
                        <field name="PURCHASE_LIST">CALL</field>
                      </block>
                    </statement>
                  </block>
                </next>
              </block>
            </statement>
          </block>
        </next>
      </block>
    </statement>
  </block>
  <block type="after_purchase" id="D^Jz1^n=2vtZku1vBN@;" x="0" y="1538">
    <statement name="AFTERPURCHASE_STACK">
      <block type="controls_if" id="3gM8L!k-Su98Mx]guZ8j">
        <value name="IF0">
          <block type="procedures_callreturn" id="G)YLM!:fG3=Icl@Z*i6+">
            <mutation name="Daily Profit's Trade Again">
              <arg name="[Win Result]"></arg>
              <arg name="Detail Profit"></arg>
            </mutation>
            <value name="ARG0">
              <block type="contract_check_result" id="6$CRx.,%K/.hR_b!?S~F">
                <field name="CHECK_RESULT">win</field>
              </block>
            </value>
            <value name="ARG1">
              <block type="read_details" id="s4aP$WQ5)S1G6p@1XcA]">
                <field name="DETAIL_INDEX">4</field>
              </block>
            </value>
          </block>
        </value>
        <statement name="DO0">
          <block type="trade_again" id="c)S|KjoQdXc8l#J@5z3P"></block>
        </statement>
      </block>
    </statement>
  </block>
  <block type="procedures_defnoreturn" id=",ATJ^k41u/TZVNu?}tMe" collapsed="true" x="0" y="1748">
    <mutation>
      <arg name="Target Profit" varid="*S5@jR!:6fNu_jGh29XP"></arg>
      <arg name="Stop Loss" varid="#zfdvs@F;$O(rYcB/,RJ"></arg>
      <arg name="First Stake" varid="l/g[COS_p$y={!V:[u*:"></arg>
      <arg name="Martingale Factor" varid="}PYb?[K00*b[IHmPgA7k"></arg>
      <arg name="Martingale Level" varid="X#UMfnUF|OeyRcxIN~Y4"></arg>
      <arg name="Do Martingale After" varid="-sYH8a;P)v}g?!iatjL,"></arg>
    </mutation>
    <field name="NAME">Daily Profit's System</field>
    <comment pinned="false" h="80" w="160">Describe this function...</comment>
    <statement name="STACK">
      <block type="notify" id="G7~wRrfg?9}gSh#czLzG">
        <field name="NOTIFICATION_TYPE">info</field>
        <field name="NOTIFICATION_SOUND">silent</field>
        <value name="MESSAGE">
          <block type="text" id="3GWKvKtkV`vSfzxdrUt=">
            <field name="TEXT">Bot Starts! Courtesy of Ultimate trading Scripts: Provenbinarybot </field>
          </block>
        </value>
        <next>
          <block type="variables_set" id="FK4u?paD9^I-!5Ai)Jjl">
            <field name="VAR" id="k:EcRUy)u-26FkWUoszO" variabletype="">FirstStake</field>
            <value name="VALUE">
              <block type="variables_get" id="?mfNzA`8peRWy,e~svE0">
                <field name="VAR" id="l/g[COS_p$y={!V:[u*:" variabletype="">First Stake</field>
              </block>
            </value>
            <next>
              <block type="variables_set" id="6?YL[uBR,$:+Z.j;Kti(">
                <field name="VAR" id="RMbK)by1LEnp^9@HKC(*" variabletype="">Stake</field>
                <value name="VALUE">
                  <block type="variables_get" id="TR`xGTpoI16iZ/$}H/4z">
                    <field name="VAR" id="l/g[COS_p$y={!V:[u*:" variabletype="">First Stake</field>
                  </block>
                </value>
                <next>
                  <block type="variables_set" id="snPg/%U^oi}xnFjCE]IU">
                    <field name="VAR" id="!c%d*XBHYNv0h]4+]*nj" variabletype="">TargetProfit</field>
                    <value name="VALUE">
                      <block type="variables_get" id="K1Woch)cO11X:{raUI]Y">
                        <field name="VAR" id="*S5@jR!:6fNu_jGh29XP" variabletype="">Target Profit</field>
                      </block>
                    </value>
                    <next>
                      <block type="variables_set" id="FH65,OQ3n?21Hv.c60QZ">
                        <field name="VAR" id="m(@~SI$PI9_=9gVd*zl9" variabletype="">Stoploss</field>
                        <value name="VALUE">
                          <block type="math_single" id="~RqJiX@$dbDTn56tX~(!">
                            <field name="OP">NEG</field>
                            <value name="NUM">
                              <shadow type="math_number" id=":*O0u?1~mablmyFH9nQ^">
                                <field name="NUM">9</field>
                              </shadow>
                              <block type="math_single" id="Fc7b(_3%H~X(pjboD3g4">
                                <field name="OP">ABS</field>
                                <value name="NUM">
                                  <shadow type="math_number" id="KJyX:Z7HpG+zVVn[[$5L">
                                    <field name="NUM">9</field>
                                  </shadow>
                                  <block type="variables_get" id="r7!OjfMm)T_)D++HZ*u0">
                                    <field name="VAR" id="#zfdvs@F;$O(rYcB/,RJ" variabletype="">Stop Loss</field>
                                  </block>
                                </value>
                              </block>
                            </value>
                          </block>
                        </value>
                        <next>
                          <block type="variables_set" id=",Qt{5W:S090vgVGe@=^b">
                            <field name="VAR" id="[~%IWPApAWAU4`63rDfr" variabletype="">MartiLossLevel</field>
                            <value name="VALUE">
                              <block type="variables_get" id="TJ$1?4QP1~b0Y)u8Er,?">
                                <field name="VAR" id="X#UMfnUF|OeyRcxIN~Y4" variabletype="">Martingale Level</field>
                              </block>
                            </value>
                            <next>
                              <block type="variables_set" id="F7E,GI03fZ-!.sSi8nvu">
                                <field name="VAR" id="ezm;s,8YY7`S_pxNx+{s" variabletype="">MartiFactor</field>
                                <value name="VALUE">
                                  <block type="variables_get" id="5QnPe]lP**xA=obEC:rR">
                                    <field name="VAR" id="}PYb?[K00*b[IHmPgA7k" variabletype="">Martingale Factor</field>
                                  </block>
                                </value>
                                <next>
                                  <block type="variables_set" id="BIbY[H2x_K8WYS^Wn`U!">
                                    <field name="VAR" id="Nxx}Lsm5Mjf|D~2!Dj%V" variabletype="">MartiStart</field>
                                    <value name="VALUE">
                                      <block type="variables_get" id="87M[Cp[!`k{t[TOy_L?e">
                                        <field name="VAR" id="-sYH8a;P)v}g?!iatjL," variabletype="">Do Martingale After</field>
                                      </block>
                                    </value>
                                    <next>
                                      <block type="variables_set" id="MlN8XJW]z%Nn$vX!fwUC">
                                        <field name="VAR" id="ddH0?/^#_8u1VjM/!`t|" variabletype="">Profit</field>
                                        <value name="VALUE">
                                          <block type="math_number" id="AXE:PR%~GtPn!J;zVdU4">
                                            <field name="NUM">0</field>
                                          </block>
                                        </value>
                                        <next>
                                          <block type="variables_set" id="/V`@3MI!XOl2iQu8)MRG">
                                            <field name="VAR" id="RRH]M7%0M)Zi;ridyo7}" variabletype="">Win Count</field>
                                            <value name="VALUE">
                                              <block type="math_number" id="@uMNRq7*h6CpK{OL*`1;">
                                                <field name="NUM">0</field>
                                              </block>
                                            </value>
                                            <next>
                                              <block type="variables_set" id="*_wi!@b$%T/+ip`iQtD|">
                                                <field name="VAR" id="^(Gy/YRFAMn6r6Ekap/J" variabletype="">Loss Count</field>
                                                <value name="VALUE">
                                                  <block type="math_number" id="@6~ol6rGo)hiSc:6#V1^">
                                                    <field name="NUM">0</field>
                                                  </block>
                                                </value>
                                                <next>
                                                  <block type="variables_set" id="6hiRA01::q+6xm.mhYk}">
                                                    <field name="VAR" id="/VJ7O.)sAJmm47`,|W=v" variabletype="">Loss Level</field>
                                                    <value name="VALUE">
                                                      <block type="math_number" id="cs!D-m]M+4^%Uv=SwMP%">
                                                        <field name="NUM">0</field>
                                                      </block>
                                                    </value>
                                                  </block>
                                                </next>
                                              </block>
                                            </next>
                                          </block>
                                        </next>
                                      </block>
                                    </next>
                                  </block>
                                </next>
                              </block>
                            </next>
                          </block>
                        </next>
                      </block>
                    </next>
                  </block>
                </next>
              </block>
            </next>
          </block>
        </next>
      </block>
    </statement>
  </block>
  <block type="procedures_defreturn" id="=78^x1,M_K`EPoWP8B#4" collapsed="true" x="302" y="1803">
    <mutation>
      <arg name="[Win Result]" varid="BPsrb}:o?nCP7t]1@Rfq"></arg>
      <arg name="Detail Profit" varid="dK=o~;7~9dr8wCZ%hyh,"></arg>
    </mutation>
    <field name="NAME">Daily Profit's Trade Again</field>
    <comment pinned="false" h="80" w="160">FRUITFELLA's Management ver. 3.0</comment>
    <statement name="STACK">
      <block type="math_change" id="5mMvn7#-6MC#=J5k3?PV">
        <field name="VAR" id="ddH0?/^#_8u1VjM/!`t|" variabletype="">Profit</field>
        <value name="DELTA">
          <shadow type="math_number" id="!`~mJ[ITS6N=uY[f!Jo%">
            <field name="NUM">1</field>
          </shadow>
          <block type="variables_get" id=".j]ZF3LWu9*=.nIi9(Gp">
            <field name="VAR" id="dK=o~;7~9dr8wCZ%hyh," variabletype="">Detail Profit</field>
          </block>
        </value>
        <next>
          <block type="variables_set" id="Ntd8/neg-yW_~sW%z8Jm">
            <field name="VAR" id="ddH0?/^#_8u1VjM/!`t|" variabletype="">Profit</field>
            <value name="VALUE">
              <block type="math_arithmetic" id="OonVVD66.u7{{wXOy]D)">
                <field name="OP">DIVIDE</field>
                <value name="A">
                  <shadow type="math_number" id="BJLl,k}i_-.}(X^0Rt%[">
                    <field name="NUM">1</field>
                  </shadow>
                  <block type="math_round" id="F4bqA@k.0Pxp]j99~T|@">
                    <field name="OP">ROUND</field>
                    <value name="NUM">
                      <shadow type="math_number" id="enW;6`Y#VQ8j3,1ir3KU">
                        <field name="NUM">3.1</field>
                      </shadow>
                      <block type="math_arithmetic" id="Su++(AeXbX,`P::$9IIG">
                        <field name="OP">MULTIPLY</field>
                        <value name="A">
                          <shadow type="math_number" id="}kZ5|+fH9G83t.$we7~]">
                            <field name="NUM">1</field>
                          </shadow>
                          <block type="variables_get" id="^][hS|MfVLhwa~_,U~fK">
                            <field name="VAR" id="ddH0?/^#_8u1VjM/!`t|" variabletype="">Profit</field>
                          </block>
                        </value>
                        <value name="B">
                          <shadow type="math_number" id=".H#}U`Qa_N#b^$I9(Vh2">
                            <field name="NUM">100</field>
                          </shadow>
                        </value>
                      </block>
                    </value>
                  </block>
                </value>
                <value name="B">
                  <shadow type="math_number" id="ytnd8Z:12vFa*j,jpfx`">
                    <field name="NUM">100</field>
                  </shadow>
                </value>
              </block>
            </value>
            <next>
              <block type="controls_if" id="2haL5s765kSl{T~T5Z^k">
                <mutation else="1"></mutation>
                <value name="IF0">
                  <block type="variables_get" id="j0Q0xvW7M*PhQfuf|p-$">
                    <field name="VAR" id="BPsrb}:o?nCP7t]1@Rfq" variabletype="">[Win Result]</field>
                  </block>
                </value>
                <statement name="DO0">
                  <block type="math_change" id="B_t!T1WWGTt2L#=XAq$4">
                    <field name="VAR" id="RRH]M7%0M)Zi;ridyo7}" variabletype="">Win Count</field>
                    <value name="DELTA">
                      <shadow type="math_number" id="1~)C)c$Zi*p]5Jddfgq_">
                        <field name="NUM">1</field>
                      </shadow>
                    </value>
                    <next>
                      <block type="variables_set" id="aPRpWycsb.n=U#B:fTZD">
                        <field name="VAR" id="^(Gy/YRFAMn6r6Ekap/J" variabletype="">Loss Count</field>
                        <value name="VALUE">
                          <block type="math_number" id="wo=CHjiCccmpWlCo@aA[">
                            <field name="NUM">0</field>
                          </block>
                        </value>
                        <next>
                          <block type="variables_set" id="LC75k*LDcS-{XNrO$Vgg">
                            <field name="VAR" id="RMbK)by1LEnp^9@HKC(*" variabletype="">Stake</field>
                            <value name="VALUE">
                              <block type="variables_get" id="4Yg%mKmDs{,~WL~;oa%e">
                                <field name="VAR" id="k:EcRUy)u-26FkWUoszO" variabletype="">FirstStake</field>
                              </block>
                            </value>
                            <next>
                              <block type="controls_if" id="i@LB[$(:DYSYBdXU3,i=">
                                <mutation else="1"></mutation>
                                <value name="IF0">
                                  <block type="logic_compare" id="P1yhL$.[O$(a1pOwSvAC">
                                    <field name="OP">EQ</field>
                                    <value name="A">
                                      <block type="variables_get" id="9ea{wAb*oMg$9f~NqT=l">
                                        <field name="VAR" id="I!xhv{KTx(FS0Ro4tUc}" variabletype="">Next Purchase</field>
                                      </block>
                                    </value>
                                    <value name="B">
                                      <block type="text" id="]PM|LKX:mL.lvhh=|wO}">
                                        <field name="TEXT">FOLLOW</field>
                                      </block>
                                    </value>
                                  </block>
                                </value>
                                <statement name="DO0">
                                  <block type="variables_set" id="`1=BC@tIOxA1`ZUqP-;2">
                                    <field name="VAR" id="I!xhv{KTx(FS0Ro4tUc}" variabletype="">Next Purchase</field>
                                    <value name="VALUE">
                                      <block type="text" id="iXD]_`e-a`G}FYP5$7CN">
                                        <field name="TEXT">FOLLOW</field>
                                      </block>
                                    </value>
                                  </block>
                                </statement>
                                <statement name="ELSE">
                                  <block type="variables_set" id="^kFlAZ8FoE~k!=vu(DwP">
                                    <field name="VAR" id="I!xhv{KTx(FS0Ro4tUc}" variabletype="">Next Purchase</field>
                                    <value name="VALUE">
                                      <block type="text" id="]O8)?/8YWyugr=e2=cV)">
                                        <field name="TEXT">REVERSE</field>
                                      </block>
                                    </value>
                                  </block>
                                </statement>
                              </block>
                            </next>
                          </block>
                        </next>
                      </block>
                    </next>
                  </block>
                </statement>
                <statement name="ELSE">
                  <block type="math_change" id="(6=+$/+DEbysDWc])WBD">
                    <field name="VAR" id="^(Gy/YRFAMn6r6Ekap/J" variabletype="">Loss Count</field>
                    <value name="DELTA">
                      <shadow type="math_number" id="[W_X?#)Dv,gm)Ff#:8T8">
                        <field name="NUM">1</field>
                      </shadow>
                    </value>
                    <next>
                      <block type="variables_set" id="V*^dRX_0}whp$+CPNq{x">
                        <field name="VAR" id="RRH]M7%0M)Zi;ridyo7}" variabletype="">Win Count</field>
                        <value name="VALUE">
                          <block type="math_number" id="8M!%N2:W2r1cS=tvBqxM">
                            <field name="NUM">0</field>
                          </block>
                        </value>
                        <next>
                          <block type="controls_if" id="gv(DSf@lZ;`8yh^`zHfK">
                            <mutation else="1"></mutation>
                            <value name="IF0">
                              <block type="logic_compare" id="fzVldtu^yo;*je[cE3[x">
                                <field name="OP">EQ</field>
                                <value name="A">
                                  <block type="variables_get" id="!*E@j;v?Fi2!R6)A~pCA">
                                    <field name="VAR" id="I!xhv{KTx(FS0Ro4tUc}" variabletype="">Next Purchase</field>
                                  </block>
                                </value>
                                <value name="B">
                                  <block type="text" id="}^59}N@HkPbolAp[B%nZ">
                                    <field name="TEXT">FOLLOW</field>
                                  </block>
                                </value>
                              </block>
                            </value>
                            <statement name="DO0">
                              <block type="variables_set" id="(n-Dm+qA?(V]JB@4$cwC">
                                <field name="VAR" id="I!xhv{KTx(FS0Ro4tUc}" variabletype="">Next Purchase</field>
                                <value name="VALUE">
                                  <block type="text" id="BM@5O]eG/0F|yOsHq3A~">
                                    <field name="TEXT">REVERSE</field>
                                  </block>
                                </value>
                              </block>
                            </statement>
                            <statement name="ELSE">
                              <block type="variables_set" id=")5G]=fJm*f2)i~1ee[5)">
                                <field name="VAR" id="I!xhv{KTx(FS0Ro4tUc}" variabletype="">Next Purchase</field>
                                <value name="VALUE">
                                  <block type="text" id="U+UZ]5/EMu(n)n$~wmZq">
                                    <field name="TEXT">FOLLOW</field>
                                  </block>
                                </value>
                              </block>
                            </statement>
                            <next>
                              <block type="controls_if" id="-2K^5T@7olg3M6J%I4$B">
                                <value name="IF0">
                                  <block type="logic_compare" id="ChDetwZuo;cU6yL{-B{A">
                                    <field name="OP">GT</field>
                                    <value name="A">
                                      <block type="variables_get" id=".Y*ozIy;+ADs#R8Coh6G">
                                        <field name="VAR" id="^(Gy/YRFAMn6r6Ekap/J" variabletype="">Loss Count</field>
                                      </block>
                                    </value>
                                    <value name="B">
                                      <block type="variables_get" id="CL]-YIRi^FOdkf{MohQ|">
                                        <field name="VAR" id="/VJ7O.)sAJmm47`,|W=v" variabletype="">Loss Level</field>
                                      </block>
                                    </value>
                                  </block>
                                </value>
                                <statement name="DO0">
                                  <block type="variables_set" id="1@C;LXDelk94-)4~K`n=">
                                    <field name="VAR" id="/VJ7O.)sAJmm47`,|W=v" variabletype="">Loss Level</field>
                                    <value name="VALUE">
                                      <block type="variables_get" id="Ea|:QN:u+Rt[V_J6|1G+">
                                        <field name="VAR" id="^(Gy/YRFAMn6r6Ekap/J" variabletype="">Loss Count</field>
                                      </block>
                                    </value>
                                  </block>
                                </statement>
                                <next>
                                  <block type="controls_if" id="?*0^p~(7r2d3-T7z81hI">
                                    <value name="IF0">
                                      <block type="logic_compare" id=")y{t.fO)Lb.Zcrs5V4kc">
                                        <field name="OP">GT</field>
                                        <value name="A">
                                          <block type="variables_get" id="xSlsjibK)miodTkmM%GI">
                                            <field name="VAR" id="[~%IWPApAWAU4`63rDfr" variabletype="">MartiLossLevel</field>
                                          </block>
                                        </value>
                                        <value name="B">
                                          <block type="math_number" id="+{rz6u4h%JKj:-4yvC+#">
                                            <field name="NUM">0</field>
                                          </block>
                                        </value>
                                      </block>
                                    </value>
                                    <statement name="DO0">
                                      <block type="controls_if" id="|~H{~C=_%yzL(L+Ih?6=">
                                        <value name="IF0">
                                          <block type="logic_operation" id="{01rxUq[%FxUb9PE.!UA">
                                            <field name="OP">AND</field>
                                            <value name="A">
                                              <block type="logic_compare" id="x]ZySsjj1^93Zd(-iWh#">
                                                <field name="OP">GT</field>
                                                <value name="A">
                                                  <block type="variables_get" id="4c9GWE)n3Ot}n[:HT;,P">
                                                    <field name="VAR" id="Nxx}Lsm5Mjf|D~2!Dj%V" variabletype="">MartiStart</field>
                                                  </block>
                                                </value>
                                                <value name="B">
                                                  <block type="math_number" id="m`.{:5r,BBM8qV)#goY?">
                                                    <field name="NUM">0</field>
                                                  </block>
                                                </value>
                                              </block>
                                            </value>
                                            <value name="B">
                                              <block type="logic_compare" id="XWUrB+iXH{$8H{G.pj]P">
                                                <field name="OP">GTE</field>
                                                <value name="A">
                                                  <block type="variables_get" id="96)hM+J+rW1h/2CiCNV=">
                                                    <field name="VAR" id="^(Gy/YRFAMn6r6Ekap/J" variabletype="">Loss Count</field>
                                                  </block>
                                                </value>
                                                <value name="B">
                                                  <block type="variables_get" id="1ghuM[;g9B!OkEk|Jq-+">
                                                    <field name="VAR" id="Nxx}Lsm5Mjf|D~2!Dj%V" variabletype="">MartiStart</field>
                                                  </block>
                                                </value>
                                              </block>
                                            </value>
                                          </block>
                                        </value>
                                        <statement name="DO0">
                                          <block type="controls_if" id="Xod]f!9?Cp7s`^TCco:[">
                                            <mutation else="1"></mutation>
                                            <value name="IF0">
                                              <block type="logic_compare" id="3,rl=}wztcTxR`uL/^v*">
                                                <field name="OP">LTE</field>
                                                <value name="A">
                                                  <block type="variables_get" id="C1`8WB-bd[X1Ih%.BVH=">
                                                    <field name="VAR" id="^(Gy/YRFAMn6r6Ekap/J" variabletype="">Loss Count</field>
                                                  </block>
                                                </value>
                                                <value name="B">
                                                  <block type="variables_get" id="YCU-oD11NiMjpns6K|J_">
                                                    <field name="VAR" id="[~%IWPApAWAU4`63rDfr" variabletype="">MartiLossLevel</field>
                                                  </block>
                                                </value>
                                              </block>
                                            </value>
                                            <statement name="DO0">
                                              <block type="math_change" id=")x3(])A|!w=FlJ}Z*aKI">
                                                <field name="VAR" id="RMbK)by1LEnp^9@HKC(*" variabletype="">Stake</field>
                                                <value name="DELTA">
                                                  <shadow type="math_number" id="iOY0jJ`9*c:I2Hd:QJ_Y">
                                                    <field name="NUM">1</field>
                                                  </shadow>
                                                  <block type="math_arithmetic" id="K/wo]$5[Ba#a7evooV~F">
                                                    <field name="OP">MULTIPLY</field>
                                                    <value name="A">
                                                      <shadow type="math_number" id="}P^(EoAZ-YU-MS4SDvmg">
                                                        <field name="NUM">1</field>
                                                      </shadow>
                                                      <block type="variables_get" id="0%H*qOjo3?RAmRO$2U/-">
                                                        <field name="VAR" id="RMbK)by1LEnp^9@HKC(*" variabletype="">Stake</field>
                                                      </block>
                                                    </value>
                                                    <value name="B">
                                                      <shadow type="math_number" id="/LcPg[ufeL@.EuFQjyeY">
                                                        <field name="NUM">1</field>
                                                      </shadow>
                                                      <block type="variables_get" id="4GqI7Qc3mqsKGEJKSnT3">
                                                        <field name="VAR" id="ezm;s,8YY7`S_pxNx+{s" variabletype="">MartiFactor</field>
                                                      </block>
                                                    </value>
                                                  </block>
                                                </value>
                                              </block>
                                            </statement>
                                            <statement name="ELSE">
                                              <block type="notify" id="#5H3/1qD}yohz+9b*G+6">
                                                <field name="NOTIFICATION_TYPE">info</field>
                                                <field name="NOTIFICATION_SOUND">silent</field>
                                                <value name="MESSAGE">
                                                  <block type="text" id="y8VYir#xh^o24B^w@-%r">
                                                    <field name="TEXT">Martingale Reset</field>
                                                  </block>
                                                </value>
                                                <next>
                                                  <block type="variables_set" id="hg/UOO#$+B8Il2Lz:Nv}">
                                                    <field name="VAR" id="RMbK)by1LEnp^9@HKC(*" variabletype="">Stake</field>
                                                    <value name="VALUE">
                                                      <block type="variables_get" id="ubl$r:9]5M{I8+vX;PP/">
                                                        <field name="VAR" id="k:EcRUy)u-26FkWUoszO" variabletype="">FirstStake</field>
                                                      </block>
                                                    </value>
                                                  </block>
                                                </next>
                                              </block>
                                            </statement>
                                          </block>
                                        </statement>
                                      </block>
                                    </statement>
                                  </block>
                                </next>
                              </block>
                            </next>
                          </block>
                        </next>
                      </block>
                    </next>
                  </block>
                </statement>
                <next>
                  <block type="variables_set" id="Ii~,V*I}==%{VbzSUcNW">
                    <field name="VAR" id="#S5]i9_E6vE_6t^_dYeJ" variabletype="">Continue</field>
                    <value name="VALUE">
                      <block type="logic_boolean" id="IJrFVDwIh9*V/-*GcP3$">
                        <field name="BOOL">FALSE</field>
                      </block>
                    </value>
                    <next>
                      <block type="controls_if" id="?t=R4#bB1Ph_eG%)U{Zq">
                        <mutation elseif="1" else="1"></mutation>
                        <value name="IF0">
                          <block type="logic_compare" id="n(-qX6sIpX~Fo[1%T`a]">
                            <field name="OP">GTE</field>
                            <value name="A">
                              <block type="variables_get" id="pRRkIZW;yZXTP,Ec2#%7">
                                <field name="VAR" id="ddH0?/^#_8u1VjM/!`t|" variabletype="">Profit</field>
                              </block>
                            </value>
                            <value name="B">
                              <block type="variables_get" id=".J0l4%b9|`DFbsS4y+@b">
                                <field name="VAR" id="!c%d*XBHYNv0h]4+]*nj" variabletype="">TargetProfit</field>
                              </block>
                            </value>
                          </block>
                        </value>
                        <statement name="DO0">
                          <block type="text_print" id="fQK[F8W}8)x=k0Y$nDnR">
                            <value name="TEXT">
                              <shadow type="text" id="dJ4OA.-2N8i,6Qy7r!J|">
                                <field name="TEXT">abc</field>
                              </shadow>
                              <block type="text_join" id="Whtg8.!W#_q;bm-PSDK(">
                                <mutation items="2"></mutation>
                                <value name="ADD0">
                                  <block type="text" id=")|MP_xd~9oo!y10?cM;O" collapsed="true">
                                    <field name="TEXT">CONGRATULATION! Target Profit has been reached! Take Profit: bot Courtesy of Provenbinarybot.com  🤑   $ </field>
                                  </block>
                                </value>
                                <value name="ADD1">
                                  <block type="variables_get" id="tp=nlW)P|8TI#JCR-R`Z">
                                    <field name="VAR" id="ddH0?/^#_8u1VjM/!`t|" variabletype="">Profit</field>
                                  </block>
                                </value>
                              </block>
                            </value>
                          </block>
                        </statement>
                        <value name="IF1">
                          <block type="logic_compare" id="wqaUuu5;d0qWr@A9R8Uv">
                            <field name="OP">LTE</field>
                            <value name="A">
                              <block type="variables_get" id="iJUy9eQ?_qq:Fx#e:!;)">
                                <field name="VAR" id="ddH0?/^#_8u1VjM/!`t|" variabletype="">Profit</field>
                              </block>
                            </value>
                            <value name="B">
                              <block type="variables_get" id="?=LuB)pGx9NhJuh30YA+">
                                <field name="VAR" id="m(@~SI$PI9_=9gVd*zl9" variabletype="">Stoploss</field>
                              </block>
                            </value>
                          </block>
                        </value>
                        <statement name="DO1">
                          <block type="text_print" id="+fc,,fh/fwUH3nhoFc3f">
                            <value name="TEXT">
                              <shadow type="text" id="dJ4OA.-2N8i,6Qy7r!J|">
                                <field name="TEXT">abc</field>
                              </shadow>
                              <block type="text_join" id="]gq4NH~_PD.#^!q#_{UN" collapsed="true">
                                <mutation items="2"></mutation>
                                <value name="ADD0">
                                  <block type="text" id="T~7).e8^W6THQjOa6c:v">
                                    <field name="TEXT">UPSSS! You've Reached Stop Loss Upgrade to Vip Channel to Access Premium Binary Bots : T.me/binaryboss101🤬  $ =</field>
                                  </block>
                                </value>
                                <value name="ADD1">
                                  <block type="variables_get" id="e~X%5c6eC?N6h}{GYA2o">
                                    <field name="VAR" id="ddH0?/^#_8u1VjM/!`t|" variabletype="">Profit</field>
                                  </block>
                                </value>
                              </block>
                            </value>
                          </block>
                        </statement>
                        <statement name="ELSE">
                          <block type="controls_if" id="g`8h+Pq;/Z=wuJIIBr`Z">
                            <mutation else="1"></mutation>
                            <value name="IF0">
                              <block type="logic_compare" id="Q}%H((m|!LOeIVHKxGbv">
                                <field name="OP">GT</field>
                                <value name="A">
                                  <block type="variables_get" id="V$I5(R=s}FQh708v+Vm#">
                                    <field name="VAR" id="ddH0?/^#_8u1VjM/!`t|" variabletype="">Profit</field>
                                  </block>
                                </value>
                                <value name="B">
                                  <block type="math_number" id="$W;*/?A}DM!.(x;-wpFE">
                                    <field name="NUM">0</field>
                                  </block>
                                </value>
                              </block>
                            </value>
                            <statement name="DO0">
                              <block type="notify" id="]7Cq=rQ1D00M},$ck5=;">
                                <field name="NOTIFICATION_TYPE">success</field>
                                <field name="NOTIFICATION_SOUND">silent</field>
                                <value name="MESSAGE">
                                  <block type="text_join" id="So,=5m|b]84g6aQ`jzah">
                                    <mutation items="6"></mutation>
                                    <value name="ADD0">
                                      <block type="text" id="Ww6Utk^Ce:2M^1:IbEYq">
                                        <field name="TEXT">Total profit $ </field>
                                      </block>
                                    </value>
                                    <value name="ADD1">
                                      <block type="variables_get" id="-zUe!0X+$J)uWJg7w-Fc">
                                        <field name="VAR" id="ddH0?/^#_8u1VjM/!`t|" variabletype="">Profit</field>
                                      </block>
                                    </value>
                                    <value name="ADD2">
                                      <block type="text" id="G3TZRjfZwb?/vG!DnT-p">
                                        <field name="TEXT"> || Loss Level </field>
                                      </block>
                                    </value>
                                    <value name="ADD3">
                                      <block type="variables_get" id="WYfM1_eJld$zj?B0ZM/j">
                                        <field name="VAR" id="/VJ7O.)sAJmm47`,|W=v" variabletype="">Loss Level</field>
                                      </block>
                                    </value>
                                    <value name="ADD4">
                                      <block type="text" id="WEGot82rEmQ0!.2Uk-jj">
                                        <field name="TEXT"> || Loss Count </field>
                                      </block>
                                    </value>
                                    <value name="ADD5">
                                      <block type="variables_get" id="xFl$)$6){r3_`5XW`biS">
                                        <field name="VAR" id="^(Gy/YRFAMn6r6Ekap/J" variabletype="">Loss Count</field>
                                      </block>
                                    </value>
                                  </block>
                                </value>
                              </block>
                            </statement>
                            <statement name="ELSE">
                              <block type="notify" id="8QOsp0}TU)_%#dE?4He!">
                                <field name="NOTIFICATION_TYPE">error</field>
                                <field name="NOTIFICATION_SOUND">silent</field>
                                <value name="MESSAGE">
                                  <block type="text_join" id="L/vB,K]@s{!9Qx^s!Pl-">
                                    <mutation items="6"></mutation>
                                    <value name="ADD0">
                                      <block type="text" id="Z`|]KLN43:/oO3eh43%/">
                                        <field name="TEXT">Total Loss $ </field>
                                      </block>
                                    </value>
                                    <value name="ADD1">
                                      <block type="variables_get" id="C5)f7$5$O{Y)n.G6Q;Pt">
                                        <field name="VAR" id="ddH0?/^#_8u1VjM/!`t|" variabletype="">Profit</field>
                                      </block>
                                    </value>
                                    <value name="ADD2">
                                      <block type="text" id="N{K7$tD$F$~C4BDS,.p%">
                                        <field name="TEXT"> || Loss Level </field>
                                      </block>
                                    </value>
                                    <value name="ADD3">
                                      <block type="variables_get" id=")Uaa(R~.]e.pd[?8cnj?">
                                        <field name="VAR" id="/VJ7O.)sAJmm47`,|W=v" variabletype="">Loss Level</field>
                                      </block>
                                    </value>
                                    <value name="ADD4">
                                      <block type="text" id="emB3SZnkebI:XD]F#x@7">
                                        <field name="TEXT"> || Loss Count </field>
                                      </block>
                                    </value>
                                    <value name="ADD5">
                                      <block type="variables_get" id="~$f~AKl6NjBpX4$y+W/8">
                                        <field name="VAR" id="^(Gy/YRFAMn6r6Ekap/J" variabletype="">Loss Count</field>
                                      </block>
                                    </value>
                                  </block>
                                </value>
                              </block>
                            </statement>
                            <next>
                              <block type="variables_set" id="o88-OoU#i@|Gn^I[1rf1">
                                <field name="VAR" id="#S5]i9_E6vE_6t^_dYeJ" variabletype="">Continue</field>
                                <value name="VALUE">
                                  <block type="logic_boolean" id="exXi?*3Wu(`Gl$s6cDU[">
                                    <field name="BOOL">TRUE</field>
                                  </block>
                                </value>
                              </block>
                            </next>
                          </block>
                        </statement>
                      </block>
                    </next>
                  </block>
                </next>
              </block>
            </next>
          </block>
        </next>
      </block>
    </statement>
    <value name="RETURN">
      <block type="variables_get" id="`QS.RAQ`zLWY(L^,u`~t">
        <field name="VAR" id="#S5]i9_E6vE_6t^_dYeJ" variabletype="">Continue</field>
      </block>
    </value>
  </block>
  <block type="tick_analysis" id="9r^ekNsEMDhJGV`|G?8~" collapsed="true" x="126" y="1883">
    <statement name="TICKANALYSIS_STACK">
      <block type="variables_set" id="Ep9Jo4SJQ4=!Vd@J:~a*">
        <field name="VAR" id="ac|Y~6r^fS8C#ei8]C9-" variabletype="">T6</field>
        <value name="VALUE">
          <block type="variables_get" id="*#zAGFCcjyEcVLUqfd=~">
            <field name="VAR" id="/kx;*niolH!dx9.A~A-@" variabletype="">T5</field>
          </block>
        </value>
        <next>
          <block type="variables_set" id="gii;TFbKccav*v?.AQX[">
            <field name="VAR" id="/kx;*niolH!dx9.A~A-@" variabletype="">T5</field>
            <value name="VALUE">
              <block type="variables_get" id="7ok;1gkGcfFJI%XXOp6B">
                <field name="VAR" id="myQVX?8H!2/d7G+O4|ef" variabletype="">T4</field>
              </block>
            </value>
            <next>
              <block type="variables_set" id="3kjZ_}YX9+C!$$XceBIj">
                <field name="VAR" id="myQVX?8H!2/d7G+O4|ef" variabletype="">T4</field>
                <value name="VALUE">
                  <block type="variables_get" id="Bg6#$G[Bi4D8CV[GB3P7">
                    <field name="VAR" id="I3:LayD%mnbecGGnh?)?" variabletype="">T3</field>
                  </block>
                </value>
                <next>
                  <block type="variables_set" id="|P@Xxps,+yswJW9XYb[j">
                    <field name="VAR" id="I3:LayD%mnbecGGnh?)?" variabletype="">T3</field>
                    <value name="VALUE">
                      <block type="variables_get" id="9K`LWzwuE_J5WtM%Bp;y">
                        <field name="VAR" id="iUVan3Gxoqg]N8g~jR`i" variabletype="">T2</field>
                      </block>
                    </value>
                    <next>
                      <block type="variables_set" id="6,UdxzhnJ;filw)3|mv8">
                        <field name="VAR" id="iUVan3Gxoqg]N8g~jR`i" variabletype="">T2</field>
                        <value name="VALUE">
                          <block type="variables_get" id="ZY;@8^48n3n|R+.`,6?S">
                            <field name="VAR" id="]+#i9!$4MW?%Ib(5H8t)" variabletype="">T1</field>
                          </block>
                        </value>
                        <next>
                          <block type="variables_set" id="Bag8LjpVfF8ck_fdXaM5">
                            <field name="VAR" id="]+#i9!$4MW?%Ib(5H8t)" variabletype="">T1</field>
                            <value name="VALUE">
                              <block type="tick" id="GwX)zytCa25,L=6-X/3B"></block>
                            </value>
                            <next>
                              <block type="variables_set" id="BY1)Ui@sXQ{?p#Ol=27a">
                                <field name="VAR" id="FOP1fMa,c6MlV}%B!Q+L" variabletype="">mid BB</field>
                                <value name="VALUE">
                                  <block type="bb" id="%6s,;3.goyv}^qNK/=#G">
                                    <field name="BBRESULT_LIST">0</field>
                                    <value name="INPUT">
                                      <block type="ticks" id="mu5qAR|@V(^OYS(ha{oe"></block>
                                    </value>
                                    <value name="PERIOD">
                                      <shadow type="math_number" id="Rm?c;])Xd2w6*MX1NgB,">
                                        <field name="NUM">20</field>
                                      </shadow>
                                    </value>
                                    <value name="UPMULTIPLIER">
                                      <shadow type="math_number" id="9VD`%6I{||ZFMa/k.K(]">
                                        <field name="NUM">2</field>
                                      </shadow>
                                    </value>
                                    <value name="DOWNMULTIPLIER">
                                      <shadow type="math_number" id="hX[=~0-S`+FA*X~Xd:g(">
                                        <field name="NUM">2</field>
                                      </shadow>
                                    </value>
                                  </block>
                                </value>
                              </block>
                            </next>
                          </block>
                        </next>
                      </block>
                    </next>
                  </block>
                </next>
              </block>
            </next>
          </block>
        </next>
      </block>
    </statement>
  </block>
</xml>