<xml xmlns="http://www.w3.org/1999/xhtml" collection="false">
  <variables>
    <variable type="" id="1!Q=o2H@wU17/AhTZV6Z">CONTADOR DE LOSS</variable>
    <variable type="" id="g.,lTcSbHY/G{-Q`^MF-">Timer</variable>
    <variable type="" id="L?EYEOP.x}*)aE%T,x49">VALOR INICIAL</variable>
    <variable type="" id="F)j!FJ#u.+kave3Q)HJ*">PERDA MÁXIMA</variable>
    <variable type="" id="aZz]!WhDezF(f9u08p8K">VALOR PADRÃO</variable>
    <variable type="" id="][S6m92ZKd{mJ,T{:_s~">Nº MÁXIMO DE MARTINGALE</variable>
    <variable type="" id="*AIAI3tYDz^D}ua0y)ZP">VALOR DE META</variable>
    <variable type="" id="OAlzU[NEZAy*RS7E9:nA">candle vermelho</variable>
    <variable type="" id="usZ%VI]pFYB(L3AeS8$L">candle verde</variable>
  </variables>
  <block type="after_purchase" id="D^Jz1^n=2vtZku1vBN@;" collapsed="true" x="461" y="-236">
    <statement name="AFTERPURCHASE_STACK">
      <block type="controls_if" id="IXjzMcQZcdDd3n7,,:dR">
        <mutation else="1"></mutation>
        <value name="IF0">
          <block type="contract_check_result" id=".tV9-1S^OyBs^[#.IOwC">
            <field name="CHECK_RESULT">loss</field>
          </block>
        </value>
        <statement name="DO0">
          <block type="math_change" id="XumGuW81dR#$;Toe8HWi">
            <field name="VAR" id="1!Q=o2H@wU17/AhTZV6Z" variabletype="">CONTADOR DE LOSS</field>
            <value name="DELTA">
              <shadow type="math_number" id="T$l|4xXOW_msYDfSX2%}">
                <field name="NUM">1</field>
              </shadow>
              <block type="math_number" id="]p7gS0lA22R=8)VJ~bs6">
                <field name="NUM">1</field>
              </block>
            </value>
            <next>
              <block type="notify" id="S+A4|]NN082_eyAmu@U`">
                <field name="NOTIFICATION_TYPE">error</field>
                <field name="NOTIFICATION_SOUND">silent</field>
                <value name="MESSAGE">
                  <shadow type="text" id="{geN2$2|N+O8uaY([Wod">
                    <field name="TEXT">PERDEU</field>
                  </shadow>
                  <block type="text" id="UmuX:}r$!%|g]:*f#VDp">
                    <field name="TEXT">PERDEU</field>
                  </block>
                </value>
                <next>
                  <block type="notify" id="m,rg!`kUIj-SisajB.Ua">
                    <field name="NOTIFICATION_TYPE">error</field>
                    <field name="NOTIFICATION_SOUND">silent</field>
                    <value name="MESSAGE">
                      <shadow type="text" id="#m67s,.I67],`AL5MY:O">
                        <field name="TEXT">abc</field>
                      </shadow>
                      <block type="text_join" id=".LGC.w.!Q-?v|@~7WGqK">
                        <mutation items="2"></mutation>
                        <value name="ADD0">
                          <block type="text" id="t)tf!Da#.zfuEsg087*:">
                            <field name="TEXT">LOSS SEGUIDOS : </field>
                          </block>
                        </value>
                        <value name="ADD1">
                          <block type="variables_get" id="CpJ{{.wt^C6PQQDN%~nB">
                            <field name="VAR" id="1!Q=o2H@wU17/AhTZV6Z" variabletype="">CONTADOR DE LOSS</field>
                          </block>
                        </value>
                      </block>
                    </value>
                    <next>
                      <block type="math_change" id="x`$EMk22j5gni:inwaV%">
                        <field name="VAR" id="L?EYEOP.x}*)aE%T,x49" variabletype="">VALOR INICIAL</field>
                        <value name="DELTA">
                          <shadow type="math_number" id="N=Vo^MVz~/^(xt7Ag@8E">
                            <field name="NUM">1</field>
                          </shadow>
                          <block type="math_arithmetic" id="ybrHyqE5`dPce5~:IM6X">
                            <field name="OP">MULTIPLY</field>
                            <value name="A">
                              <shadow type="math_number" id="ka8n8|Dugz,q5FkUjs`7">
                                <field name="NUM">1</field>
                              </shadow>
                              <block type="math_single" id="M+EqBr|L{ogw_9@9!IeC">
                                <field name="OP">ABS</field>
                                <value name="NUM">
                                  <shadow type="math_number" id="GleSn`9j7Cm7/dqg}FIA">
                                    <field name="NUM">9</field>
                                  </shadow>
                                  <block type="variables_get" id="ATa@xt`UQC@dzgEz/zLR">
                                    <field name="VAR" id="L?EYEOP.x}*)aE%T,x49" variabletype="">VALOR INICIAL</field>
                                  </block>
                                </value>
                              </block>
                            </value>
                            <value name="B">
                              <shadow type="math_number" id="{JXdZCp2%s=sfO@yN:n}">
                                <field name="NUM">1</field>
                              </shadow>
                              <block type="math_number" id="`5IvwZkPtPwqc9IW[kIc">
                                <field name="NUM">1.061</field>
                              </block>
                            </value>
                          </block>
                        </value>
                        <next>
                          <block type="controls_if" id="o5AK]?@j@3ISV=LVO+%]">
                            <value name="IF0">
                              <block type="logic_compare" id="Xxs}/{?,31E=R;LddOY4">
                                <field name="OP">EQ</field>
                                <value name="A">
                                  <block type="variables_get" id="S@Tq[FV2IjJSOumm6wmt">
                                    <field name="VAR" id="1!Q=o2H@wU17/AhTZV6Z" variabletype="">CONTADOR DE LOSS</field>
                                  </block>
                                </value>
                                <value name="B">
                                  <block type="math_number" id="oE!}|GUZT+F;8oysW!7U">
                                    <field name="NUM">2</field>
                                  </block>
                                </value>
                              </block>
                            </value>
                            <statement name="DO0">
                              <block type="timeout" id="Xd-B2u9#Ye9ODHX}*Y:l">
                                <value name="SECONDS">
                                  <shadow type="math_number" id="[P@4V%CwL*YUi+kv/e$K">
                                    <field name="NUM">600</field>
                                  </shadow>
                                  <block type="math_number" id="_afBD*%WHN/bFiU!LZdV">
                                    <field name="NUM">0</field>
                                  </block>
                                </value>
                              </block>
                            </statement>
                            <next>
                              <block type="notify" id="DbR,i2fE_`$bmNYeZ;2,">
                                <field name="NOTIFICATION_TYPE">error</field>
                                <field name="NOTIFICATION_SOUND">silent</field>
                                <value name="MESSAGE">
                                  <shadow type="text" id="#m67s,.I67],`AL5MY:O">
                                    <field name="TEXT">abc</field>
                                  </shadow>
                                  <block type="text_join" id=")6,c5ZR^m9~GW+*W3iGj">
                                    <mutation items="2"></mutation>
                                    <value name="ADD0">
                                      <block type="text" id="VP[LX!SG{o([~;[gb{SM">
                                        <field name="TEXT">LOSS SEGUIDOS : </field>
                                      </block>
                                    </value>
                                    <value name="ADD1">
                                      <block type="variables_get" id="[@Ki.pGGLhVpRg8.Czv`">
                                        <field name="VAR" id="1!Q=o2H@wU17/AhTZV6Z" variabletype="">CONTADOR DE LOSS</field>
                                      </block>
                                    </value>
                                  </block>
                                </value>
                                <next>
                                  <block type="controls_if" id="+1l~UZXo8b-{5p^t;h-9">
                                    <value name="IF0">
                                      <block type="logic_compare" id="H`.nvT]wmc#h@6?4~GI)">
                                        <field name="OP">EQ</field>
                                        <value name="A">
                                          <block type="variables_get" id="qu+J@}1QsM8TOg;E}j5c">
                                            <field name="VAR" id="1!Q=o2H@wU17/AhTZV6Z" variabletype="">CONTADOR DE LOSS</field>
                                          </block>
                                        </value>
                                        <value name="B">
                                          <block type="math_number" id="l*DGL(?FMjE}r(F(^!T[">
                                            <field name="NUM">3</field>
                                          </block>
                                        </value>
                                      </block>
                                    </value>
                                    <statement name="DO0">
                                      <block type="timeout" id="yY}ub,!H2D%-7aN0ndyx">
                                        <value name="SECONDS">
                                          <shadow type="math_number" id="[P@4V%CwL*YUi+kv/e$K">
                                            <field name="NUM">600</field>
                                          </shadow>
                                          <block type="math_number" id="%Bj@)[gzFJ=8jNsxL_XE">
                                            <field name="NUM">0</field>
                                          </block>
                                        </value>
                                      </block>
                                    </statement>
                                    <next>
                                      <block type="notify" id=":2KhHoHpswQualNE;u+j">
                                        <field name="NOTIFICATION_TYPE">error</field>
                                        <field name="NOTIFICATION_SOUND">silent</field>
                                        <value name="MESSAGE">
                                          <shadow type="text" id="#m67s,.I67],`AL5MY:O">
                                            <field name="TEXT">abc</field>
                                          </shadow>
                                          <block type="text_join" id="0S]^EFNYsc:8ppzhk;t-">
                                            <mutation items="2"></mutation>
                                            <value name="ADD0">
                                              <block type="text" id="wWp(3CNJOJuBme}RDO!d">
                                                <field name="TEXT">LOSS SEGUIDOS : </field>
                                              </block>
                                            </value>
                                            <value name="ADD1">
                                              <block type="variables_get" id="MYsCP}BNZ358rs^GgHSN">
                                                <field name="VAR" id="1!Q=o2H@wU17/AhTZV6Z" variabletype="">CONTADOR DE LOSS</field>
                                              </block>
                                            </value>
                                          </block>
                                        </value>
                                        <next>
                                          <block type="controls_if" id="4ZCG^|[AY4SKsx@6SB.c">
                                            <value name="IF0">
                                              <block type="logic_compare" id="@^JMP3lyDa#JecSSqCe~">
                                                <field name="OP">EQ</field>
                                                <value name="A">
                                                  <block type="variables_get" id="z!}=:_Ut$^y*beXs+Wu7">
                                                    <field name="VAR" id="1!Q=o2H@wU17/AhTZV6Z" variabletype="">CONTADOR DE LOSS</field>
                                                  </block>
                                                </value>
                                                <value name="B">
                                                  <block type="math_number" id="@WUcG1dW{LX5sq$00%51">
                                                    <field name="NUM">7</field>
                                                  </block>
                                                </value>
                                              </block>
                                            </value>
                                            <statement name="DO0">
                                              <block type="timeout" id="mjg]*L]nC1?`~PcVaxdN">
                                                <value name="SECONDS">
                                                  <shadow type="math_number" id="[P@4V%CwL*YUi+kv/e$K">
                                                    <field name="NUM">600</field>
                                                  </shadow>
                                                  <block type="math_number" id="q%$meT)J*a.h7bkOLh}M">
                                                    <field name="NUM">0</field>
                                                  </block>
                                                </value>
                                              </block>
                                            </statement>
                                          </block>
                                        </next>
                                      </block>
                                    </next>
                                  </block>
                                </next>
                              </block>
                            </next>
                          </block>
                        </next>
                      </block>
                    </next>
                  </block>
                </next>
              </block>
            </next>
          </block>
        </statement>
        <statement name="ELSE">
          <block type="variables_set" id="VEXKq=}mAvLqcu]mH-,@" collapsed="true">
            <field name="VAR" id="L?EYEOP.x}*)aE%T,x49" variabletype="">VALOR INICIAL</field>
            <value name="VALUE">
              <block type="variables_get" id="f2oi5QIa:;A!MI@H{)JR">
                <field name="VAR" id="aZz]!WhDezF(f9u08p8K" variabletype="">VALOR PADRÃO</field>
              </block>
            </value>
            <next>
              <block type="variables_set" id="Fn:#+}[jOlqjuK):?:4/">
                <field name="VAR" id="1!Q=o2H@wU17/AhTZV6Z" variabletype="">CONTADOR DE LOSS</field>
                <value name="VALUE">
                  <block type="math_number" id="f+D2uUL^fbo],2tc1m_J">
                    <field name="NUM">0</field>
                  </block>
                </value>
                <next>
                  <block type="notify" id=",=8L7M288YkVLeH~/f^A">
                    <field name="NOTIFICATION_TYPE">success</field>
                    <field name="NOTIFICATION_SOUND">silent</field>
                    <value name="MESSAGE">
                      <shadow type="text" id="{geN2$2|N+O8uaY([Wod">
                        <field name="TEXT">PERDEU</field>
                      </shadow>
                      <block type="text" id=";yP`Al8$k,QW/[8pvd}[">
                        <field name="TEXT">GANHOU</field>
                      </block>
                    </value>
                  </block>
                </next>
              </block>
            </next>
          </block>
        </statement>
        <next>
          <block type="controls_if" id=";g[4x*ws1EA6U@c?UR/`" collapsed="true">
            <value name="IF0">
              <block type="logic_compare" id="Dis.A6,2MtM(n.+vaVM_">
                <field name="OP">EQ</field>
                <value name="A">
                  <block type="variables_get" id="@g$SWnz?CB^^eOVvh~f,">
                    <field name="VAR" id="1!Q=o2H@wU17/AhTZV6Z" variabletype="">CONTADOR DE LOSS</field>
                  </block>
                </value>
                <value name="B">
                  <block type="variables_get" id="~V!AO^8Z)^UMh:-4!FPi">
                    <field name="VAR" id="][S6m92ZKd{mJ,T{:_s~" variabletype="">Nº MÁXIMO DE MARTINGALE</field>
                  </block>
                </value>
              </block>
            </value>
            <statement name="DO0">
              <block type="variables_set" id="$4lwlYS(?;[^bqYOZA__">
                <field name="VAR" id="1!Q=o2H@wU17/AhTZV6Z" variabletype="">CONTADOR DE LOSS</field>
                <value name="VALUE">
                  <block type="math_number" id="L(^Z]F}FYW|j)c5]u~{N">
                    <field name="NUM">0</field>
                  </block>
                </value>
                <next>
                  <block type="variables_set" id="+^d`yl5BQ$cd5%@vCA!J">
                    <field name="VAR" id="L?EYEOP.x}*)aE%T,x49" variabletype="">VALOR INICIAL</field>
                    <value name="VALUE">
                      <block type="variables_get" id="NN~D:eB_YfbMJE,ZTp^5">
                        <field name="VAR" id="aZz]!WhDezF(f9u08p8K" variabletype="">VALOR PADRÃO</field>
                      </block>
                    </value>
                  </block>
                </next>
              </block>
            </statement>
            <next>
              <block type="notify" id="~V/k}1@?(N^H)y;:w8,t" collapsed="true">
                <field name="NOTIFICATION_TYPE">info</field>
                <field name="NOTIFICATION_SOUND">silent</field>
                <value name="MESSAGE">
                  <block type="text_join" id="MW5BP^@r^HYNYcb%CRIT">
                    <mutation items="2"></mutation>
                    <value name="ADD0">
                      <block type="text" id="DWi7P5e=IN*Q_/+kgY9A">
                        <field name="TEXT">SALDO ATUAL : </field>
                      </block>
                    </value>
                    <value name="ADD1">
                      <block type="total_profit" id="yZy0N=~8_XPKb-!],%IW"></block>
                    </value>
                  </block>
                </value>
                <next>
                  <block type="controls_if" id="|wi(+1KpXz,BC.`!mUR)" collapsed="true">
                    <mutation else="1"></mutation>
                    <value name="IF0">
                      <block type="logic_compare" id="X#rtD_I:^]253truBA9i">
                        <field name="OP">LT</field>
                        <value name="A">
                          <block type="total_profit" id="%l?%+gW7Wf%Ht;E86UE9"></block>
                        </value>
                        <value name="B">
                          <block type="variables_get" id="7;%_kjG(S(y}Y}K|yYmA">
                            <field name="VAR" id="*AIAI3tYDz^D}ua0y)ZP" variabletype="">VALOR DE META</field>
                          </block>
                        </value>
                      </block>
                    </value>
                    <statement name="DO0">
                      <block type="controls_if" id="~A}Tn7=998po(%-Z9G/i">
                        <mutation else="1"></mutation>
                        <value name="IF0">
                          <block type="logic_operation" id="/Zj6:Sh2HC}E5={Mz|dQ">
                            <field name="OP">AND</field>
                            <value name="A">
                              <block type="math_number_property" id="8u4+N)Jsia1ueHZj)?0f">
                                <mutation divisor_input="false"></mutation>
                                <field name="PROPERTY">NEGATIVE</field>
                                <value name="NUMBER_TO_CHECK">
                                  <shadow type="math_number" id="otH_VG.6ad,:GnG=3=)5">
                                    <field name="NUM">0</field>
                                  </shadow>
                                  <block type="total_profit" id="e](;NpPt*dH-VjB97+#!"></block>
                                </value>
                              </block>
                            </value>
                            <value name="B">
                              <block type="logic_compare" id="A[wua)LdE-eXJcBa{2Yj">
                                <field name="OP">GTE</field>
                                <value name="A">
                                  <block type="math_single" id="O|11X%J,DD:tzfT+6BXW">
                                    <field name="OP">ABS</field>
                                    <value name="NUM">
                                      <shadow type="math_number" id="(UBCH+RQSwYPbgf%@ANZ">
                                        <field name="NUM">9</field>
                                      </shadow>
                                      <block type="total_profit" id="NuCH#x3VEU}}7^|P96t`"></block>
                                    </value>
                                  </block>
                                </value>
                                <value name="B">
                                  <block type="variables_get" id="WMJQ_hyS8o#3y@Bj89CI">
                                    <field name="VAR" id="F)j!FJ#u.+kave3Q)HJ*" variabletype="">PERDA MÁXIMA</field>
                                  </block>
                                </value>
                              </block>
                            </value>
                          </block>
                        </value>
                        <statement name="DO0">
                          <block type="text_print" id="Wkf6pR9`=a{mijQRVuvs">
                            <value name="TEXT">
                              <shadow type="text" id="Nau%l+%*hH!#y2I#Q@%5">
                                <field name="TEXT">abc</field>
                              </shadow>
                              <block type="text" id="MoyQ.AxmX?i*C|oua3f!">
                                <field name="TEXT">INFELIZMENTE PERDEU O MÁXIMO !!!</field>
                              </block>
                            </value>
                          </block>
                        </statement>
                        <statement name="ELSE">
                          <block type="trade_again" id="sK}5;Fpy9Nk1Rg-:;jXE"></block>
                        </statement>
                      </block>
                    </statement>
                    <statement name="ELSE">
                      <block type="text_print" id="_EBWv0o6mmneP1k,qm,c">
                        <value name="TEXT">
                          <shadow type="text" id="kqlrIk.GO.^}hI,PoUV)">
                            <field name="TEXT">abc</field>
                          </shadow>
                          <block type="text_join" id="Gikz_{+PnB190]#QzjHx">
                            <mutation items="2"></mutation>
                            <value name="ADD0">
                              <block type="text" id="RZ`{vrw!^U%//Gjrqtcy">
                                <field name="TEXT">PARABÉNS, ATINGIU SUA META!!!      </field>
                              </block>
                            </value>
                            <value name="ADD1">
                              <block type="total_profit" id="x34f6rZ~cULVD+?SXh]~"></block>
                            </value>
                          </block>
                        </value>
                      </block>
                    </statement>
                  </block>
                </next>
              </block>
            </next>
          </block>
        </next>
      </block>
    </statement>
  </block>
  <block type="trade" id="xgH69|xFn9=70w.*3Vo@" x="-183" y="-197">
    <field name="MARKET_LIST">synthetic_index</field>
    <field name="SUBMARKET_LIST">random_index</field>
    <field name="SYMBOL_LIST">R_100</field>
    <field name="TRADETYPECAT_LIST">callput</field>
    <field name="TRADETYPE_LIST">risefall</field>
    <field name="TYPE_LIST">both</field>
    <field name="CANDLEINTERVAL_LIST">60</field>
    <field name="TIME_MACHINE_ENABLED">FALSE</field>
    <field name="RESTARTONERROR">TRUE</field>
    <statement name="INITIALIZATION">
      <block type="variables_set" id="Eh%6fGLD@;d/G|1efW?#">
        <field name="VAR" id="1!Q=o2H@wU17/AhTZV6Z" variabletype="">CONTADOR DE LOSS</field>
        <value name="VALUE">
          <block type="math_number" id="V}oy7t#vqhOI6;/4=h3p">
            <field name="NUM">7</field>
          </block>
        </value>
        <next>
          <block type="variables_set" id="v/O]iCQ}j[GiAK!S1!vk">
            <field name="VAR" id="F)j!FJ#u.+kave3Q)HJ*" variabletype="">PERDA MÁXIMA</field>
            <value name="VALUE">
              <block type="math_number" id="}4sby?I1;P6^Fuw`w^P6">
                <field name="NUM">10</field>
              </block>
            </value>
            <next>
              <block type="variables_set" id="O22|V)aBVX|.Oj.:`iif">
                <field name="VAR" id="][S6m92ZKd{mJ,T{:_s~" variabletype="">Nº MÁXIMO DE MARTINGALE</field>
                <value name="VALUE">
                  <block type="math_number" id="{.9mT$Pi+jbYf#pgo[~a">
                    <field name="NUM">7</field>
                  </block>
                </value>
                <next>
                  <block type="variables_set" id="yuF[{UN_)/n/p_7|Bn{^">
                    <field name="VAR" id="*AIAI3tYDz^D}ua0y)ZP" variabletype="">VALOR DE META</field>
                    <value name="VALUE">
                      <block type="math_number" id="wIHS=~1{0}gq/gIA=qz.">
                        <field name="NUM">5</field>
                      </block>
                    </value>
                    <next>
                      <block type="variables_set" id="`uPw@O5OU(6w(8tjON_B">
                        <field name="VAR" id="L?EYEOP.x}*)aE%T,x49" variabletype="">VALOR INICIAL</field>
                        <value name="VALUE">
                          <block type="math_number" id="6U,y*-#sCYl?}o,:%LwM">
                            <field name="NUM">0.35</field>
                          </block>
                        </value>
                        <next>
                          <block type="variables_set" id="`i(!a5d|oegV*kCAjHDu">
                            <field name="VAR" id="aZz]!WhDezF(f9u08p8K" variabletype="">VALOR PADRÃO</field>
                            <value name="VALUE">
                              <block type="math_number" id="BNBl*`Cr{vg,Wys=]E?2">
                                <field name="NUM">0.35</field>
                              </block>
                            </value>
                          </block>
                        </next>
                      </block>
                    </next>
                  </block>
                </next>
              </block>
            </next>
          </block>
        </next>
      </block>
    </statement>
    <statement name="SUBMARKET">
      <block type="tradeOptions" id="x=V33~4Lb|(sLv`J[:Eb">
        <field name="DURATIONTYPE_LIST">t</field>
        <field name="CURRENCY_LIST">USD</field>
        <field name="BARRIEROFFSETTYPE_LIST">+</field>
        <field name="SECONDBARRIEROFFSETTYPE_LIST">-</field>
        <value name="DURATION">
          <shadow type="math_number" id="O*@58sDc=!cOO}*b2vf9">
            <field name="NUM">3</field>
          </shadow>
        </value>
        <value name="AMOUNT">
          <shadow type="math_number" id="ml)25~7^q}3I9}vjf:%K">
            <field name="NUM">1</field>
          </shadow>
          <block type="variables_get" id="68VN5*PR:l5+}Cmi;|q;">
            <field name="VAR" id="L?EYEOP.x}*)aE%T,x49" variabletype="">VALOR INICIAL</field>
          </block>
        </value>
      </block>
    </statement>
  </block>
  <block type="before_purchase" id="i-CIx.(Onm4?ihxzA}Y]" collapsed="true" x="-185" y="369">
    <statement name="BEFOREPURCHASE_STACK">
      <block type="variables_set" id="{MO9opmL(/]uw+V1D3O}">
        <field name="VAR" id="g.,lTcSbHY/G{-Q`^MF-" variabletype="">Timer</field>
        <value name="VALUE">
          <block type="math_arithmetic" id="3-w$FPvExe/4T+xO9K/;">
            <field name="OP">MINUS</field>
            <value name="A">
              <shadow type="math_number" id="EE04Z]jidc?iqWI!7@W@">
                <field name="NUM">1</field>
              </shadow>
              <block type="epoch" id="k6i2qWJ#oFj)|XJ@+D{T"></block>
            </value>
            <value name="B">
              <shadow type="math_number" id="3_J{=?j])#ROu[^VLn`W">
                <field name="NUM">1</field>
              </shadow>
              <block type="read_ohlc" id="^4|?qLAp?z1X~DHY^{ie">
                <field name="OHLCFIELD_LIST">epoch</field>
                <field name="CANDLEINTERVAL_LIST">60</field>
                <value name="CANDLEINDEX">
                  <shadow type="math_number" id="`4RudKY:QqZY2G}f:-i{">
                    <field name="NUM">1</field>
                  </shadow>
                </value>
              </block>
            </value>
          </block>
        </value>
        <next>
          <block type="notify" id="Ob.z;=,I$jwo.`]#r?AA">
            <field name="NOTIFICATION_TYPE">info</field>
            <field name="NOTIFICATION_SOUND">silent</field>
            <value name="MESSAGE">
              <shadow type="text" id="Qp.$xBaX|_*p`{SdnyRe">
                <field name="TEXT">abc</field>
              </shadow>
              <block type="text_join" id="s,i`OTW|GgUGiU4wL3Dp">
                <mutation items="3"></mutation>
                <value name="ADD0">
                  <block type="text" id="m}BdvaQ[A9~!]=CHD5H)">
                    <field name="TEXT">Tempo do Candle Atual:</field>
                  </block>
                </value>
                <value name="ADD1">
                  <block type="variables_get" id="aP|KMrc;36}d)Ixa1NK?">
                    <field name="VAR" id="g.,lTcSbHY/G{-Q`^MF-" variabletype="">Timer</field>
                  </block>
                </value>
                <value name="ADD2">
                  <block type="text" id="X-YJ_D1xzpJL,^]1Hk]m">
                    <field name="TEXT"> Segundos</field>
                  </block>
                </value>
              </block>
            </value>
            <next>
              <block type="controls_if" id="(/,[Pl8?MDS]v3^_+UR$">
                <value name="IF0">
                  <block type="logic_compare" id="oGwa{,zKkZB`iyUVJqO#">
                    <field name="OP">GT</field>
                    <value name="A">
                      <block type="variables_get" id="H[o?Y9W,CUlRS=?=P2d,">
                        <field name="VAR" id="g.,lTcSbHY/G{-Q`^MF-" variabletype="">Timer</field>
                      </block>
                    </value>
                    <value name="B">
                      <block type="math_number" id="XQr2]uy;_CxcW!zol7ZN">
                        <field name="NUM">0</field>
                      </block>
                    </value>
                  </block>
                </value>
                <statement name="DO0">
                  <block type="variables_set" id="Bh_}f_6pQjN0gRrrxT1k">
                    <field name="VAR" id="OAlzU[NEZAy*RS7E9:nA" variabletype="">candle vermelho</field>
                    <value name="VALUE">
                      <block type="is_candle_black" id="IZ/mfW*?3(jx+u0!1/RL">
                        <value name="OHLCOBJ">
                          <block type="get_ohlc" id="*JiEP{r)gr$O(I]V!W;b">
                            <field name="CANDLEINTERVAL_LIST">60</field>
                            <value name="CANDLEINDEX">
                              <shadow type="math_number" id="GBy!fCf.M_^WIvq@Aam_">
                                <field name="NUM">1</field>
                              </shadow>
                            </value>
                          </block>
                        </value>
                      </block>
                    </value>
                    <next>
                      <block type="variables_set" id="81$0I@ACcoqq]^p9PveH">
                        <field name="VAR" id="usZ%VI]pFYB(L3AeS8$L" variabletype="">candle verde</field>
                        <value name="VALUE">
                          <block type="logic_negate" id="Z|L?_6P,U21E1vK(Lke9">
                            <value name="BOOL">
                              <block type="is_candle_black" id="Bj7X.Le;$KrR/B|s,8q1">
                                <value name="OHLCOBJ">
                                  <block type="get_ohlc" id="9]}K;|4Hc[(KqgFBS(xO">
                                    <field name="CANDLEINTERVAL_LIST">60</field>
                                    <value name="CANDLEINDEX">
                                      <shadow type="math_number" id="5E**v,R3A~S%O`n;S]hI">
                                        <field name="NUM">1</field>
                                      </shadow>
                                    </value>
                                  </block>
                                </value>
                              </block>
                            </value>
                          </block>
                        </value>
                        <next>
                          <block type="controls_if" id="ov6m2`{nWpfI99=gimsT">
                            <value name="IF0">
                              <block type="variables_get" id="j1XEKH[:HO*MED*PdiyL">
                                <field name="VAR" id="usZ%VI]pFYB(L3AeS8$L" variabletype="">candle verde</field>
                              </block>
                            </value>
                            <statement name="DO0">
                              <block type="controls_if" id="$L~wds7QX2R|9E3nuJwa">
                                <value name="IF0">
                                  <block type="logic_compare" id="JJ*uP^FRrLfYp);?8=UX">
                                    <field name="OP">GT</field>
                                    <value name="A">
                                      <block type="tick" id="H]F6i5L(Go452vq:8uG7"></block>
                                    </value>
                                    <value name="B">
                                      <block type="variables_get" id="aI5J,m/Z~Y$d[Uwzt!/8">
                                        <field name="VAR" id="usZ%VI]pFYB(L3AeS8$L" variabletype="">candle verde</field>
                                      </block>
                                    </value>
                                  </block>
                                </value>
                                <statement name="DO0">
                                  <block type="purchase" id="HpB7+TlF`ls=^7wCw0$1">
                                    <field name="PURCHASE_LIST">CALL</field>
                                  </block>
                                </statement>
                              </block>
                            </statement>
                            <next>
                              <block type="controls_if" id="SRbRTz0e=UFfx/LX+v0X">
                                <value name="IF0">
                                  <block type="variables_get" id="`dqX3t1FRmD$q583.v=X">
                                    <field name="VAR" id="OAlzU[NEZAy*RS7E9:nA" variabletype="">candle vermelho</field>
                                  </block>
                                </value>
                                <statement name="DO0">
                                  <block type="controls_if" id="Krb?N-ZpUTO;Qq2=Czk(">
                                    <value name="IF0">
                                      <block type="logic_compare" id="`6CT)HGtCs|ov1/@pnd%">
                                        <field name="OP">GT</field>
                                        <value name="A">
                                          <block type="tick" id="+4:|gOaS|8KdaLz2x;[v"></block>
                                        </value>
                                        <value name="B">
                                          <block type="variables_get" id="#~SiZp*.Pn~uZ5MDTZzm">
                                            <field name="VAR" id="OAlzU[NEZAy*RS7E9:nA" variabletype="">candle vermelho</field>
                                          </block>
                                        </value>
                                      </block>
                                    </value>
                                    <statement name="DO0">
                                      <block type="purchase" id="hj+o6:v(.v*Nj6j2_k0r">
                                        <field name="PURCHASE_LIST">PUT</field>
                                      </block>
                                    </statement>
                                  </block>
                                </statement>
                              </block>
                            </next>
                          </block>
                        </next>
                      </block>
                    </next>
                  </block>
                </statement>
              </block>
            </next>
          </block>
        </next>
      </block>
    </statement>
  </block>
</xml>