<xml xmlns="http://www.w3.org/1999/xhtml" collection="false">
  <variables>
    <variable type="" id="$umgja|6TotXz)BpETTF">order</variable>
    <variable type="" id=")~8b,K_e!iWeq1b1K+bj">target</variable>
    <variable type="" id="wcK++fv|bW]?((Y8)h-M">modal</variable>
    <variable type="" id="/c4wtIsv_7Mn3pX]Yjv4">hasil</variable>
  </variables>
  <block type="trade" id="xgH69|xFn9=70w.*3Vo@" x="0" y="0">
    <field name="MARKET_LIST">volidx</field>
    <field name="SUBMARKET_LIST">random_index</field>
    <field name="SYMBOL_LIST">R_100</field>
    <field name="TRADETYPECAT_LIST">callput</field>
    <field name="TRADETYPE_LIST">risefall</field>
    <field name="TYPE_LIST">both</field>
    <field name="CANDLEINTERVAL_LIST">60</field>
    <field name="TIME_MACHINE_ENABLED">FALSE</field>
    <field name="RESTARTONERROR">TRUE</field>
    <statement name="INITIALIZATION">
      <block type="variables_set" id="jjj1x|+S[j`fVD14t_7%">
        <field name="VAR" id="$umgja|6TotXz)BpETTF" variabletype="">order</field>
        <value name="VALUE">
          <block type="text" id="`Hh2K%wiUY_D5ypf=Re5">
            <field name="TEXT">Rise</field>
          </block>
        </value>
        <next>
          <block type="variables_set" id="Y9^a}GL{6(6;U*[FP,45">
            <field name="VAR" id=")~8b,K_e!iWeq1b1K+bj" variabletype="">target</field>
            <value name="VALUE">
              <block type="math_number" id="a(V*}KZt9dTk:pq?,_em">
                <field name="NUM">10</field>
              </block>
            </value>
            <next>
              <block type="variables_set" id="EUrtx!}1yjPyh_YrFukM">
                <field name="VAR" id="wcK++fv|bW]?((Y8)h-M" variabletype="">modal</field>
                <value name="VALUE">
                  <block type="math_number" id="S~pV+yWNLiJ(srpS|Cj#">
                    <field name="NUM">0.35</field>
                  </block>
                </value>
                <next>
                  <block type="variables_set" id="}BjV+RyBBTM;KPBq/n`[">
                    <field name="VAR" id="/c4wtIsv_7Mn3pX]Yjv4" variabletype="">hasil</field>
                    <value name="VALUE">
                      <block type="math_number" id="iTi50Pl6|4Nn`m~KwMB;">
                        <field name="NUM">0.35</field>
                      </block>
                    </value>
                  </block>
                </next>
              </block>
            </next>
          </block>
        </next>
      </block>
    </statement>
    <statement name="SUBMARKET">
      <block type="tradeOptions" id="x=V33~4Lb|(sLv`J[:Eb">
        <field name="DURATIONTYPE_LIST">t</field>
        <field name="CURRENCY_LIST">USD</field>
        <field name="BARRIEROFFSETTYPE_LIST">+</field>
        <field name="SECONDBARRIEROFFSETTYPE_LIST">-</field>
        <value name="DURATION">
          <shadow type="math_number" id="O*@58sDc=!cOO}*b2vf9">
            <field name="NUM">5</field>
          </shadow>
        </value>
        <value name="AMOUNT">
          <shadow type="math_number" id="ml)25~7^q}3I9}vjf:%K">
            <field name="NUM">1</field>
          </shadow>
          <block type="variables_get" id="*Xnz##W%G}HaS#3(@~J4">
            <field name="VAR" id="wcK++fv|bW]?((Y8)h-M" variabletype="">modal</field>
          </block>
        </value>
      </block>
    </statement>
  </block>
  <block type="before_purchase" id="i-CIx.(Onm4?ihxzA}Y]" x="0" y="516">
    <statement name="BEFOREPURCHASE_STACK">
      <block type="controls_if" id="QrchNjEtrFpLb.v2^{?^">
        <mutation else="1"></mutation>
        <value name="IF0">
          <block type="logic_compare" id="[Vlrf-yK^bfgbIF{-`+3">
            <field name="OP">EQ</field>
            <value name="A">
              <block type="variables_get" id="F+UDR8*xZeTOCsG:`s-4">
                <field name="VAR" id="$umgja|6TotXz)BpETTF" variabletype="">order</field>
              </block>
            </value>
            <value name="B">
              <block type="text" id="/rX}UpmUOdqR;cBM;cdW">
                <field name="TEXT">Rise</field>
              </block>
            </value>
          </block>
        </value>
        <statement name="DO0">
          <block type="purchase" id="W6q#Z-I3q3d[d3-`S[dS">
            <field name="PURCHASE_LIST">CALL</field>
          </block>
        </statement>
        <statement name="ELSE">
          <block type="purchase" id="BYG}SW?JCCR3{d.RJ}~7">
            <field name="PURCHASE_LIST">PUT</field>
          </block>
        </statement>
      </block>
    </statement>
  </block>
  <block type="after_purchase" id="D^Jz1^n=2vtZku1vBN@;" x="0" y="728">
    <statement name="AFTERPURCHASE_STACK">
      <block type="controls_if" id="R,/xV]1+an]zN-4O).;U">
        <mutation else="1"></mutation>
        <value name="IF0">
          <block type="contract_check_result" id="`+N[-./eD!m9jkl|Ew}c">
            <field name="CHECK_RESULT">loss</field>
          </block>
        </value>
        <statement name="DO0">
          <block type="controls_if" id=",kHGRjn;dJ{urM=zlJOi">
            <mutation else="1"></mutation>
            <value name="IF0">
              <block type="logic_compare" id="`)%jSxG4bcCD)baqCs.X">
                <field name="OP">EQ</field>
                <value name="A">
                  <block type="variables_get" id="7a7tBGW+-g!!Ni3^i45G">
                    <field name="VAR" id="$umgja|6TotXz)BpETTF" variabletype="">order</field>
                  </block>
                </value>
                <value name="B">
                  <block type="text" id="_aNui0,q4^qKe63O5|6]">
                    <field name="TEXT">Rise</field>
                  </block>
                </value>
              </block>
            </value>
            <statement name="DO0">
              <block type="variables_set" id="n`|j569Jx{5i%13QA+Uu">
                <field name="VAR" id="$umgja|6TotXz)BpETTF" variabletype="">order</field>
                <value name="VALUE">
                  <block type="text" id="c`F}GeVEBOQ,MSXBD@Ha">
                    <field name="TEXT">Fall</field>
                  </block>
                </value>
              </block>
            </statement>
            <statement name="ELSE">
              <block type="variables_set" id="U1~Qqx_;aHafrh1mSkMg">
                <field name="VAR" id="$umgja|6TotXz)BpETTF" variabletype="">order</field>
                <value name="VALUE">
                  <block type="text" id=";)T)`t:RS(orExg9x/8t">
                    <field name="TEXT">Rise</field>
                  </block>
                </value>
              </block>
            </statement>
            <next>
              <block type="math_change" id="rs[$6nhM7Q?=n)1amt{(">
                <field name="VAR" id="wcK++fv|bW]?((Y8)h-M" variabletype="">modal</field>
                <value name="DELTA">
                  <shadow type="math_number" id="vrEl3{KO6:+Zy(7(w2rv">
                    <field name="NUM">1</field>
                  </shadow>
                  <block type="math_arithmetic" id="eu8gWi,X4@j6DLlSsi^5">
                    <field name="OP">MULTIPLY</field>
                    <value name="A">
                      <shadow type="math_number" id="/IXw7{7!r@pCGL*nt$hM">
                        <field name="NUM">1</field>
                      </shadow>
                      <block type="variables_get" id="|V%KX^:~ISqU9HKGGvSy">
                        <field name="VAR" id="wcK++fv|bW]?((Y8)h-M" variabletype="">modal</field>
                      </block>
                    </value>
                    <value name="B">
                      <shadow type="math_number" id="h3cX{}/MX3hpD-QZe^zE">
                        <field name="NUM">1.05</field>
                      </shadow>
                    </value>
                  </block>
                </value>
              </block>
            </next>
          </block>
        </statement>
        <statement name="ELSE">
          <block type="variables_set" id="ScmcGSlE4!jL`L73ZK94">
            <field name="VAR" id="wcK++fv|bW]?((Y8)h-M" variabletype="">modal</field>
            <value name="VALUE">
              <block type="variables_get" id="6Tii[^URiMH=@Z?!n9vs">
                <field name="VAR" id="/c4wtIsv_7Mn3pX]Yjv4" variabletype="">hasil</field>
              </block>
            </value>
          </block>
        </statement>
        <next>
          <block type="controls_if" id="n^=Sc_lXB=S[y1-hPKjE">
            <mutation else="1"></mutation>
            <value name="IF0">
              <block type="logic_compare" id="7B+%o9;ct1#=,e5)u.1`">
                <field name="OP">LT</field>
                <value name="A">
                  <block type="total_profit" id="I#U#Psy%ST[aZrijT-Ne"></block>
                </value>
                <value name="B">
                  <block type="variables_get" id="g~u#Ib,}a6g:Y`}L?NBj">
                    <field name="VAR" id=")~8b,K_e!iWeq1b1K+bj" variabletype="">target</field>
                  </block>
                </value>
              </block>
            </value>
            <statement name="DO0">
              <block type="trade_again" id="c)S|KjoQdXc8l#J@5z3P"></block>
            </statement>
            <statement name="ELSE">
              <block type="text_print" id="2ZTo-UM/$C(6NFf0Z}71">
                <value name="TEXT">
                  <shadow type="text" id="esBy-U{qYb4$Dp[MuH-Q">
                    <field name="TEXT">abc</field>
                  </shadow>
                  <block type="text" id="YqR)JrM%QUcb?}:Lpwte">
                    <field name="TEXT">Target Tercapai</field>
                  </block>
                </value>
              </block>
            </statement>
          </block>
        </next>
      </block>
    </statement>
  </block>
</xml>