<xml xmlns="http://www.w3.org/1999/xhtml" collection="false">
  <variables>
    <variable type="" id="J0hWM+g4^]p-2b*)sK4-">@lasaidhari (EODK) last digit list</variable>
    <variable type="" id="Q$mi]Q;:2mrjR5w?GFk%">@lasaidhari (EODK) number of last digit list</variable>
    <variable type="" id="1YX3yiMl]cJr1?Zp;|gE">@lasaidhari (BTCI) ticks list</variable>
    <variable type="" id="j^IeqUxkY}PlE$G5z/?0">@lasaidhari (BTCI) number of ticks analysis</variable>
    <variable type="" id="1|AHA5xi)e!Jf;yFaAwP">@Lasaidhari (BTCI) tick start</variable>
    <variable type="" id="yBWb1Ui}zh*D^M,#)zs?">@Lasaidhari (BTCI) tick backwards</variable>
    <variable type="" id="y6N$2C*r$~55O:9,M!#2">@lasaidhari (LDL) last digit list</variable>
    <variable type="" id="|5Ne2I.eJ@63Jw^)vGOD">@lasaidhari (LDL) the last number of digits</variable>
    <variable type="" id="uVqc`JFa`@v6%t(s)sj*">(EODK) key list</variable>
    <variable type="" id="Cm8@O/6AM1fm:]js?Frk">@lasaidhari (BTCI) ticks color</variable>
    <variable type="" id="}j$N2G7T7eb3Z56ro.bq">@lasaidhari (LDL) last digit</variable>
    <variable type="" id="T60)pk$y0`mnRI*SpUD3">Max Acceptable Loss</variable>
    <variable type="" id="Itc=?TaoRwe^x:;qGAN_">blue/red</variable>
    <variable type="" id="{6#9AIr~vWQBk^+8`Wr1">(EODK) count key list</variable>
    <variable type="" id="yJ%rIAGyu@8rV4$x{9R@">@lasaidhari (BTCI) count color ticks</variable>
    <variable type="" id="76[bT!Q@uC~6CIuN92+;">Expected Profit</variable>
    <variable type="" id="b6mvJw4os#+l5#UFHhU)">Initial Amount</variable>
    <variable type="" id="Z.iLt)vxv.rpLMSj5`A]">Win Amount</variable>
    <variable type="" id="%13=H+3ObMs!:BWo!:jl">LAST DIGIT LIST</variable>
    <variable type="" id="=^jag.u9w*DBR3^#9U(J">even/odd</variable>
  </variables>
  <block type="procedures_defreturn" id="XViOO76R.@P#T(J|dB@K" collapsed="true" x="29" y="-34">
    <mutation>
      <arg name="@lasaidhari (EODK) last digit list" varid="J0hWM+g4^]p-2b*)sK4-"></arg>
      <arg name="@lasaidhari (EODK) number of last digit list" varid="Q$mi]Q;:2mrjR5w?GFk%"></arg>
    </mutation>
    <field name="NAME">@RF TICTAC By ultimate Trader:</field>
    <comment pinned="false" h="80" w="160">Jelaskan fungsi ini...</comment>
    <statement name="STACK">
      <block type="variables_set" id="~N,29kxB[Sa}Oa6hBRy{">
        <field name="VAR" id="uVqc`JFa`@v6%t(s)sj*" variabletype="">(EODK) key list</field>
        <value name="VALUE">
          <block type="lists_create_with" id="WoSif?EtXmDjXF/{68X8">
            <mutation items="0"></mutation>
          </block>
        </value>
        <next>
          <block type="controls_for" id="zAXqP7i|4uRse$;Ea$-(">
            <field name="VAR" id="{6#9AIr~vWQBk^+8`Wr1" variabletype="">(EODK) count key list</field>
            <value name="FROM">
              <block type="math_number" id="~_FD~?N5_+M-~:=1_0Zy">
                <field name="NUM">1</field>
              </block>
            </value>
            <value name="TO">
              <block type="variables_get" id="d9TJs0nvTp71T|Lg/t-s">
                <field name="VAR" id="Q$mi]Q;:2mrjR5w?GFk%" variabletype="">@lasaidhari (EODK) number of last digit list</field>
              </block>
            </value>
            <value name="BY">
              <block type="math_number" id="*,}^l~wREQix8Hsa^{e{">
                <field name="NUM">1</field>
              </block>
            </value>
            <statement name="DO">
              <block type="lists_setIndex" id="yF6W_2y}p[F%G04[EIV=">
                <mutation at="false"></mutation>
                <field name="MODE">INSERT</field>
                <field name="WHERE">FIRST</field>
                <value name="LIST">
                  <block type="variables_get" id="2yLIv70i!Lun#%^=.!CO">
                    <field name="VAR" id="uVqc`JFa`@v6%t(s)sj*" variabletype="">(EODK) key list</field>
                  </block>
                </value>
                <value name="TO">
                  <block type="logic_ternary" id="l:V:Hd8I(^1$hZ@5ng-%">
                    <value name="IF">
                      <block type="math_number_property" id="e[]#t/oswRvAqe?8.x7?">
                        <mutation divisor_input="false"></mutation>
                        <field name="PROPERTY">EVEN</field>
                        <value name="NUMBER_TO_CHECK">
                          <shadow type="math_number" id="ut@iPXL8;xTGo9.my*#g">
                            <field name="NUM">0</field>
                          </shadow>
                          <block type="lists_getIndex" id="Np-SasSc*Dcu3p$}$De9">
                            <mutation statement="false" at="true"></mutation>
                            <field name="MODE">GET</field>
                            <field name="WHERE">FROM_END</field>
                            <value name="VALUE">
                              <block type="variables_get" id="0]E+`9tqWv_VtEq1B})+">
                                <field name="VAR" id="J0hWM+g4^]p-2b*)sK4-" variabletype="">@lasaidhari (EODK) last digit list</field>
                              </block>
                            </value>
                            <value name="AT">
                              <block type="variables_get" id=".C-_awl;[m#+T$kAQWSv">
                                <field name="VAR" id="{6#9AIr~vWQBk^+8`Wr1" variabletype="">(EODK) count key list</field>
                              </block>
                            </value>
                          </block>
                        </value>
                      </block>
                    </value>
                    <value name="THEN">
                      <block type="text" id="#D2cIv$e9x-TZ/Q*j^.g">
                        <field name="TEXT">E</field>
                      </block>
                    </value>
                    <value name="ELSE">
                      <block type="text" id="rS5st.m[G,@XL6L_m?z`">
                        <field name="TEXT">O</field>
                      </block>
                    </value>
                  </block>
                </value>
              </block>
            </statement>
          </block>
        </next>
      </block>
    </statement>
    <value name="RETURN">
      <block type="variables_get" id="1)F13eky?!lNhyLTkiY6">
        <field name="VAR" id="uVqc`JFa`@v6%t(s)sj*" variabletype="">(EODK) key list</field>
      </block>
    </value>
  </block>
  <block type="procedures_defreturn" id="8O7$A6sIzNz~)l%EJUWo" collapsed="true" x="462" y="-33">
    <mutation>
      <arg name="@lasaidhari (BTCI) ticks list" varid="1YX3yiMl]cJr1?Zp;|gE"></arg>
      <arg name="@lasaidhari (BTCI) number of ticks analysis" varid="j^IeqUxkY}PlE$G5z/?0"></arg>
      <arg name="@Lasaidhari (BTCI) tick start" varid="1|AHA5xi)e!Jf;yFaAwP"></arg>
      <arg name="@Lasaidhari (BTCI) tick backwards" varid="yBWb1Ui}zh*D^M,#)zs?"></arg>
    </mutation>
    <field name="NAME">@RF TICTAC By ultimate Trader:Analysis Block</field>
    <comment pinned="false" h="80" w="160">Describe this function...</comment>
    <statement name="STACK">
      <block type="variables_set" id="?DkUk!SL=#M:Xw{.Kva0">
        <field name="VAR" id="Cm8@O/6AM1fm:]js?Frk" variabletype="">@lasaidhari (BTCI) ticks color</field>
        <value name="VALUE">
          <block type="lists_create_with" id="rJ.7!)#ZAjof?+nR/=%V">
            <mutation items="0"></mutation>
          </block>
        </value>
        <next>
          <block type="controls_for" id="3o7wkm7eGAX5mqV6OkEk">
            <field name="VAR" id="yJ%rIAGyu@8rV4$x{9R@" variabletype="">@lasaidhari (BTCI) count color ticks</field>
            <value name="FROM">
              <block type="variables_get" id="$u$[%ozjfxBj-Dq9CcQh">
                <field name="VAR" id="1|AHA5xi)e!Jf;yFaAwP" variabletype="">@Lasaidhari (BTCI) tick start</field>
              </block>
            </value>
            <value name="TO">
              <block type="variables_get" id="R54cyY[9.HFLC3KywlXn">
                <field name="VAR" id="j^IeqUxkY}PlE$G5z/?0" variabletype="">@lasaidhari (BTCI) number of ticks analysis</field>
              </block>
            </value>
            <value name="BY">
              <block type="math_number" id="=4YatDV^/_mtz@5bgD1w">
                <field name="NUM">1</field>
              </block>
            </value>
            <statement name="DO">
              <block type="lists_setIndex" id="d%?]U,RUm65*qE8Buj92">
                <mutation at="false"></mutation>
                <field name="MODE">INSERT</field>
                <field name="WHERE">FIRST</field>
                <value name="LIST">
                  <block type="variables_get" id="hyX3m:O/u-T0vvDLE!e|">
                    <field name="VAR" id="Cm8@O/6AM1fm:]js?Frk" variabletype="">@lasaidhari (BTCI) ticks color</field>
                  </block>
                </value>
                <value name="TO">
                  <block type="logic_ternary" id="1;pPkZIg:hO%RAyn0.p)">
                    <value name="IF">
                      <block type="logic_operation" id="%3B@.tb)vzn~BTz{j3D$" inline="false">
                        <field name="OP">AND</field>
                        <value name="A">
                          <block type="logic_compare" id="?Iz-J7h]v8~rhgKaxo/h" inline="false">
                            <field name="OP">LT</field>
                            <value name="A">
                              <block type="lists_getIndex" id="(;fw]_nti=5wxRw_h|,E">
                                <mutation statement="false" at="true"></mutation>
                                <field name="MODE">GET</field>
                                <field name="WHERE">FROM_END</field>
                                <value name="VALUE">
                                  <block type="variables_get" id="w872g*9f=1skN{EaND*T">
                                    <field name="VAR" id="1YX3yiMl]cJr1?Zp;|gE" variabletype="">@lasaidhari (BTCI) ticks list</field>
                                  </block>
                                </value>
                                <value name="AT">
                                  <block type="math_arithmetic" id="wmE=%YJu3I5ge[3`$@bU">
                                    <field name="OP">ADD</field>
                                    <value name="A">
                                      <shadow type="math_number" id="u}ZgvE#.G-%QwDaX:O6z">
                                        <field name="NUM">1</field>
                                      </shadow>
                                      <block type="variables_get" id="$tMkC^}AGEkt:5iMQKPy">
                                        <field name="VAR" id="yJ%rIAGyu@8rV4$x{9R@" variabletype="">@lasaidhari (BTCI) count color ticks</field>
                                      </block>
                                    </value>
                                    <value name="B">
                                      <shadow type="math_number" id="`#0$Hjb)9Dd!6%smT480">
                                        <field name="NUM">1</field>
                                      </shadow>
                                      <block type="variables_get" id="M?-*z;p]tzc4{`54E.C`">
                                        <field name="VAR" id="yBWb1Ui}zh*D^M,#)zs?" variabletype="">@Lasaidhari (BTCI) tick backwards</field>
                                      </block>
                                    </value>
                                  </block>
                                </value>
                              </block>
                            </value>
                            <value name="B">
                              <block type="lists_getIndex" id="/qh#NE@wfIP[lz0AZT/T">
                                <mutation statement="false" at="true"></mutation>
                                <field name="MODE">GET</field>
                                <field name="WHERE">FROM_END</field>
                                <value name="VALUE">
                                  <block type="variables_get" id="5EQF@=_k]B(__F`LD^$2">
                                    <field name="VAR" id="1YX3yiMl]cJr1?Zp;|gE" variabletype="">@lasaidhari (BTCI) ticks list</field>
                                  </block>
                                </value>
                                <value name="AT">
                                  <block type="math_arithmetic" id="[~e0^kIUg4,09Q*tqHf;">
                                    <field name="OP">ADD</field>
                                    <value name="A">
                                      <shadow type="math_number" id="u}ZgvE#.G-%QwDaX:O6z">
                                        <field name="NUM">1</field>
                                      </shadow>
                                      <block type="variables_get" id="|bC{hxZ$Gsc6d8N+z:_@">
                                        <field name="VAR" id="yJ%rIAGyu@8rV4$x{9R@" variabletype="">@lasaidhari (BTCI) count color ticks</field>
                                      </block>
                                    </value>
                                    <value name="B">
                                      <shadow type="math_number" id="#eYbMJ`a:6xA1y=T$P$^">
                                        <field name="NUM">2</field>
                                      </shadow>
                                      <block type="math_arithmetic" id="~Wc~sy@}}$s!`Z?laNFg">
                                        <field name="OP">ADD</field>
                                        <value name="A">
                                          <shadow type="math_number" id="jP@cz^JAP)*=9x/Nlpa8">
                                            <field name="NUM">1</field>
                                          </shadow>
                                          <block type="variables_get" id="IKm%n0OB/)2SK)_kW^j7">
                                            <field name="VAR" id="yBWb1Ui}zh*D^M,#)zs?" variabletype="">@Lasaidhari (BTCI) tick backwards</field>
                                          </block>
                                        </value>
                                        <value name="B">
                                          <shadow type="math_number" id="+@J6rtk~[V$)dmkqG2|S">
                                            <field name="NUM">1</field>
                                          </shadow>
                                        </value>
                                      </block>
                                    </value>
                                  </block>
                                </value>
                              </block>
                            </value>
                          </block>
                        </value>
                        <value name="B">
                          <block type="logic_compare" id="Z+/ho8`f1f7sx}]-DCP6" inline="false">
                            <field name="OP">EQ</field>
                            <value name="A">
                              <block type="lists_getIndex" id="GdgUqYInNQCrCA6J}tP#">
                                <mutation statement="false" at="true"></mutation>
                                <field name="MODE">GET</field>
                                <field name="WHERE">FROM_END</field>
                                <value name="VALUE">
                                  <block type="variables_get" id="De)*7uIs:vaXM5QZE,~8">
                                    <field name="VAR" id="1YX3yiMl]cJr1?Zp;|gE" variabletype="">@lasaidhari (BTCI) ticks list</field>
                                  </block>
                                </value>
                                <value name="AT">
                                  <block type="variables_get" id="^{NXpA5svvLL[J}BSyi?">
                                    <field name="VAR" id="yJ%rIAGyu@8rV4$x{9R@" variabletype="">@lasaidhari (BTCI) count color ticks</field>
                                  </block>
                                </value>
                              </block>
                            </value>
                            <value name="B">
                              <block type="lists_getIndex" id="z.5BL@/MOh~J=.KxTLEb">
                                <mutation statement="false" at="true"></mutation>
                                <field name="MODE">GET</field>
                                <field name="WHERE">FROM_END</field>
                                <value name="VALUE">
                                  <block type="variables_get" id="Ms]C*SKwEgV[gjbNK@_0">
                                    <field name="VAR" id="1YX3yiMl]cJr1?Zp;|gE" variabletype="">@lasaidhari (BTCI) ticks list</field>
                                  </block>
                                </value>
                                <value name="AT">
                                  <block type="math_arithmetic" id=":=-KQ:0[f{fiQ!`Mcy9Y">
                                    <field name="OP">ADD</field>
                                    <value name="A">
                                      <shadow type="math_number" id="u}ZgvE#.G-%QwDaX:O6z">
                                        <field name="NUM">1</field>
                                      </shadow>
                                      <block type="variables_get" id="%s^x:VkqJlLwwjmME#Y5">
                                        <field name="VAR" id="yJ%rIAGyu@8rV4$x{9R@" variabletype="">@lasaidhari (BTCI) count color ticks</field>
                                      </block>
                                    </value>
                                    <value name="B">
                                      <shadow type="math_number" id="B6+95EMxwK1}X-zj?*7V">
                                        <field name="NUM">1</field>
                                      </shadow>
                                      <block type="variables_get" id="l5i.{8x=V@/D@v^)(Y]7">
                                        <field name="VAR" id="yBWb1Ui}zh*D^M,#)zs?" variabletype="">@Lasaidhari (BTCI) tick backwards</field>
                                      </block>
                                    </value>
                                  </block>
                                </value>
                              </block>
                            </value>
                          </block>
                        </value>
                      </block>
                    </value>
                    <value name="THEN">
                      <block type="text" id="C*6:@h~DJDj}99f=W[75">
                        <field name="TEXT">=R</field>
                      </block>
                    </value>
                    <value name="ELSE">
                      <block type="logic_ternary" id="W$cWwDa2;r;pERi,(MB6">
                        <value name="IF">
                          <block type="logic_operation" id="NUG,eYU[`?{!tG#M.,3D" inline="false">
                            <field name="OP">AND</field>
                            <value name="A">
                              <block type="logic_compare" id="F!V~OYu41GpXI%9kS,j)" inline="false">
                                <field name="OP">GT</field>
                                <value name="A">
                                  <block type="lists_getIndex" id=":C9sKuG|]%c)}-joNV3u">
                                    <mutation statement="false" at="true"></mutation>
                                    <field name="MODE">GET</field>
                                    <field name="WHERE">FROM_END</field>
                                    <value name="VALUE">
                                      <block type="variables_get" id="57=cPrX!iQ=ZU8SKz08-">
                                        <field name="VAR" id="1YX3yiMl]cJr1?Zp;|gE" variabletype="">@lasaidhari (BTCI) ticks list</field>
                                      </block>
                                    </value>
                                    <value name="AT">
                                      <block type="math_arithmetic" id="Bp}}9CW-;n1:TDjW#C!y">
                                        <field name="OP">ADD</field>
                                        <value name="A">
                                          <shadow type="math_number" id="u}ZgvE#.G-%QwDaX:O6z">
                                            <field name="NUM">1</field>
                                          </shadow>
                                          <block type="variables_get" id="9m`):*RV+=WG(mSr33l(">
                                            <field name="VAR" id="yJ%rIAGyu@8rV4$x{9R@" variabletype="">@lasaidhari (BTCI) count color ticks</field>
                                          </block>
                                        </value>
                                        <value name="B">
                                          <shadow type="math_number" id="~2eH_gEWS)dHpJ:quO{O">
                                            <field name="NUM">1</field>
                                          </shadow>
                                          <block type="variables_get" id="vYBkyk}w@)*B/WNSj:5K">
                                            <field name="VAR" id="yBWb1Ui}zh*D^M,#)zs?" variabletype="">@Lasaidhari (BTCI) tick backwards</field>
                                          </block>
                                        </value>
                                      </block>
                                    </value>
                                  </block>
                                </value>
                                <value name="B">
                                  <block type="lists_getIndex" id="isU[?G:qm^gHR]/h{1a.">
                                    <mutation statement="false" at="true"></mutation>
                                    <field name="MODE">GET</field>
                                    <field name="WHERE">FROM_END</field>
                                    <value name="VALUE">
                                      <block type="variables_get" id="(4-_:9aUrV?Qlz5we:yV">
                                        <field name="VAR" id="1YX3yiMl]cJr1?Zp;|gE" variabletype="">@lasaidhari (BTCI) ticks list</field>
                                      </block>
                                    </value>
                                    <value name="AT">
                                      <block type="math_arithmetic" id="fb7-~D!LQlExB-6d~A6*">
                                        <field name="OP">ADD</field>
                                        <value name="A">
                                          <shadow type="math_number" id="u}ZgvE#.G-%QwDaX:O6z">
                                            <field name="NUM">1</field>
                                          </shadow>
                                          <block type="variables_get" id="x6WnZVTK1k2M,ihtK#aM">
                                            <field name="VAR" id="yJ%rIAGyu@8rV4$x{9R@" variabletype="">@lasaidhari (BTCI) count color ticks</field>
                                          </block>
                                        </value>
                                        <value name="B">
                                          <shadow type="math_number" id="{4jnQodLO6c5Ck/?{!eM">
                                            <field name="NUM">2</field>
                                          </shadow>
                                          <block type="math_arithmetic" id="%gP?NsTJiG/`TFBaM.Ev">
                                            <field name="OP">ADD</field>
                                            <value name="A">
                                              <shadow type="math_number" id="jP@cz^JAP)*=9x/Nlpa8">
                                                <field name="NUM">1</field>
                                              </shadow>
                                              <block type="variables_get" id=":S-U]1*J^{dtZ,q8OLdO">
                                                <field name="VAR" id="yBWb1Ui}zh*D^M,#)zs?" variabletype="">@Lasaidhari (BTCI) tick backwards</field>
                                              </block>
                                            </value>
                                            <value name="B">
                                              <shadow type="math_number" id="ib(PXrR$)3:)-2byK+9A">
                                                <field name="NUM">1</field>
                                              </shadow>
                                            </value>
                                          </block>
                                        </value>
                                      </block>
                                    </value>
                                  </block>
                                </value>
                              </block>
                            </value>
                            <value name="B">
                              <block type="logic_compare" id=":tp!U*6+E.l/Kg_}g-4=" inline="false">
                                <field name="OP">EQ</field>
                                <value name="A">
                                  <block type="lists_getIndex" id="9H9(8#v5gjre{-~i5Ouq">
                                    <mutation statement="false" at="true"></mutation>
                                    <field name="MODE">GET</field>
                                    <field name="WHERE">FROM_END</field>
                                    <value name="VALUE">
                                      <block type="variables_get" id="a_2vA0{JKG(5L]#G12Ax">
                                        <field name="VAR" id="1YX3yiMl]cJr1?Zp;|gE" variabletype="">@lasaidhari (BTCI) ticks list</field>
                                      </block>
                                    </value>
                                    <value name="AT">
                                      <block type="variables_get" id="DZ9]GnHYXaoU9?Pw%M?U">
                                        <field name="VAR" id="yJ%rIAGyu@8rV4$x{9R@" variabletype="">@lasaidhari (BTCI) count color ticks</field>
                                      </block>
                                    </value>
                                  </block>
                                </value>
                                <value name="B">
                                  <block type="lists_getIndex" id="LT+uM?+J]7+@RCjsi~,w">
                                    <mutation statement="false" at="true"></mutation>
                                    <field name="MODE">GET</field>
                                    <field name="WHERE">FROM_END</field>
                                    <value name="VALUE">
                                      <block type="variables_get" id="vw0Ts@)OKIQU3Yaq`*5W">
                                        <field name="VAR" id="1YX3yiMl]cJr1?Zp;|gE" variabletype="">@lasaidhari (BTCI) ticks list</field>
                                      </block>
                                    </value>
                                    <value name="AT">
                                      <block type="math_arithmetic" id="F]=8#h5Y!j,B(Z!UN*3V">
                                        <field name="OP">ADD</field>
                                        <value name="A">
                                          <shadow type="math_number" id="u}ZgvE#.G-%QwDaX:O6z">
                                            <field name="NUM">1</field>
                                          </shadow>
                                          <block type="variables_get" id="vvyFyH*f{gX93[?kWvx!">
                                            <field name="VAR" id="yJ%rIAGyu@8rV4$x{9R@" variabletype="">@lasaidhari (BTCI) count color ticks</field>
                                          </block>
                                        </value>
                                        <value name="B">
                                          <shadow type="math_number" id="9|$zFoFATRKB!Z7PrcaV">
                                            <field name="NUM">1</field>
                                          </shadow>
                                          <block type="variables_get" id="M#%JxrY#bTIrD5Oyqa,i">
                                            <field name="VAR" id="yBWb1Ui}zh*D^M,#)zs?" variabletype="">@Lasaidhari (BTCI) tick backwards</field>
                                          </block>
                                        </value>
                                      </block>
                                    </value>
                                  </block>
                                </value>
                              </block>
                            </value>
                          </block>
                        </value>
                        <value name="THEN">
                          <block type="text" id="F{.(Eu-Ha)lp.9=?uW8,">
                            <field name="TEXT">=B</field>
                          </block>
                        </value>
                        <value name="ELSE">
                          <block type="logic_ternary" id="oOSMCSX,=la+}NV*8ON1">
                            <value name="IF">
                              <block type="logic_compare" id="wMj}(,691EAomq^KnNNN" inline="false">
                                <field name="OP">GT</field>
                                <value name="A">
                                  <block type="lists_getIndex" id=":PR9.;=1+Ol?(cX6+3F^">
                                    <mutation statement="false" at="true"></mutation>
                                    <field name="MODE">GET</field>
                                    <field name="WHERE">FROM_END</field>
                                    <value name="VALUE">
                                      <block type="variables_get" id="_Mc5fWvcPH|.$oYjk:1/">
                                        <field name="VAR" id="1YX3yiMl]cJr1?Zp;|gE" variabletype="">@lasaidhari (BTCI) ticks list</field>
                                      </block>
                                    </value>
                                    <value name="AT">
                                      <block type="variables_get" id="qkLTEaU86|f*e=`BCyVn">
                                        <field name="VAR" id="yJ%rIAGyu@8rV4$x{9R@" variabletype="">@lasaidhari (BTCI) count color ticks</field>
                                      </block>
                                    </value>
                                  </block>
                                </value>
                                <value name="B">
                                  <block type="lists_getIndex" id="o^}JEzKyP;6aVKQsB0x:">
                                    <mutation statement="false" at="true"></mutation>
                                    <field name="MODE">GET</field>
                                    <field name="WHERE">FROM_END</field>
                                    <value name="VALUE">
                                      <block type="variables_get" id="Pj;#Nnjt6#.BKo(_bpL{">
                                        <field name="VAR" id="1YX3yiMl]cJr1?Zp;|gE" variabletype="">@lasaidhari (BTCI) ticks list</field>
                                      </block>
                                    </value>
                                    <value name="AT">
                                      <block type="math_arithmetic" id="Ot.9-u~[K4-xtX_`?g1d">
                                        <field name="OP">ADD</field>
                                        <value name="A">
                                          <shadow type="math_number" id="u}ZgvE#.G-%QwDaX:O6z">
                                            <field name="NUM">1</field>
                                          </shadow>
                                          <block type="variables_get" id="_BT,m:X@p^zX7ubl*_u~">
                                            <field name="VAR" id="yJ%rIAGyu@8rV4$x{9R@" variabletype="">@lasaidhari (BTCI) count color ticks</field>
                                          </block>
                                        </value>
                                        <value name="B">
                                          <shadow type="math_number" id=",pwG48fPB5kiCOta!s!4">
                                            <field name="NUM">1</field>
                                          </shadow>
                                          <block type="variables_get" id="jx6l/Sgh~Yc%YcH?,Za4">
                                            <field name="VAR" id="yBWb1Ui}zh*D^M,#)zs?" variabletype="">@Lasaidhari (BTCI) tick backwards</field>
                                          </block>
                                        </value>
                                      </block>
                                    </value>
                                  </block>
                                </value>
                              </block>
                            </value>
                            <value name="THEN">
                              <block type="text" id="^6hwzfW%R$Y6*H|Bo.[!">
                                <field name="TEXT">B</field>
                              </block>
                            </value>
                            <value name="ELSE">
                              <block type="logic_ternary" id="n=1e*txiU%?@h1k)Ut=$">
                                <value name="IF">
                                  <block type="logic_compare" id="@q{Oh^%c/5ITws.Et+fo" inline="false">
                                    <field name="OP">LT</field>
                                    <value name="A">
                                      <block type="lists_getIndex" id="lVsl(ezXCMvi7Un(!Ad:">
                                        <mutation statement="false" at="true"></mutation>
                                        <field name="MODE">GET</field>
                                        <field name="WHERE">FROM_END</field>
                                        <value name="VALUE">
                                          <block type="variables_get" id="d[W#Ig;d]r+$v9*]j(N7">
                                            <field name="VAR" id="1YX3yiMl]cJr1?Zp;|gE" variabletype="">@lasaidhari (BTCI) ticks list</field>
                                          </block>
                                        </value>
                                        <value name="AT">
                                          <block type="variables_get" id="J[bi@gYu?c[6_w%QJ~}w">
                                            <field name="VAR" id="yJ%rIAGyu@8rV4$x{9R@" variabletype="">@lasaidhari (BTCI) count color ticks</field>
                                          </block>
                                        </value>
                                      </block>
                                    </value>
                                    <value name="B">
                                      <block type="lists_getIndex" id="aoN$%{^?qXn?Ni7r1-4j">
                                        <mutation statement="false" at="true"></mutation>
                                        <field name="MODE">GET</field>
                                        <field name="WHERE">FROM_END</field>
                                        <value name="VALUE">
                                          <block type="variables_get" id="vOv0w|eFh=R2Hm[Gp(b4">
                                            <field name="VAR" id="1YX3yiMl]cJr1?Zp;|gE" variabletype="">@lasaidhari (BTCI) ticks list</field>
                                          </block>
                                        </value>
                                        <value name="AT">
                                          <block type="math_arithmetic" id="!heMh(xStx[AN34WmqWn">
                                            <field name="OP">ADD</field>
                                            <value name="A">
                                              <shadow type="math_number" id="u}ZgvE#.G-%QwDaX:O6z">
                                                <field name="NUM">1</field>
                                              </shadow>
                                              <block type="variables_get" id="l[d)yXm(kFevCfkPHELy">
                                                <field name="VAR" id="yJ%rIAGyu@8rV4$x{9R@" variabletype="">@lasaidhari (BTCI) count color ticks</field>
                                              </block>
                                            </value>
                                            <value name="B">
                                              <shadow type="math_number" id="+RKZp4s[AHSH1[dZ4:ux">
                                                <field name="NUM">1</field>
                                              </shadow>
                                              <block type="variables_get" id="hpik0_!6F]_=%vlVHbcP">
                                                <field name="VAR" id="yBWb1Ui}zh*D^M,#)zs?" variabletype="">@Lasaidhari (BTCI) tick backwards</field>
                                              </block>
                                            </value>
                                          </block>
                                        </value>
                                      </block>
                                    </value>
                                  </block>
                                </value>
                                <value name="THEN">
                                  <block type="text" id="Hb)`;3+AqU9Fo9c30GZL">
                                    <field name="TEXT">R</field>
                                  </block>
                                </value>
                                <value name="ELSE">
                                  <block type="text" id="Qv4IqB+$+UBH+W~vCkpS">
                                    <field name="TEXT">=</field>
                                  </block>
                                </value>
                              </block>
                            </value>
                          </block>
                        </value>
                      </block>
                    </value>
                  </block>
                </value>
              </block>
            </statement>
          </block>
        </next>
      </block>
    </statement>
    <value name="RETURN">
      <block type="variables_get" id="}jbyfeQT3_MAVmO3@y[D">
        <field name="VAR" id="Cm8@O/6AM1fm:]js?Frk" variabletype="">@lasaidhari (BTCI) ticks color</field>
      </block>
    </value>
  </block>
  <block type="procedures_defreturn" id="!J7W!5U^k.8}pyieJ`zs" collapsed="true" x="251" y="101">
    <mutation>
      <arg name="@lasaidhari (LDL) last digit list" varid="y6N$2C*r$~55O:9,M!#2"></arg>
      <arg name="@lasaidhari (LDL) the last number of digits" varid="|5Ne2I.eJ@63Jw^)vGOD"></arg>
    </mutation>
    <field name="NAME">@RF TICTAC By ultimate Trader: Logic Block</field>
    <comment pinned="false" h="80" w="160">Describe this function...</comment>
    <statement name="STACK">
      <block type="variables_set" id="8Vl1Vj1v]_CgkAAq]B%u">
        <field name="VAR" id="}j$N2G7T7eb3Z56ro.bq" variabletype="">@lasaidhari (LDL) last digit</field>
        <value name="VALUE">
          <block type="lists_getSublist" id="ce+F9nS::`UR23?]SjI4">
            <mutation at1="true" at2="true"></mutation>
            <field name="WHERE1">FROM_END</field>
            <field name="WHERE2">FROM_END</field>
            <value name="LIST">
              <block type="variables_get" id=";C|$Hmp5V}.?kv?cqLio">
                <field name="VAR" id="y6N$2C*r$~55O:9,M!#2" variabletype="">@lasaidhari (LDL) last digit list</field>
              </block>
            </value>
            <value name="AT1">
              <block type="variables_get" id="[d{$P6VHG3-zRP2WjvcO">
                <field name="VAR" id="|5Ne2I.eJ@63Jw^)vGOD" variabletype="">@lasaidhari (LDL) the last number of digits</field>
              </block>
            </value>
            <value name="AT2">
              <block type="math_number" id="0j}?/p(zrxGVV{+nY,*o">
                <field name="NUM">1</field>
              </block>
            </value>
          </block>
        </value>
      </block>
    </statement>
    <value name="RETURN">
      <block type="variables_get" id=":4.zxg?*h~/}yd34~?mi">
        <field name="VAR" id="}j$N2G7T7eb3Z56ro.bq" variabletype="">@lasaidhari (LDL) last digit</field>
      </block>
    </value>
  </block>
  <block type="trade" id="xgH69|xFn9=70w.*3Vo@" x="0" y="159">
    <field name="MARKET_LIST">synthetic_index</field>
    <field name="SUBMARKET_LIST">random_index</field>
    <field name="SYMBOL_LIST">R_25</field>
    <field name="TRADETYPECAT_LIST">callput</field>
    <field name="TRADETYPE_LIST">risefall</field>
    <field name="TYPE_LIST">both</field>
    <field name="CANDLEINTERVAL_LIST">60</field>
    <field name="TIME_MACHINE_ENABLED">FALSE</field>
    <field name="RESTARTONERROR">TRUE</field>
    <statement name="INITIALIZATION">
      <block type="variables_set" id="8QF)Q|peCon%KJTrtp*D">
        <field name="VAR" id="T60)pk$y0`mnRI*SpUD3" variabletype="">Max Acceptable Loss</field>
        <value name="VALUE">
          <block type="math_number" id="?H?vM)om:xD#7~I/AyN{">
            <field name="NUM">99999</field>
          </block>
        </value>
        <next>
          <block type="variables_set" id=".:axk,(MxdNrm.-CqxwT">
            <field name="VAR" id="76[bT!Q@uC~6CIuN92+;" variabletype="">Expected Profit</field>
            <value name="VALUE">
              <block type="math_number" id="(FPsA=3*%8?a;ae1-rDQ">
                <field name="NUM">60</field>
              </block>
            </value>
            <next>
              <block type="variables_set" id="+I=W^{F5Va%XZ8jo7B88">
                <field name="VAR" id="Z.iLt)vxv.rpLMSj5`A]" variabletype="">Win Amount</field>
                <value name="VALUE">
                  <block type="math_number" id="u=I{VI{h,lE)CyGv:PnM">
                    <field name="NUM">2.1</field>
                  </block>
                </value>
                <next>
                  <block type="variables_set" id="N$JW|D}F-zu){1;=m65[">
                    <field name="VAR" id="b6mvJw4os#+l5#UFHhU)" variabletype="">Initial Amount</field>
                    <value name="VALUE">
                      <block type="math_number" id="vu2QRlj:#.KPb6n|Q{0N">
                        <field name="NUM">2.1</field>
                      </block>
                    </value>
                  </block>
                </next>
              </block>
            </next>
          </block>
        </next>
      </block>
    </statement>
    <statement name="SUBMARKET">
      <block type="tradeOptions" id="x=V33~4Lb|(sLv`J[:Eb">
        <field name="DURATIONTYPE_LIST">t</field>
        <field name="CURRENCY_LIST">USD</field>
        <field name="BARRIEROFFSETTYPE_LIST">+</field>
        <field name="SECONDBARRIEROFFSETTYPE_LIST">-</field>
        <value name="DURATION">
          <shadow type="math_number" id="fzvSJ5R4q%2P9Vz!ZNA@">
            <field name="NUM">2</field>
          </shadow>
        </value>
        <value name="AMOUNT">
          <shadow type="math_number" id="ml)25~7^q}3I9}vjf:%K">
            <field name="NUM">1</field>
          </shadow>
          <block type="variables_get" id="LAhI1p%vqT%h79t~PH;l">
            <field name="VAR" id="b6mvJw4os#+l5#UFHhU)" variabletype="">Initial Amount</field>
          </block>
        </value>
      </block>
    </statement>
  </block>
  <block type="before_purchase" id="i-CIx.(Onm4?ihxzA}Y]" collapsed="true" x="0" y="676">
    <statement name="BEFOREPURCHASE_STACK">
      <block type="variables_set" id="QcG2Pj|jyydkDA+w~DV!">
        <field name="VAR" id="Itc=?TaoRwe^x:;qGAN_" variabletype="">blue/red</field>
        <value name="VALUE">
          <block type="procedures_callreturn" id="4+Ztqb7+kw1Wm#2Z28H7">
            <mutation name="@RF TICTAC By ultimate Trader:Analysis Block">
              <arg name="@lasaidhari (BTCI) ticks list"></arg>
              <arg name="@lasaidhari (BTCI) number of ticks analysis"></arg>
              <arg name="@Lasaidhari (BTCI) tick start"></arg>
              <arg name="@Lasaidhari (BTCI) tick backwards"></arg>
            </mutation>
            <value name="ARG0">
              <block type="ticks" id="dzQy*mId1v);E[pT,ju$"></block>
            </value>
            <value name="ARG1">
              <block type="math_number" id="#A??Yo4ooHzK.2~4L3h;">
                <field name="NUM">3</field>
              </block>
            </value>
            <value name="ARG2">
              <block type="math_number" id="J$O/rYzI/P|/,y5FdD6n">
                <field name="NUM">1</field>
              </block>
            </value>
            <value name="ARG3">
              <block type="math_number" id="f`)p=htLG1s-ExEM--+q">
                <field name="NUM">1</field>
              </block>
            </value>
          </block>
        </value>
        <next>
          <block type="controls_if" id="(RuC!(j:?edbx[J0%fpx">
            <value name="IF0">
              <block type="logic_compare" id="}Dd}-:P9;Z3MVlm^~Xu)">
                <field name="OP">EQ</field>
                <value name="A">
                  <block type="variables_get" id="(c)r%,*8E}.]QyVLKCrJ">
                    <field name="VAR" id="Itc=?TaoRwe^x:;qGAN_" variabletype="">blue/red</field>
                  </block>
                </value>
                <value name="B">
                  <block type="text" id="j:WGVm]$0)iTY*g32IP2">
                    <field name="TEXT">B,B,B</field>
                  </block>
                </value>
              </block>
            </value>
            <statement name="DO0">
              <block type="purchase" id="P%o~4x`-vt~SL@$%HXMe">
                <field name="PURCHASE_LIST">CALL</field>
              </block>
            </statement>
            <next>
              <block type="controls_if" id="4EB;1.7/d+c)]fMg)#b(">
                <value name="IF0">
                  <block type="logic_compare" id="znay%4DCeJQny8z32873">
                    <field name="OP">EQ</field>
                    <value name="A">
                      <block type="variables_get" id="0y`vfB^?4Ft~FFMv][ri">
                        <field name="VAR" id="Itc=?TaoRwe^x:;qGAN_" variabletype="">blue/red</field>
                      </block>
                    </value>
                    <value name="B">
                      <block type="text" id="YQZXV342vE7N=~`FXLnK">
                        <field name="TEXT">R,R,R</field>
                      </block>
                    </value>
                  </block>
                </value>
                <statement name="DO0">
                  <block type="purchase" id="?N@y`zk+xEIWI;qrb~He">
                    <field name="PURCHASE_LIST">PUT</field>
                  </block>
                </statement>
                <next>
                  <block type="notify" id="+7c;{9uy{f`zK`Kt:=@J">
                    <field name="NOTIFICATION_TYPE">success</field>
                    <field name="NOTIFICATION_SOUND">silent</field>
                    <value name="MESSAGE">
                      <shadow type="text" id="BegtaYTgF?Jgp`g,gL6]">
                        <field name="TEXT">abc</field>
                      </shadow>
                      <block type="text_join" id="#;%`h/R@a:k6KYcItpGu">
                        <mutation items="5"></mutation>
                        <value name="ADD0">
                          <block type="variables_get" id="1YnHf+LSgY7G4)b6?oWi">
                            <field name="VAR" id="%13=H+3ObMs!:BWo!:jl" variabletype="">LAST DIGIT LIST</field>
                          </block>
                        </value>
                        <value name="ADD1">
                          <block type="text" id="2_|#^N#L|r)6om3#wK+b">
                            <field name="TEXT"> / </field>
                          </block>
                        </value>
                        <value name="ADD2">
                          <block type="variables_get" id="E]_d-:Lhc=V9ocg+K3S%">
                            <field name="VAR" id="Itc=?TaoRwe^x:;qGAN_" variabletype="">blue/red</field>
                          </block>
                        </value>
                        <value name="ADD3">
                          <block type="text" id="/W/$@B#N3DUq_+L(6lay">
                            <field name="TEXT"> / </field>
                          </block>
                        </value>
                        <value name="ADD4">
                          <block type="variables_get" id="X6[B+l|s-B!lkQuS8WC3">
                            <field name="VAR" id="=^jag.u9w*DBR3^#9U(J" variabletype="">even/odd</field>
                          </block>
                        </value>
                      </block>
                    </value>
                  </block>
                </next>
              </block>
            </next>
          </block>
        </next>
      </block>
    </statement>
  </block>
  <block type="after_purchase" id="finish" collapsed="true" x="-5" y="745">
    <statement name="AFTERPURCHASE_STACK">
      <block type="controls_if" id="`B9]s{TClp1*uKm8h0[O">
        <mutation else="1"></mutation>
        <value name="IF0">
          <block type="contract_check_result" id="rEzKK;#|elm3%hwm89id">
            <field name="CHECK_RESULT">loss</field>
          </block>
        </value>
        <statement name="DO0">
          <block type="notify" id="lToYjVh@C.!r{*;wLjt!">
            <field name="NOTIFICATION_TYPE">error</field>
            <field name="NOTIFICATION_SOUND">silent</field>
            <value name="MESSAGE">
              <block type="text_join" id="TLH#c#JuF$,edigN~a,;">
                <mutation items="2"></mutation>
                <value name="ADD0">
                  <block type="text" id="D8+W!1Lf#si]Pg:kKA?A">
                    <field name="TEXT">Lost</field>
                  </block>
                </value>
                <value name="ADD1">
                  <block type="read_details" id="Y~A}hQ(k6YyyvwNV9#$z">
                    <field name="DETAIL_INDEX">4</field>
                  </block>
                </value>
              </block>
            </value>
            <next>
              <block type="math_change" id="1C4WFTY/S0tnMJrhdZWc">
                <field name="VAR" id="b6mvJw4os#+l5#UFHhU)" variabletype="">Initial Amount</field>
                <value name="DELTA">
                  <shadow id="N=Vo^MVz~/^(xt7Ag@8E" type="math_number">
                    <field name="NUM">1</field>
                  </shadow>
                  <block type="math_arithmetic" id="idr?Ro2Yu1zb76kabZ8A">
                    <field name="OP">MULTIPLY</field>
                    <value name="A">
                      <shadow id="ka8n8|Dugz,q5FkUjs`7" type="math_number">
                        <field name="NUM">1</field>
                      </shadow>
                      <block type="math_single" id="=ZI54~1A=UG8{:?zh=Et">
                        <field name="OP">ABS</field>
                        <value name="NUM">
                          <shadow id="GleSn`9j7Cm7/dqg}FIA" type="math_number">
                            <field name="NUM">9</field>
                          </shadow>
                          <block type="read_details" id="f)dcUCmRqtT5{gWv{M1/">
                            <field name="DETAIL_INDEX">4</field>
                          </block>
                        </value>
                      </block>
                    </value>
                    <value name="B">
                      <shadow id="{JXdZCp2%s=sfO@yN:n}" type="math_number">
                        <field name="NUM">1</field>
                      </shadow>
                      <block type="math_number" id="T[[@{_(1?qAlRsCm_OF9">
                        <field name="NUM">1.1</field>
                      </block>
                    </value>
                  </block>
                </value>
              </block>
            </next>
          </block>
        </statement>
        <statement name="ELSE">
          <block type="notify" id="T/]h.Kl)tI=3pW]5`e7.">
            <field name="NOTIFICATION_TYPE">success</field>
            <field name="NOTIFICATION_SOUND">silent</field>
            <value name="MESSAGE">
              <block type="text_join" id="vyF$.lsVb:Vyh=bszoN?">
                <mutation items="2"></mutation>
                <value name="ADD0">
                  <block type="text" id=",7u.}Ih6I.JQwZ~C-pzR">
                    <field name="TEXT">Win</field>
                  </block>
                </value>
                <value name="ADD1">
                  <block type="math_single" id="ILjqcMdG:PjkoLeIlhDD">
                    <field name="OP">ABS</field>
                    <value name="NUM">
                      <shadow id="GleSn`9j7Cm7/dqg}FIA" type="math_number">
                        <field name="NUM">9</field>
                      </shadow>
                      <block type="read_details" id="b~Rkc1IA=A]MFD|x1+|A">
                        <field name="DETAIL_INDEX">4</field>
                      </block>
                    </value>
                  </block>
                </value>
              </block>
            </value>
            <next>
              <block type="variables_set" id="V]BvK^j3{r9r*fd8LJ/%">
                <field name="VAR" id="b6mvJw4os#+l5#UFHhU)" variabletype="">Initial Amount</field>
                <value name="VALUE">
                  <block type="variables_get" id="mn{z|e[zGDrFVZ/,aEF}">
                    <field name="VAR" id="Z.iLt)vxv.rpLMSj5`A]" variabletype="">Win Amount</field>
                  </block>
                </value>
              </block>
            </next>
          </block>
        </statement>
        <next>
          <block type="notify" id="jqtqq%8EV{w?[%[hAl8K">
            <field name="NOTIFICATION_TYPE">info</field>
            <field name="NOTIFICATION_SOUND">silent</field>
            <value name="MESSAGE">
              <block type="text_join" id="C`v-o;eI-F0lx[kI[d@=">
                <mutation items="2"></mutation>
                <value name="ADD0">
                  <block type="text" id="gHX]4-3[;aU;nft#`*y:">
                    <field name="TEXT">Total Profit: </field>
                  </block>
                </value>
                <value name="ADD1">
                  <block type="total_profit" id="1qsU.~gXA$4YcS/FWd=Y"></block>
                </value>
              </block>
            </value>
            <next>
              <block type="controls_if" id=".yAfxZz%M[+3*Fd=R)=M" collapsed="true">
                <mutation else="1"></mutation>
                <value name="IF0">
                  <block type="logic_compare" id="]2`@pj.Q`qCA1n5Yw|2Q">
                    <field name="OP">LT</field>
                    <value name="A">
                      <block type="total_profit" id="3#mxU/b~yj)/B}cW1pf|"></block>
                    </value>
                    <value name="B">
                      <block type="variables_get" id="sBQc:L:@L5HOpx6F=l{y">
                        <field name="VAR" id="76[bT!Q@uC~6CIuN92+;" variabletype="">Expected Profit</field>
                      </block>
                    </value>
                  </block>
                </value>
                <statement name="DO0">
                  <block type="controls_if" id="^l1azJHKQ$orJ-q]lG0Q">
                    <mutation else="1"></mutation>
                    <value name="IF0">
                      <block type="logic_operation" id="h8v_zq%rg77(5OK2$)^[">
                        <field name="OP">AND</field>
                        <value name="A">
                          <block type="math_number_property" id="#A4?Z6#|{3DN(?XsZh@F">
                            <mutation divisor_input="false"></mutation>
                            <field name="PROPERTY">NEGATIVE</field>
                            <value name="NUMBER_TO_CHECK">
                              <shadow id="otH_VG.6ad,:GnG=3=)5" type="math_number">
                                <field name="NUM">0</field>
                              </shadow>
                              <block type="total_profit" id="kylMakAh08%mw:*nPaau"></block>
                            </value>
                          </block>
                        </value>
                        <value name="B">
                          <block type="logic_compare" id="1*XklJatRfP`}k+HifCm">
                            <field name="OP">GTE</field>
                            <value name="A">
                              <block type="math_single" id=")c#_,HP;A8a~GVrD,Iwe">
                                <field name="OP">ABS</field>
                                <value name="NUM">
                                  <shadow id="(UBCH+RQSwYPbgf%@ANZ" type="math_number">
                                    <field name="NUM">9</field>
                                  </shadow>
                                  <block type="total_profit" id="Tg(#~RUo1/W.`)1Xwu~#"></block>
                                </value>
                              </block>
                            </value>
                            <value name="B">
                              <block type="variables_get" id="/t[^=+u0i2Xm~Ij{NZwv">
                                <field name="VAR" id="T60)pk$y0`mnRI*SpUD3" variabletype="">Max Acceptable Loss</field>
                              </block>
                            </value>
                          </block>
                        </value>
                      </block>
                    </value>
                    <statement name="DO0">
                      <block type="text_print" id="S84|^~ejd~*byDCJ?*jt">
                        <value name="TEXT">
                          <shadow id="Nau%l+%*hH!#y2I#Q@%5" type="text">
                            <field name="TEXT">abc</field>
                          </shadow>
                          <block type="text" id="*$)}hFOMKc#Q3q(R8c:N">
                            <field name="TEXT">Max Acceptable Loss Reached: Dont Give Up: try Again Tomorrow</field>
                          </block>
                        </value>
                      </block>
                    </statement>
                    <statement name="ELSE">
                      <block type="trade_again" id=";xc0RFP.I}X3~me9hBg+"></block>
                    </statement>
                  </block>
                </statement>
                <statement name="ELSE">
                  <block type="text_print" id="-e/Xlr?f`NIR]F.tWW0l">
                    <value name="TEXT">
                      <shadow id="kqlrIk.GO.^}hI,PoUV)" type="text">
                        <field name="TEXT">abc</field>
                      </shadow>
                      <block type="text_join" id="78zEFur}Qx??GXjak-Z-">
                        <mutation items="2"></mutation>
                        <value name="ADD0">
                          <block type="text" id="$]oX6-Opz56KO_yU*3dY">
                            <field name="TEXT">Done! Total profit::  💰 bot updated by ultimate trader: Visit Telegram Channel to Access More Free Binary Bots:: T.me/binaryboss101 : Contact Binaryboss101@gmail.com:   GOOD LUCK 🤑💰 :</field>
                          </block>
                        </value>
                        <value name="ADD1">
                          <block type="total_profit" id="sBvouo.nD;(6gaU5C7wM"></block>
                        </value>
                      </block>
                    </value>
                  </block>
                </statement>
              </block>
            </next>
          </block>
        </next>
      </block>
    </statement>
  </block>
  <block type="purchase" id="[6}3DuEIorN5]f%h:#ck" disabled="true" x="0" y="1230">
    <field name="PURCHASE_LIST">CALL</field>
  </block>
  <block type="text" id="F]?Yy5k-BTD|N:8uVgu#" disabled="true" x="0" y="1289">
    <field name="TEXT">FALL AFTER 1 TICK</field>
  </block>
  <block type="during_purchase" id="(4;NieXd}j|Bn!c-YiC|" x="0" y="2024">
    <statement name="DURING_PURCHASE_STACK">
      <block type="controls_if" id="8?eYKAW%VczmRXQ-ou3r">
        <value name="IF0">
          <block type="check_sell" id="M=:_KpEeRAJY_}XTU^8~"></block>
        </value>
      </block>
    </statement>
  </block>
</xml>