﻿<xml xmlns="http://www.w3.org/1999/xhtml" collection="false">
  <variables>
    <variable type="" id="!Y0pB8c[d[C=Y_~^X1ry">Max Loss Amount</variable>
    <variable type="" id="tQOo?f[#@kLRU1m6]V+y">Expected Profit</variable>
    <variable type="" id="qY`n%WHfZq;*/u6nf.#F">Initial Amount</variable>
    <variable type="" id="*=Lx}P~%LSV1=#;Kmic9">LDP</variable>
    <variable type="" id="$ju^_|-YfPE7xu?@J4@l">Win Amount</variable>
    <variable type="" id="DTEwxR*@N}zc+mhK6H1T">JlhLos</variable>
    <variable type="" id="|C2;se(Q:SS9kO6+Ay_w">slos</variable>
  </variables>
  <block type="trade" id="trade" x="193" y="489">
    <field name="MARKET_LIST">volidx</field>
    <field name="SUBMARKET_LIST">random_index</field>
    <field name="SYMBOL_LIST">R_50</field>
    <field name="TRADETYPECAT_LIST">digits</field>
    <field name="TRADETYPE_LIST">matchesdiffers</field>
    <field name="TYPE_LIST">DIGITDIFF</field>
    <field name="CANDLEINTERVAL_LIST">60</field>
    <field name="TIME_MACHINE_ENABLED">FALSE</field>
    <field name="RESTARTONERROR">TRUE</field>
    <statement name="INITIALIZATION">
      <block type="variables_set" id="qSNwYDy8_sHyDu;JJ]v)">
        <field name="VAR" id="!Y0pB8c[d[C=Y_~^X1ry" variabletype="">Max Loss Amount</field>
        <value name="VALUE">
          <block type="math_number" id="5),Co^^gBX`umJS2$AS5">
            <field name="NUM">30</field>
          </block>
        </value>
        <next>
          <block type="variables_set" id="X)]C^zXC,0LdD=8(iX/^">
            <field name="VAR" id="tQOo?f[#@kLRU1m6]V+y" variabletype="">Expected Profit</field>
            <value name="VALUE">
              <block type="math_number" id="iwOaGU%bvdTaPyh9HaGn">
                <field name="NUM">20</field>
              </block>
            </value>
            <next>
              <block type="variables_set" id="z!L]O5,.V(O9j}^5ePh^">
                <field name="VAR" id="$ju^_|-YfPE7xu?@J4@l" variabletype="">Win Amount</field>
                <value name="VALUE">
                  <block type="math_number" id="Kza%y1KL(OV3{7b)D$*U">
                    <field name="NUM">0.35</field>
                  </block>
                </value>
                <next>
                  <block type="variables_set" id="h(e;6EgBYq]Cx7s7qwMQ">
                    <field name="VAR" id="qY`n%WHfZq;*/u6nf.#F" variabletype="">Initial Amount</field>
                    <value name="VALUE">
                      <block type="math_number" id="xvAb%`70*wlIw{cNqg)0">
                        <field name="NUM">0.35</field>
                      </block>
                    </value>
                    <next>
                      <block type="variables_set" id="Kf?=*TF]ZVND|eXXvr,Q">
                        <field name="VAR" id="|C2;se(Q:SS9kO6+Ay_w" variabletype="">slos</field>
                        <value name="VALUE">
                          <block type="logic_boolean" id="r..y+WI9C)u:*C_?Kd@!">
                            <field name="BOOL">FALSE</field>
                          </block>
                        </value>
                        <next>
                          <block type="variables_set" id="{CdFV(y4f9T?vEvN2-Um">
                            <field name="VAR" id="DTEwxR*@N}zc+mhK6H1T" variabletype="">JlhLos</field>
                            <value name="VALUE">
                              <block type="math_number" id="5{ky^0BXLFd8KF?D=`*h">
                                <field name="NUM">0</field>
                              </block>
                            </value>
                            <next>
                              <block type="variables_set" id="5{$jZR7!:lfXC?04Bl#2">
                                <field name="VAR" id="*=Lx}P~%LSV1=#;Kmic9" variabletype="">LDP</field>
                                <value name="VALUE">
                                  <block type="math_random_int" id="9%Q/n{k?00l}/M[5C=n-">
                                    <value name="FROM">
                                      <shadow type="math_number" id="qyUnv?~2|;jyyg!4ciB=">
                                        <field name="NUM">0</field>
                                      </shadow>
                                    </value>
                                    <value name="TO">
                                      <shadow type="math_number" id="Q++NC$h9O4sT#UV;0t24">
                                        <field name="NUM">9</field>
                                      </shadow>
                                    </value>
                                  </block>
                                </value>
                              </block>
                            </next>
                          </block>
                        </next>
                      </block>
                    </next>
                  </block>
                </next>
              </block>
            </next>
          </block>
        </next>
      </block>
    </statement>
    <statement name="SUBMARKET">
      <block type="tradeOptions" id="IOpW,}@83%clzoq+n%j}">
        <field name="DURATIONTYPE_LIST">t</field>
        <field name="CURRENCY_LIST">USD</field>
        <value name="DURATION">
          <block type="math_number" id="MJ;a49cJPkW1rMg1[2]H">
            <field name="NUM">1</field>
          </block>
        </value>
        <value name="AMOUNT">
          <block type="variables_get" id="d3ogFB^}OSZ;%jTB[_$,">
            <field name="VAR" id="qY`n%WHfZq;*/u6nf.#F" variabletype="">Initial Amount</field>
          </block>
        </value>
        <value name="PREDICTION">
          <block type="variables_get" id="::1WX^LVw4x}AG{0P./f">
            <field name="VAR" id="*=Lx}P~%LSV1=#;Kmic9" variabletype="">LDP</field>
          </block>
        </value>
      </block>
    </statement>
  </block>
  <block type="after_purchase" id="finish" x="193" y="1212">
    <statement name="AFTERPURCHASE_STACK">
      <block type="controls_if" id="%@(f!*AdEFLsr!3OgGRm">
        <mutation else="1"></mutation>
        <value name="IF0">
          <block type="contract_check_result" id=":BL^MmsJ02#UKpQ48{^*">
            <field name="CHECK_RESULT">win</field>
          </block>
        </value>
        <statement name="DO0">
          <block type="notify" id="0CPvA3`lf@Qx[ek{^V[y">
            <field name="NOTIFICATION_TYPE">success</field>
            <field name="NOTIFICATION_SOUND">silent</field>
            <value name="MESSAGE">
              <block type="text_join" id="}#lG|6v#h3a}q2JqY=$v">
                <mutation items="2"></mutation>
                <value name="ADD0">
                  <block type="text" id="3J^K2hCy.2g!jJdo}hH8">
                    <field name="TEXT">Alhamdullilah Profit :</field>
                  </block>
                </value>
                <value name="ADD1">
                  <block type="read_details" id="?eO3`-cS%?ftQ.7kJAT3">
                    <field name="DETAIL_INDEX">4</field>
                  </block>
                </value>
              </block>
            </value>
            <next>
              <block type="variables_set" id="D(ZO{D)lA3-iiF]y!6!x">
                <field name="VAR" id="DTEwxR*@N}zc+mhK6H1T" variabletype="">JlhLos</field>
                <value name="VALUE">
                  <block type="math_number" id="qT9x8(~Gn|Iz=V0H!`,e">
                    <field name="NUM">0</field>
                  </block>
                </value>
                <next>
                  <block type="controls_if" id="Er-/`CD#.{ez~O$XV:Gv">
                    <value name="IF0">
                      <block type="logic_compare" id="gYgJmu_NCeHqPW1dizYK">
                        <field name="OP">GTE</field>
                        <value name="A">
                          <block type="variables_get" id="~C?(B0qsmj6)wajpJe+E">
                            <field name="VAR" id="qY`n%WHfZq;*/u6nf.#F" variabletype="">Initial Amount</field>
                          </block>
                        </value>
                        <value name="B">
                          <block type="math_arithmetic" id="t+|iWw:Dyk[vr./SUV4J">
                            <field name="OP">MULTIPLY</field>
                            <value name="A">
                              <shadow type="math_number" id="ka8n8|Dugz,q5FkUjs`7">
                                <field name="NUM">1</field>
                              </shadow>
                              <block type="variables_get" id="L{Q)xSi_v.gC(oVxCdi*">
                                <field name="VAR" id="$ju^_|-YfPE7xu?@J4@l" variabletype="">Win Amount</field>
                              </block>
                            </value>
                            <value name="B">
                              <shadow type="math_number" id="{JXdZCp2%s=sfO@yN:n}">
                                <field name="NUM">1</field>
                              </shadow>
                              <block type="math_number" id="=zVJp|:V.Xrhk4E)U#PE">
                                <field name="NUM">2</field>
                              </block>
                            </value>
                          </block>
                        </value>
                      </block>
                    </value>
                    <statement name="DO0">
                      <block type="variables_set" id="iA5Cc_qbdKs,8GGS9/Ic">
                        <field name="VAR" id="qY`n%WHfZq;*/u6nf.#F" variabletype="">Initial Amount</field>
                        <value name="VALUE">
                          <block type="variables_get" id="Gl22MdlOf(|))sMvk0xC">
                            <field name="VAR" id="$ju^_|-YfPE7xu?@J4@l" variabletype="">Win Amount</field>
                          </block>
                        </value>
                      </block>
                    </statement>
                    <next>
                      <block type="controls_if" id="7!m!o067]NY(U#nnkxU2">
                        <mutation else="1"></mutation>
                        <value name="IF0">
                          <block type="logic_compare" id="OlclgX=y|1T6]bl-G}N]">
                            <field name="OP">EQ</field>
                            <value name="A">
                              <block type="variables_get" id="It:|?9|]o@G0Cc2[.dk5">
                                <field name="VAR" id="|C2;se(Q:SS9kO6+Ay_w" variabletype="">slos</field>
                              </block>
                            </value>
                            <value name="B">
                              <block type="logic_boolean" id="?pHLpA?b%h+DgDZ-]pZ@">
                                <field name="BOOL">TRUE</field>
                              </block>
                            </value>
                          </block>
                        </value>
                        <statement name="DO0">
                          <block type="variables_set" id="hSa=KH)zy=nS@?NC]zt;">
                            <field name="VAR" id="|C2;se(Q:SS9kO6+Ay_w" variabletype="">slos</field>
                            <value name="VALUE">
                              <block type="logic_boolean" id="mL/C`$L8C`s(p[WHkMqH">
                                <field name="BOOL">FALSE</field>
                              </block>
                            </value>
                            <next>
                              <block type="variables_set" id=".sh@X_wrpKwMnIfMEXd4">
                                <field name="VAR" id="qY`n%WHfZq;*/u6nf.#F" variabletype="">Initial Amount</field>
                                <value name="VALUE">
                                  <block type="variables_get" id="s2rI1VIrW1w|G!}Q4c//">
                                    <field name="VAR" id="$ju^_|-YfPE7xu?@J4@l" variabletype="">Win Amount</field>
                                  </block>
                                </value>
                              </block>
                            </next>
                          </block>
                        </statement>
                        <statement name="ELSE">
                          <block type="variables_set" id="YCL8E+ZYpxM*polJU{hs">
                            <field name="VAR" id="qY`n%WHfZq;*/u6nf.#F" variabletype="">Initial Amount</field>
                            <value name="VALUE">
                              <block type="math_arithmetic" id=":oc3yH3Fp0JiBL3.n[#D">
                                <field name="OP">ADD</field>
                                <value name="A">
                                  <shadow type="math_number" id="ka8n8|Dugz,q5FkUjs`7">
                                    <field name="NUM">1</field>
                                  </shadow>
                                  <block type="math_single" id=")GhR~8R6w::fy{H=uWI/">
                                    <field name="OP">ABS</field>
                                    <value name="NUM">
                                      <shadow type="math_number" id="GleSn`9j7Cm7/dqg}FIA">
                                        <field name="NUM">9</field>
                                      </shadow>
                                      <block type="variables_get" id="G%dZx$Fin]!yjrS.iz~:">
                                        <field name="VAR" id="qY`n%WHfZq;*/u6nf.#F" variabletype="">Initial Amount</field>
                                      </block>
                                    </value>
                                  </block>
                                </value>
                                <value name="B">
                                  <shadow type="math_number" id="{JXdZCp2%s=sfO@yN:n}">
                                    <field name="NUM">1</field>
                                  </shadow>
                                  <block type="read_details" id="|I7{{AgbR5#?1[(f,H%Z">
                                    <field name="DETAIL_INDEX">4</field>
                                  </block>
                                </value>
                              </block>
                            </value>
                            <next>
                              <block type="variables_set" id="Gwwjg;v*3Z?QX|1)%Kux">
                                <field name="VAR" id="*=Lx}P~%LSV1=#;Kmic9" variabletype="">LDP</field>
                                <value name="VALUE">
                                  <block type="math_random_int" id="RkL/ZgWdUq[0{dGh(Ao^">
                                    <value name="FROM">
                                      <shadow type="math_number" id="0O,Fcm^:m*-:u(9nF}0s">
                                        <field name="NUM">0</field>
                                      </shadow>
                                    </value>
                                    <value name="TO">
                                      <shadow type="math_number" id="0}j!pS{w}1MuNp#?Kz+U">
                                        <field name="NUM">9</field>
                                      </shadow>
                                    </value>
                                  </block>
                                </value>
                              </block>
                            </next>
                          </block>
                        </statement>
                      </block>
                    </next>
                  </block>
                </next>
              </block>
            </next>
          </block>
        </statement>
        <statement name="ELSE">
          <block type="notify" id="Ehu]|xXGT`7FQm+T7d.x">
            <field name="NOTIFICATION_TYPE">error</field>
            <field name="NOTIFICATION_SOUND">silent</field>
            <value name="MESSAGE">
              <block type="text_join" id="]EMN%A~bIm;o(z2VK|=N">
                <mutation items="2"></mutation>
                <value name="ADD0">
                  <block type="text" id="*aZ4UaY)gMFIX]~i-yno">
                    <field name="TEXT">Lost: </field>
                  </block>
                </value>
                <value name="ADD1">
                  <block type="math_single" id="iGI33:%7T@Q9F3Q$cj/d">
                    <field name="OP">ABS</field>
                    <value name="NUM">
                      <shadow type="math_number" id="GleSn`9j7Cm7/dqg}FIA">
                        <field name="NUM">9</field>
                      </shadow>
                      <block type="read_details" id="/R4%(Bkmq@1{v=)3~+`K">
                        <field name="DETAIL_INDEX">4</field>
                      </block>
                    </value>
                  </block>
                </value>
              </block>
            </value>
            <next>
              <block type="variables_set" id="cx|tfHota1ee)Fu9+^Jv">
                <field name="VAR" id="DTEwxR*@N}zc+mhK6H1T" variabletype="">JlhLos</field>
                <value name="VALUE">
                  <block type="math_arithmetic" id="sm5aN/U|I)?rw`[/OAFS">
                    <field name="OP">ADD</field>
                    <value name="A">
                      <shadow type="math_number" id="ka8n8|Dugz,q5FkUjs`7">
                        <field name="NUM">1</field>
                      </shadow>
                      <block type="variables_get" id="Bq2st]ECPt7DVQd*9D^L">
                        <field name="VAR" id="DTEwxR*@N}zc+mhK6H1T" variabletype="">JlhLos</field>
                      </block>
                    </value>
                    <value name="B">
                      <shadow type="math_number" id="{JXdZCp2%s=sfO@yN:n}">
                        <field name="NUM">1</field>
                      </shadow>
                      <block type="math_number" id="4gSxsB({dW+zTeb`NgFS">
                        <field name="NUM">1</field>
                      </block>
                    </value>
                  </block>
                </value>
                <next>
                  <block type="variables_set" id=",ZG~.nc*BroTb(IBODB5">
                    <field name="VAR" id="|C2;se(Q:SS9kO6+Ay_w" variabletype="">slos</field>
                    <value name="VALUE">
                      <block type="logic_boolean" id="Xu^}!)_#|vwCKd77Pp+{">
                        <field name="BOOL">TRUE</field>
                      </block>
                    </value>
                    <next>
                      <block type="controls_if" id="s+Dt4T~D;?fugJoM2PJA">
                        <mutation else="1"></mutation>
                        <value name="IF0">
                          <block type="logic_compare" id="2_{uuYnGwEduobkiDZeg">
                            <field name="OP">EQ</field>
                            <value name="A">
                              <block type="variables_get" id="i,$L4N+QXkT4tcZ4#5sJ">
                                <field name="VAR" id="DTEwxR*@N}zc+mhK6H1T" variabletype="">JlhLos</field>
                              </block>
                            </value>
                            <value name="B">
                              <block type="math_number" id="1UbclV-:hjg;IZuNwuyg">
                                <field name="NUM">2</field>
                              </block>
                            </value>
                          </block>
                        </value>
                        <statement name="DO0">
                          <block type="variables_set" id=".Ey=!uz%Op^^lX.CmpkT">
                            <field name="VAR" id="qY`n%WHfZq;*/u6nf.#F" variabletype="">Initial Amount</field>
                            <value name="VALUE">
                              <block type="variables_get" id="7h|vPwQA$(U1(d9d1s@U">
                                <field name="VAR" id="$ju^_|-YfPE7xu?@J4@l" variabletype="">Win Amount</field>
                              </block>
                            </value>
                            <next>
                              <block type="variables_set" id="W8[1dhf%iYO~+e)yhzpR">
                                <field name="VAR" id="DTEwxR*@N}zc+mhK6H1T" variabletype="">JlhLos</field>
                                <value name="VALUE">
                                  <block type="math_number" id="4UD8-@vZHRz!]P^jaFLj">
                                    <field name="NUM">0</field>
                                  </block>
                                </value>
                              </block>
                            </next>
                          </block>
                        </statement>
                        <statement name="ELSE">
                          <block type="math_change" id="x`$EMk22j5gni:inwaV%">
                            <field name="VAR" id="qY`n%WHfZq;*/u6nf.#F" variabletype="">Initial Amount</field>
                            <value name="DELTA">
                              <shadow type="math_number" id="N=Vo^MVz~/^(xt7Ag@8E">
                                <field name="NUM">1</field>
                              </shadow>
                              <block type="math_arithmetic" id="ybrHyqE5`dPce5~:IM6X">
                                <field name="OP">MULTIPLY</field>
                                <value name="A">
                                  <shadow type="math_number" id="ka8n8|Dugz,q5FkUjs`7">
                                    <field name="NUM">1</field>
                                  </shadow>
                                  <block type="math_single" id="M+EqBr|L{ogw_9@9!IeC">
                                    <field name="OP">ABS</field>
                                    <value name="NUM">
                                      <shadow type="math_number" id="GleSn`9j7Cm7/dqg}FIA">
                                        <field name="NUM">9</field>
                                      </shadow>
                                      <block type="variables_get" id="ATa@xt`UQC@dzgEz/zLR">
                                        <field name="VAR" id="qY`n%WHfZq;*/u6nf.#F" variabletype="">Initial Amount</field>
                                      </block>
                                    </value>
                                  </block>
                                </value>
                                <value name="B">
                                  <shadow type="math_number" id="{JXdZCp2%s=sfO@yN:n}">
                                    <field name="NUM">1</field>
                                  </shadow>
                                  <block type="math_number" id="`5IvwZkPtPwqc9IW[kIc">
                                    <field name="NUM">10</field>
                                  </block>
                                </value>
                              </block>
                            </value>
                          </block>
                        </statement>
                      </block>
                    </next>
                  </block>
                </next>
              </block>
            </next>
          </block>
        </statement>
        <next>
          <block type="notify" id="Kog`8sYejbZH+QB{`reM">
            <field name="NOTIFICATION_TYPE">info</field>
            <field name="NOTIFICATION_SOUND">silent</field>
            <value name="MESSAGE">
              <block type="text_join" id="55JmTJH?bskwXB52rqVf">
                <mutation items="2"></mutation>
                <value name="ADD0">
                  <block type="text" id="XU]tD=44aE|[c}sM8:4!">
                    <field name="TEXT">Total Profit: </field>
                  </block>
                </value>
                <value name="ADD1">
                  <block type="total_profit" id="YQ_Dw5|,IaKz?P5p[(8;"></block>
                </value>
              </block>
            </value>
            <next>
              <block type="controls_if" id="bljyhb4a@w3]7L_X$N=q">
                <mutation else="1"></mutation>
                <value name="IF0">
                  <block type="logic_compare" id="gStcOpn{DtAda6HTkDQ#">
                    <field name="OP">LT</field>
                    <value name="A">
                      <block type="total_profit" id="^qkz9?|]4UUz$`|t![*Z"></block>
                    </value>
                    <value name="B">
                      <block type="variables_get" id="*0Xpq5!QbX~?[@}Xe;C=">
                        <field name="VAR" id="tQOo?f[#@kLRU1m6]V+y" variabletype="">Expected Profit</field>
                      </block>
                    </value>
                  </block>
                </value>
                <statement name="DO0">
                  <block type="trade_again" id="9u%Ou=|iQCH_XQjM~X3o"></block>
                </statement>
                <statement name="ELSE">
                  <block type="text_print" id=";Gwl3qT.as8tn:v}{s$7">
                    <value name="TEXT">
                      <shadow type="text" id="kqlrIk.GO.^}hI,PoUV)">
                        <field name="TEXT">abc</field>
                      </shadow>
                      <block type="text_join" id="kLlp~0NJA3hldjAL_2_`">
                        <mutation items="2"></mutation>
                        <value name="ADD0">
                          <block type="text" id="f]b=[+~?`}f#|hOLQ-h}">
                            <field name="TEXT">Selesai, Alhamdullilah Total Profit :</field>
                          </block>
                        </value>
                        <value name="ADD1">
                          <block type="total_profit" id="hT;0;RzYFvIv2(2sG9wx"></block>
                        </value>
                      </block>
                    </value>
                  </block>
                </statement>
              </block>
            </next>
          </block>
        </next>
      </block>
    </statement>
  </block>
  <block type="before_purchase" id="strategy" x="193" y="2342">
    <statement name="BEFOREPURCHASE_STACK">
      <block type="notify" id="GJ!kF^CS=CuS#@:SFcr}">
        <field name="NOTIFICATION_TYPE">warn</field>
        <field name="NOTIFICATION_SOUND">silent</field>
        <value name="MESSAGE">
          <block type="text_join" id="1ngH#)ukT}qHr5*AK|gC">
            <mutation items="2"></mutation>
            <value name="ADD0">
              <block type="text" id=":-Why%nQ~t9xdx(j0Uy-">
                <field name="TEXT">Trading LDP :</field>
              </block>
            </value>
            <value name="ADD1">
              <block type="variables_get" id=",aMH}VZ--J)hvpO]e/I4">
                <field name="VAR" id="*=Lx}P~%LSV1=#;Kmic9" variabletype="">LDP</field>
              </block>
            </value>
          </block>
        </value>
        <next>
          <block type="purchase" id="yppadLJHy@5Z:=,+hCP}">
            <field name="PURCHASE_LIST">DIGITDIFF</field>
          </block>
        </next>
      </block>
    </statement>
  </block>
  <block type="during_purchase" id="CIMQQ-mCQ$*|d@4B@.U$" x="193" y="2515"></block>
</xml>