﻿<xml xmlns="http://www.w3.org/1999/xhtml" collection="false">
  <variables>
    <variable type="" id="J,jD@g8LTQ{PKB)#AX]/">_dig</variable>
    <variable type="" id="4K.BD_o|P::;GmXVW6XV">_targProf</variable>
    <variable type="" id="E`VEMT7|/p(s#zAYTn]j">_stopLoss</variable>
    <variable type="" id="3k_~urW=ahs2Cef8kMM$">_posstake</variable>
    <variable type="" id="`H(EKTkv)r}m*e+?fOe|">_cyclestake</variable>
  </variables>
  <block type="trade" id="xgH69|xFn9=70w.*3Vo@" collapsed="true" x="0" y="0">
    <field name="MARKET_LIST">volidx</field>
    <field name="SUBMARKET_LIST">random_index</field>
    <field name="SYMBOL_LIST">R_100</field>
    <field name="TRADETYPECAT_LIST">digits</field>
    <field name="TRADETYPE_LIST">evenodd</field>
    <field name="TYPE_LIST">both</field>
    <field name="CANDLEINTERVAL_LIST">60</field>
    <field name="TIME_MACHINE_ENABLED">FALSE</field>
    <field name="RESTARTONERROR">TRUE</field>
    <statement name="INITIALIZATION">
      <block type="text_print" id="//.Pjo,{h,44)K^6Cp@Q">
        <value name="TEXT">
          <shadow type="text" id="k;#[qO={pt%y]#mXCCL|">
            <field name="TEXT">EVENODD BREAKER by www.pembuatanrobotbinary.blogspot.com</field>
          </shadow>
        </value>
        <next>
          <block type="variables_set" id="|-6ec`=:,%!,SuP[6:Ht">
            <field name="VAR" id="4K.BD_o|P::;GmXVW6XV" variabletype="">_targProf</field>
            <value name="VALUE">
              <block type="text_prompt_ext" id="CpgF^t+#TqS6z1f)7ya`">
                <mutation type="NUMBER"></mutation>
                <field name="TYPE">NUMBER</field>
                <value name="TEXT">
                  <shadow type="text" id="Rx/.vY+GeF_qX%%Xr*J%">
                    <field name="TEXT">TARGET PROFIT  [BALANCE] :</field>
                  </shadow>
                </value>
              </block>
            </value>
            <next>
              <block type="variables_set" id="tm=p[9r7ALk~u??j!fv$">
                <field name="VAR" id="E`VEMT7|/p(s#zAYTn]j" variabletype="">_stopLoss</field>
                <value name="VALUE">
                  <block type="text_prompt_ext" id="gPWbiTyYm9y@3bj3(O3}">
                    <mutation type="NUMBER"></mutation>
                    <field name="TYPE">NUMBER</field>
                    <value name="TEXT">
                      <shadow type="text" id="h,=ASp$VgBGg6{gE2nfe">
                        <field name="TEXT">STOP LOSS [BALANCE] :</field>
                      </shadow>
                    </value>
                  </block>
                </value>
                <next>
                  <block type="variables_set" id="RsT/+-?iTgc[SiAN~DBB">
                    <field name="VAR" id="`H(EKTkv)r}m*e+?fOe|" variabletype="">_cyclestake</field>
                    <value name="VALUE">
                      <block type="lists_split" id="/IivI6+%l`Bl8F#NU.5l">
                        <mutation mode="SPLIT"></mutation>
                        <field name="MODE">SPLIT</field>
                        <value name="INPUT">
                          <block type="text_prompt_ext" id="%[FZba55)V=B0aFwm.0x">
                            <mutation type="TEXT"></mutation>
                            <field name="TYPE">TEXT</field>
                            <value name="TEXT">
                              <shadow type="text" id="{xGfEd;MH34UM8uYX$`(">
                                <field name="TEXT">LEVEL STAKE : [separated by comma Ex: 0.35,0.41,0.67,0.93,1.12,3.56,10.99]</field>
                              </shadow>
                            </value>
                          </block>
                        </value>
                        <value name="DELIM">
                          <shadow type="text" id="7%+3^L1N{0FZ?SR-4(SO">
                            <field name="TEXT">,</field>
                          </shadow>
                        </value>
                      </block>
                    </value>
                    <next>
                      <block type="variables_set" id="o{8,b1TnnS@Eec#CX65|">
                        <field name="VAR" id="3k_~urW=ahs2Cef8kMM$" variabletype="">_posstake</field>
                        <value name="VALUE">
                          <block type="math_number" id="FFMKf*$jFG0g:B}^K*f|">
                            <field name="NUM">1</field>
                          </block>
                        </value>
                        <next>
                          <block type="notify" id="1xCGN_;g~MK:L%5qjEND">
                            <field name="NOTIFICATION_TYPE">info</field>
                            <field name="NOTIFICATION_SOUND">silent</field>
                            <value name="MESSAGE">
                              <shadow type="text" id="NeJ?~*}B=fUKmIX12SC)">
                                <field name="TEXT">INITIALIZING.....</field>
                              </shadow>
                            </value>
                          </block>
                        </next>
                      </block>
                    </next>
                  </block>
                </next>
              </block>
            </next>
          </block>
        </next>
      </block>
    </statement>
    <statement name="SUBMARKET">
      <block type="tradeOptions" id="x=V33~4Lb|(sLv`J[:Eb">
        <field name="DURATIONTYPE_LIST">t</field>
        <field name="CURRENCY_LIST">USD</field>
        <value name="DURATION">
          <shadow type="math_number" id="O*@58sDc=!cOO}*b2vf9">
            <field name="NUM">5</field>
          </shadow>
        </value>
        <value name="AMOUNT">
          <shadow type="math_number" id="ml)25~7^q}3I9}vjf:%K">
            <field name="NUM">1</field>
          </shadow>
          <block type="math_single" id="VAN|H858E-Osj3]B%U#M">
            <field name="OP">ABS</field>
            <value name="NUM">
              <shadow type="math_number" id="JIwy?*ApHWr$KeaJD~6O">
                <field name="NUM">9</field>
              </shadow>
              <block type="lists_getIndex" id="n=R)(X;XYfQAr+7v/)4h">
                <mutation statement="false" at="true"></mutation>
                <field name="MODE">GET</field>
                <field name="WHERE">FROM_START</field>
                <value name="VALUE">
                  <block type="variables_get" id="/|pyJIz^vYr;P~P+;l*g">
                    <field name="VAR" id="`H(EKTkv)r}m*e+?fOe|" variabletype="">_cyclestake</field>
                  </block>
                </value>
                <value name="AT">
                  <block type="variables_get" id="*-$v$vI22OC1Lah[Vuz:">
                    <field name="VAR" id="3k_~urW=ahs2Cef8kMM$" variabletype="">_posstake</field>
                  </block>
                </value>
              </block>
            </value>
          </block>
        </value>
      </block>
    </statement>
  </block>
  <block type="before_purchase" id="i-CIx.(Onm4?ihxzA}Y]" collapsed="true" x="0" y="53">
    <statement name="BEFOREPURCHASE_STACK">
      <block type="variables_set" id="u2z*`L=x!$ts/wvs^zvv">
        <field name="VAR" id="J,jD@g8LTQ{PKB)#AX]/" variabletype="">_dig</field>
        <value name="VALUE">
          <block type="math_round" id="!Z^:6`yHAak9{fdy|YqF">
            <field name="OP">ROUNDDOWN</field>
            <value name="NUM">
              <shadow type="math_number" id="Bf6z_gU:Eg*MBs#FGj}d">
                <field name="NUM">3.1</field>
              </shadow>
              <block type="math_modulo" id=".Fw$ALSm6eZ`{B6z]7}.">
                <value name="DIVIDEND">
                  <shadow type="math_number" id="VEzWoeZm*6C~dx9#U!jp">
                    <field name="NUM">64</field>
                  </shadow>
                  <block type="tick" id="nzAduq{HJ:=*B}Y4%FFM"></block>
                </value>
                <value name="DIVISOR">
                  <shadow type="math_number" id="D(!%0/hBJh}aO~Ad:+M3">
                    <field name="NUM">10</field>
                  </shadow>
                </value>
              </block>
            </value>
          </block>
        </value>
        <next>
          <block type="controls_if" id="yPZ$u#XYmtyte=.gXNbs">
            <mutation elseif="1"></mutation>
            <value name="IF0">
              <block type="logic_compare" id="Y]s80*6-gc]qfdOk1==U">
                <field name="OP">LT</field>
                <value name="A">
                  <block type="tick" id="I$@61eOYYHx:=_uPOhE9"></block>
                </value>
                <value name="B">
                  <block type="lists_getIndex" id=".iiw+k_f,@/hTlSAABqD">
                    <mutation statement="false" at="true"></mutation>
                    <field name="MODE">GET</field>
                    <field name="WHERE">FROM_END</field>
                    <value name="VALUE">
                      <block type="ticks" id=",nn*Qg.!/3f11l+XF#8A"></block>
                    </value>
                    <value name="AT">
                      <block type="math_number" id="E_mflNIUIdOb_{24#v({">
                        <field name="NUM">2</field>
                      </block>
                    </value>
                  </block>
                </value>
              </block>
            </value>
            <statement name="DO0">
              <block type="controls_if" id="Lt#iKS]VxfK#)wwv@:.,">
                <mutation else="1"></mutation>
                <value name="IF0">
                  <block type="math_number_property" id="F_K]{vmcC_y%x4U6e`K2">
                    <mutation divisor_input="false"></mutation>
                    <field name="PROPERTY">EVEN</field>
                    <value name="NUMBER_TO_CHECK">
                      <shadow type="math_number" id="^rqcH/V2O0CI_Dpb0!Oo">
                        <field name="NUM">0</field>
                      </shadow>
                      <block type="variables_get" id="aKG{A[JJ$AP^Y+NU{2HC">
                        <field name="VAR" id="J,jD@g8LTQ{PKB)#AX]/" variabletype="">_dig</field>
                      </block>
                    </value>
                  </block>
                </value>
                <statement name="DO0">
                  <block type="notify" id="X9tqaD^M*;w|v1YQHFog">
                    <field name="NOTIFICATION_TYPE">error</field>
                    <field name="NOTIFICATION_SOUND">silent</field>
                    <value name="MESSAGE">
                      <shadow type="text" id="^0^V[!esB0DRU42w6D8s">
                        <field name="TEXT">New Candle</field>
                      </shadow>
                      <block type="text_join" id="9aFj0v9#d#T{Oke$efK0">
                        <mutation items="5"></mutation>
                        <value name="ADD0">
                          <block type="text" id="w$fw~I;nR3Ve,6Ti,5}v">
                            <field name="TEXT">Last Tick "</field>
                          </block>
                        </value>
                        <value name="ADD1">
                          <block type="tick" id="/IX~5xyQv*e`Q;J|ptf("></block>
                        </value>
                        <value name="ADD2">
                          <block type="text" id="h0,m4+YDfO9/Om4E?d*(">
                            <field name="TEXT">" -&gt; </field>
                          </block>
                        </value>
                        <value name="ADD3">
                          <block type="variables_get" id="9ZII$hoMS=^%9(H2Nbmg">
                            <field name="VAR" id="J,jD@g8LTQ{PKB)#AX]/" variabletype="">_dig</field>
                          </block>
                        </value>
                        <value name="ADD4">
                          <block type="text" id="L@Hl=-k8;BH;rew^^OXn">
                            <field name="TEXT"> RED -&gt; PURCHASING.....</field>
                          </block>
                        </value>
                      </block>
                    </value>
                    <next>
                      <block type="purchase" id="Z@N4mUH24+U`~fIk3|Tm">
                        <field name="PURCHASE_LIST">DIGITEVEN</field>
                      </block>
                    </next>
                  </block>
                </statement>
                <statement name="ELSE">
                  <block type="notify" id="oD_-C6`W8mtRznTSwriz">
                    <field name="NOTIFICATION_TYPE">error</field>
                    <field name="NOTIFICATION_SOUND">silent</field>
                    <value name="MESSAGE">
                      <shadow type="text" id="^0^V[!esB0DRU42w6D8s">
                        <field name="TEXT">New Candle</field>
                      </shadow>
                      <block type="text_join" id="g`5$3ife4V){8APAVJ9x">
                        <mutation items="5"></mutation>
                        <value name="ADD0">
                          <block type="text" id="A/HCiv,2]YR(FRu]TQO[">
                            <field name="TEXT">Last Tick "</field>
                          </block>
                        </value>
                        <value name="ADD1">
                          <block type="tick" id="tqal/ffjubYZiNMO*ry:"></block>
                        </value>
                        <value name="ADD2">
                          <block type="text" id="@xaD[vga](ANtmctp`Zu">
                            <field name="TEXT">" -&gt; </field>
                          </block>
                        </value>
                        <value name="ADD3">
                          <block type="variables_get" id="u^Is!Z_(dT7i`Y4!dv*$">
                            <field name="VAR" id="J,jD@g8LTQ{PKB)#AX]/" variabletype="">_dig</field>
                          </block>
                        </value>
                        <value name="ADD4">
                          <block type="text" id="%eP4;Xn;MCLnCOTWuP_V">
                            <field name="TEXT"> RED</field>
                          </block>
                        </value>
                      </block>
                    </value>
                  </block>
                </statement>
              </block>
            </statement>
            <value name="IF1">
              <block type="logic_compare" id="!8*:M4zR2AR9UkL`N%p]">
                <field name="OP">GT</field>
                <value name="A">
                  <block type="tick" id="t94`suK8k]S;EcnTYOi."></block>
                </value>
                <value name="B">
                  <block type="lists_getIndex" id="9cm:W@*RG1`[-}WTb.5b">
                    <mutation statement="false" at="true"></mutation>
                    <field name="MODE">GET</field>
                    <field name="WHERE">FROM_END</field>
                    <value name="VALUE">
                      <block type="ticks" id="eX37ugYcg[opR,`D:Z!6"></block>
                    </value>
                    <value name="AT">
                      <block type="math_number" id="$}Ag|t9VRE_zYV)y,Y@b">
                        <field name="NUM">2</field>
                      </block>
                    </value>
                  </block>
                </value>
              </block>
            </value>
            <statement name="DO1">
              <block type="controls_if" id="{cQIWUP)~KR/{]?{CeEE">
                <mutation else="1"></mutation>
                <value name="IF0">
                  <block type="math_number_property" id="!UT4-Brv`/h-=aHnbOb$">
                    <mutation divisor_input="false"></mutation>
                    <field name="PROPERTY">ODD</field>
                    <value name="NUMBER_TO_CHECK">
                      <shadow type="math_number" id="^rqcH/V2O0CI_Dpb0!Oo">
                        <field name="NUM">0</field>
                      </shadow>
                      <block type="variables_get" id="iE[A=hQuqE9^|.8EYpDI">
                        <field name="VAR" id="J,jD@g8LTQ{PKB)#AX]/" variabletype="">_dig</field>
                      </block>
                    </value>
                  </block>
                </value>
                <statement name="DO0">
                  <block type="notify" id="T[M.nzTSnv;~vC_Mb}|d">
                    <field name="NOTIFICATION_TYPE">info</field>
                    <field name="NOTIFICATION_SOUND">silent</field>
                    <value name="MESSAGE">
                      <shadow type="text" id="^0^V[!esB0DRU42w6D8s">
                        <field name="TEXT">New Candle</field>
                      </shadow>
                      <block type="text_join" id="S^=zLD=eJ|x.)F,%8SCf">
                        <mutation items="5"></mutation>
                        <value name="ADD0">
                          <block type="text" id="y$g:b8T38zWJOS_}9S-p">
                            <field name="TEXT">Last Tick "</field>
                          </block>
                        </value>
                        <value name="ADD1">
                          <block type="tick" id="@OyVqBBNs`!FwOdpW5BW"></block>
                        </value>
                        <value name="ADD2">
                          <block type="text" id="1Yyg~n}%MDvvVK8p2*A{">
                            <field name="TEXT">" -&gt; </field>
                          </block>
                        </value>
                        <value name="ADD3">
                          <block type="variables_get" id="w~3-Sq_PBfiG/aNt3z}[">
                            <field name="VAR" id="J,jD@g8LTQ{PKB)#AX]/" variabletype="">_dig</field>
                          </block>
                        </value>
                        <value name="ADD4">
                          <block type="text" id="yP^VJA@D!/=NCe:lim@{">
                            <field name="TEXT">BLUE -&gt; PURCHASING.....</field>
                          </block>
                        </value>
                      </block>
                    </value>
                    <next>
                      <block type="purchase" id="gKD)0m+dLv`uNDR*Gd[8">
                        <field name="PURCHASE_LIST">DIGITODD</field>
                      </block>
                    </next>
                  </block>
                </statement>
                <statement name="ELSE">
                  <block type="notify" id="x6_@@(h0chz$;04f.YtY">
                    <field name="NOTIFICATION_TYPE">info</field>
                    <field name="NOTIFICATION_SOUND">silent</field>
                    <value name="MESSAGE">
                      <shadow type="text" id="^0^V[!esB0DRU42w6D8s">
                        <field name="TEXT">New Candle</field>
                      </shadow>
                      <block type="text_join" id="5xe^b):2[^r@IX+-D@lc">
                        <mutation items="5"></mutation>
                        <value name="ADD0">
                          <block type="text" id=")hkoZFTjkz~xGy5eRpvG">
                            <field name="TEXT">Last Tick "</field>
                          </block>
                        </value>
                        <value name="ADD1">
                          <block type="tick" id="Yny0Sq1dIl^|P6;FWl^d"></block>
                        </value>
                        <value name="ADD2">
                          <block type="text" id="=A)l|UKu6IQpowe=HkY@">
                            <field name="TEXT">" -&gt; </field>
                          </block>
                        </value>
                        <value name="ADD3">
                          <block type="variables_get" id="^CRR8V/Cfc;dK*JJ?yn(">
                            <field name="VAR" id="J,jD@g8LTQ{PKB)#AX]/" variabletype="">_dig</field>
                          </block>
                        </value>
                        <value name="ADD4">
                          <block type="text" id="Nj8|CL!f.q]RfeFG*O(0">
                            <field name="TEXT"> BLUE</field>
                          </block>
                        </value>
                      </block>
                    </value>
                  </block>
                </statement>
              </block>
            </statement>
          </block>
        </next>
      </block>
    </statement>
  </block>
  <block type="during_purchase" id="(4;NieXd}j|Bn!c-YiC|" collapsed="true" x="0" y="106">
    <statement name="DURING_PURCHASE_STACK">
      <block type="controls_if" id="8?eYKAW%VczmRXQ-ou3r">
        <value name="IF0">
          <block type="check_sell" id="M=:_KpEeRAJY_}XTU^8~"></block>
        </value>
      </block>
    </statement>
  </block>
  <block type="after_purchase" id="D^Jz1^n=2vtZku1vBN@;" collapsed="true" x="0" y="159">
    <statement name="AFTERPURCHASE_STACK">
      <block type="controls_if" id="G2Z1P1a!EU?mbwgM`HJ]">
        <mutation else="1"></mutation>
        <value name="IF0">
          <block type="contract_check_result" id="srh2OD7cCubCP5gB~/U;">
            <field name="CHECK_RESULT">win</field>
          </block>
        </value>
        <statement name="DO0">
          <block type="controls_if" id="@tsF|%neQ6_9{?8#G]o#">
            <mutation else="1"></mutation>
            <value name="IF0">
              <block type="logic_compare" id="r?`G)2BmA*(YHUetRaKb">
                <field name="OP">LT</field>
                <value name="A">
                  <block type="balance" id="RA|fIBYU.R/-z;Lt$GvX">
                    <field name="BALANCE_TYPE">NUM</field>
                  </block>
                </value>
                <value name="B">
                  <block type="variables_get" id="}N}Cu9dGBMVF)sc+=YK1">
                    <field name="VAR" id="4K.BD_o|P::;GmXVW6XV" variabletype="">_targProf</field>
                  </block>
                </value>
              </block>
            </value>
            <statement name="DO0">
              <block type="variables_set" id="$=5PIA7Tg{E!n-)$THt(">
                <field name="VAR" id="3k_~urW=ahs2Cef8kMM$" variabletype="">_posstake</field>
                <value name="VALUE">
                  <block type="math_number" id="upGpkgw7Quok+VC|ba;y">
                    <field name="NUM">1</field>
                  </block>
                </value>
                <next>
                  <block type="trade_again" id="c)S|KjoQdXc8l#J@5z3P"></block>
                </next>
              </block>
            </statement>
            <statement name="ELSE">
              <block type="text_print" id="=BtcQ5JVpL[ue#F4vjt$">
                <value name="TEXT">
                  <shadow type="text" id="VJ52H@P(:_v^VOM7zEX^">
                    <field name="TEXT">.:: MAX MARTI LEVEL ACHIEVED ::.</field>
                  </shadow>
                  <block type="text_join" id="WcL-|2tufY#3]S`b%T0`">
                    <mutation items="3"></mutation>
                    <value name="ADD0">
                      <block type="text" id="-Bu~X0P/f4K)rgZu|kRd">
                        <field name="TEXT">.:: TARGET PROFIT ACHIEVED : </field>
                      </block>
                    </value>
                    <value name="ADD1">
                      <block type="total_profit" id="bGjwe!IYOlIMFDUAr=Wh"></block>
                    </value>
                    <value name="ADD2">
                      <block type="text" id="+Ms.s$wDVr7?POJ*Yh,i">
                        <field name="TEXT"> ::.</field>
                      </block>
                    </value>
                  </block>
                </value>
              </block>
            </statement>
          </block>
        </statement>
        <statement name="ELSE">
          <block type="controls_if" id="Fz=PKm47Y}86@CIXzGCh">
            <mutation else="1"></mutation>
            <value name="IF0">
              <block type="logic_compare" id="Xq_I[%O;A|d~]lD@77#{">
                <field name="OP">GT</field>
                <value name="A">
                  <block type="balance" id="y[u5q)^3V%=B0a!#~^Bc">
                    <field name="BALANCE_TYPE">NUM</field>
                  </block>
                </value>
                <value name="B">
                  <block type="variables_get" id="Ozb7?pSrY`?0:pp3scc/">
                    <field name="VAR" id="E`VEMT7|/p(s#zAYTn]j" variabletype="">_stopLoss</field>
                  </block>
                </value>
              </block>
            </value>
            <statement name="DO0">
              <block type="controls_if" id="=*YHPH%)D}gJw*Ewj?.p">
                <mutation else="1"></mutation>
                <value name="IF0">
                  <block type="logic_compare" id="]q-n/|^*%36?vj*zvD$^">
                    <field name="OP">LT</field>
                    <value name="A">
                      <block type="variables_get" id="haLx.Y.;fZWnz+Ll/{R9">
                        <field name="VAR" id="3k_~urW=ahs2Cef8kMM$" variabletype="">_posstake</field>
                      </block>
                    </value>
                    <value name="B">
                      <block type="lists_length" id="CvaxqD2%#dC7PS=!~Ien">
                        <value name="VALUE">
                          <block type="variables_get" id="SBW}%Tpz`RU#ew?|3:,Q">
                            <field name="VAR" id="`H(EKTkv)r}m*e+?fOe|" variabletype="">_cyclestake</field>
                          </block>
                        </value>
                      </block>
                    </value>
                  </block>
                </value>
                <statement name="DO0">
                  <block type="math_change" id="g]K+YnBc+WI}O`LU_@wl">
                    <field name="VAR" id="3k_~urW=ahs2Cef8kMM$" variabletype="">_posstake</field>
                    <value name="DELTA">
                      <shadow type="math_number" id="B4a:Hu@]yjy8=(ZQi6=j">
                        <field name="NUM">1</field>
                      </shadow>
                    </value>
                    <next>
                      <block type="trade_again" id="V]?bl[:PV-L#TUI^[j6*"></block>
                    </next>
                  </block>
                </statement>
                <statement name="ELSE">
                  <block type="text_print" id="FnDVIeq!dN/pb9o/HGgt">
                    <value name="TEXT">
                      <shadow type="text" id="gR8rYg{8D2F[+oVO$9Il">
                        <field name="TEXT">.:: MAX MARTI LEVEL ACHIEVED ::.</field>
                      </shadow>
                    </value>
                  </block>
                </statement>
              </block>
            </statement>
            <statement name="ELSE">
              <block type="text_print" id="ED/6*nPSDPIzRs[Wv+H}">
                <value name="TEXT">
                  <shadow type="text" id="*3)~`BysyYYd`=T]eJ1|">
                    <field name="TEXT">.:: STOP LOSS ACHIEVED ::.</field>
                  </shadow>
                </value>
              </block>
            </statement>
          </block>
        </statement>
      </block>
    </statement>
  </block>
</xml>