<xml xmlns="http://www.w3.org/1999/xhtml" collection="false">
  <variables>
    <variable type="" id="z];Q,L#SNZ,21ZawhfKU">Stake</variable>
    <variable type="" id="5g0KF6F#k*2/_$er-m(p">Win Stake</variable>
    <variable type="" id="tMahAM=`[S(Ny{1hM@qm">LD1</variable>
    <variable type="" id="_-s*L2/-D?q=%wIl2(zz">LD2</variable>
    <variable type="" id="h1S]yYj_cfw!Louo,UN7">Expected Profit</variable>
    <variable type="" id="8i+tAy[KOp=MG50:3_ba">LD3</variable>
  </variables>
  <block type="trade" id="xgH69|xFn9=70w.*3Vo@" collapsed="true" x="0" y="0">
    <field name="MARKET_LIST">synthetic_index</field>
    <field name="SUBMARKET_LIST">random_index</field>
    <field name="SYMBOL_LIST">R_100</field>
    <field name="TRADETYPECAT_LIST">digits</field>
    <field name="TRADETYPE_LIST">matchesdiffers</field>
    <field name="TYPE_LIST">DIGITDIFF</field>
    <field name="CANDLEINTERVAL_LIST">60</field>
    <field name="TIME_MACHINE_ENABLED">FALSE</field>
    <field name="RESTARTONERROR">TRUE</field>
    <statement name="INITIALIZATION">
      <block type="text_print" id="vj@tt=^L2HJ5TvK#!g0G">
        <value name="TEXT">
          <shadow type="text" id="a5kfsIcbN,n}BmjTI_FD">
            <field name="TEXT">Welcome to Tr-Reny BOT</field>
          </shadow>
        </value>
        <next>
          <block type="variables_set" id="Z,PtMQf/,m|PY]npnLmS">
            <field name="VAR" id="z];Q,L#SNZ,21ZawhfKU" variabletype="">Stake</field>
            <value name="VALUE">
              <block type="math_number" id="DIxo/BJ?g$N:!.1R8WqT">
                <field name="NUM">2.5</field>
              </block>
            </value>
            <next>
              <block type="variables_set" id="^fzF(CTk+o^7n#NO_6_Q">
                <field name="VAR" id="5g0KF6F#k*2/_$er-m(p" variabletype="">Win Stake</field>
                <value name="VALUE">
                  <block type="variables_get" id="2=jykrQI[Q4P]iQQk;[u">
                    <field name="VAR" id="z];Q,L#SNZ,21ZawhfKU" variabletype="">Stake</field>
                  </block>
                </value>
                <next>
                  <block type="variables_set" id="p[tT:{B2PN#J=@,SN!,K">
                    <field name="VAR" id="h1S]yYj_cfw!Louo,UN7" variabletype="">Expected Profit</field>
                    <value name="VALUE">
                      <block type="text_prompt_ext" id="_|_`u(JE*E?oR*7`#Wf,">
                        <mutation type="NUMBER"></mutation>
                        <field name="TYPE">NUMBER</field>
                        <value name="TEXT">
                          <shadow type="text" id="l$nM[#*UvL/|dkn;_7j#">
                            <field name="TEXT">Expected Profit [$]</field>
                          </shadow>
                        </value>
                      </block>
                    </value>
                  </block>
                </next>
              </block>
            </next>
          </block>
        </next>
      </block>
    </statement>
    <statement name="SUBMARKET">
      <block type="controls_repeat_ext" id="p59p@{V04o*L_e9-Kuot">
        <value name="TIMES">
          <block type="math_constant" id="u26`IXS:|HT1=FH1$jxp">
            <field name="CONSTANT">INFINITY</field>
          </block>
        </value>
        <statement name="DO">
          <block type="timeout" id="+:)J+kGszmcBO7qs9kMy">
            <statement name="TIMEOUTSTACK">
              <block type="variables_set" id="xoIZ^-}|r}pD]rHifrs@">
                <field name="VAR" id="tMahAM=`[S(Ny{1hM@qm" variabletype="">LD1</field>
                <value name="VALUE">
                  <block type="lists_getIndex" id="]oln]mhP_AA!ziMt,.8J">
                    <mutation statement="false" at="true"></mutation>
                    <field name="MODE">GET</field>
                    <field name="WHERE">FROM_END</field>
                    <value name="VALUE">
                      <block type="lastDigitList" id="QWU0QDp_Y.^f!HJKX,hY"></block>
                    </value>
                    <value name="AT">
                      <block type="math_number" id="O{htT3eN.iz8-,Cw?ddz">
                        <field name="NUM">1</field>
                      </block>
                    </value>
                  </block>
                </value>
                <next>
                  <block type="variables_set" id="Cv52Na.j^._yj[)E8~hj">
                    <field name="VAR" id="_-s*L2/-D?q=%wIl2(zz" variabletype="">LD2</field>
                    <value name="VALUE">
                      <block type="lists_getIndex" id="c4Pv=gZ9b{U1`,k*.fRb">
                        <mutation statement="false" at="true"></mutation>
                        <field name="MODE">GET</field>
                        <field name="WHERE">FROM_END</field>
                        <value name="VALUE">
                          <block type="lastDigitList" id="wvD#G*`Wb)j)V};?Z{qn"></block>
                        </value>
                        <value name="AT">
                          <block type="math_number" id="$dB=Ch/[SR!pWV0iHF~k">
                            <field name="NUM">2</field>
                          </block>
                        </value>
                      </block>
                    </value>
                    <next>
                      <block type="variables_set" id="6|!ZS~#W~,?)N/NS3$u%">
                        <field name="VAR" id="8i+tAy[KOp=MG50:3_ba" variabletype="">LD3</field>
                        <value name="VALUE">
                          <block type="lists_getIndex" id="cuhi43)!BM#.u|CH0,nS">
                            <mutation statement="false" at="true"></mutation>
                            <field name="MODE">GET</field>
                            <field name="WHERE">FROM_END</field>
                            <value name="VALUE">
                              <block type="lastDigitList" id="|Q`Oid+s;.3S*jsKO+GR"></block>
                            </value>
                            <value name="AT">
                              <block type="math_number" id="/YPDH3|{V%438]9y-.oA">
                                <field name="NUM">3</field>
                              </block>
                            </value>
                          </block>
                        </value>
                        <next>
                          <block type="notify" id="Qv.}hzxN4QAF,Wjp4dun">
                            <field name="NOTIFICATION_TYPE">info</field>
                            <field name="NOTIFICATION_SOUND">silent</field>
                            <value name="MESSAGE">
                              <shadow type="text" id="yBc}JSKcULK5=7Gj6~Z-">
                                <field name="TEXT">[B]</field>
                              </shadow>
                              <block type="text_join" id="7LUdBBd`l2I51eFsZ)lb">
                                <mutation items="4"></mutation>
                                <value name="ADD0">
                                  <block type="text" id="ftV:Jo@Lxd+BXCC_:75r">
                                    <field name="TEXT">[Analyzing] Digit Paired = </field>
                                  </block>
                                </value>
                                <value name="ADD1">
                                  <block type="variables_get" id="~1N9XtdF%SFt4q-cvXQJ">
                                    <field name="VAR" id="tMahAM=`[S(Ny{1hM@qm" variabletype="">LD1</field>
                                  </block>
                                </value>
                                <value name="ADD2">
                                  <block type="variables_get" id="Z$j}$~PQ,n7,mc}:MmX`">
                                    <field name="VAR" id="_-s*L2/-D?q=%wIl2(zz" variabletype="">LD2</field>
                                  </block>
                                </value>
                                <value name="ADD3">
                                  <block type="variables_get" id="yzdaY{9fSmNuT/~!=3*C">
                                    <field name="VAR" id="8i+tAy[KOp=MG50:3_ba" variabletype="">LD3</field>
                                  </block>
                                </value>
                              </block>
                            </value>
                            <next>
                              <block type="controls_if" id="ATR?DB5sea=+]FFkQ5Rl">
                                <mutation else="1"></mutation>
                                <value name="IF0">
                                  <block type="logic_compare" id="WL]O@f85W|9M;|sA$fV$">
                                    <field name="OP">EQ</field>
                                    <value name="A">
                                      <block type="variables_get" id="s,Y;9Hy|TLi2-a4I4L2%">
                                        <field name="VAR" id="tMahAM=`[S(Ny{1hM@qm" variabletype="">LD1</field>
                                      </block>
                                    </value>
                                    <value name="B">
                                      <block type="variables_get" id="!DC.|IOK3?a3L3B7(gCg">
                                        <field name="VAR" id="8i+tAy[KOp=MG50:3_ba" variabletype="">LD3</field>
                                      </block>
                                    </value>
                                  </block>
                                </value>
                                <statement name="DO0">
                                  <block type="controls_flow_statements" id="P%2,:U%}Fn98:/R7fByJ">
                                    <field name="FLOW">BREAK</field>
                                  </block>
                                </statement>
                                <statement name="ELSE">
                                  <block type="controls_flow_statements" id="^jczpi7+CbWEY,4(sa1Y">
                                    <field name="FLOW">CONTINUE</field>
                                  </block>
                                </statement>
                              </block>
                            </next>
                          </block>
                        </next>
                      </block>
                    </next>
                  </block>
                </next>
              </block>
            </statement>
            <value name="SECONDS">
              <shadow type="math_number" id="+Z:R]@r=K=Gbmdmq*cF_">
                <field name="NUM">2</field>
              </shadow>
            </value>
          </block>
        </statement>
        <next>
          <block type="tradeOptions" id="x=V33~4Lb|(sLv`J[:Eb">
            <field name="DURATIONTYPE_LIST">t</field>
            <field name="CURRENCY_LIST">USD</field>
            <field name="BARRIEROFFSETTYPE_LIST">+</field>
            <field name="SECONDBARRIEROFFSETTYPE_LIST">-</field>
            <value name="DURATION">
              <shadow type="math_number" id="!i8}dAMpV]*?E,GwA67D">
                <field name="NUM">1</field>
              </shadow>
              <block type="math_number" id="96pcNh+9Jf(Y;E@UAHiI">
                <field name="NUM">1</field>
              </block>
            </value>
            <value name="AMOUNT">
              <shadow type="math_number" id="ml)25~7^q}3I9}vjf:%K">
                <field name="NUM">1</field>
              </shadow>
              <block type="variables_get" id="Hv_4^ORdSu]K64`ulG5C">
                <field name="VAR" id="z];Q,L#SNZ,21ZawhfKU" variabletype="">Stake</field>
              </block>
            </value>
            <value name="PREDICTION">
              <shadow type="math_number" id="~{bWne%47lVjz{.?ayli">
                <field name="NUM">0</field>
              </shadow>
              <block type="variables_get" id="yQ3pE?hiJRrNaI[r_/.D">
                <field name="VAR" id="_-s*L2/-D?q=%wIl2(zz" variabletype="">LD2</field>
              </block>
            </value>
          </block>
        </next>
      </block>
    </statement>
  </block>
  <block type="before_purchase" id="i-CIx.(Onm4?ihxzA}Y]" collapsed="true" x="0" y="53">
    <statement name="BEFOREPURCHASE_STACK">
      <block type="purchase" id="W6q#Z-I3q3d[d3-`S[dS">
        <field name="PURCHASE_LIST">DIGITDIFF</field>
      </block>
    </statement>
  </block>
  <block type="after_purchase" id="D^Jz1^n=2vtZku1vBN@;" collapsed="true" x="0" y="106">
    <statement name="AFTERPURCHASE_STACK">
      <block type="controls_if" id="SJ.yk+uQ}.[v-PAa{eB!">
        <mutation else="1"></mutation>
        <value name="IF0">
          <block type="contract_check_result" id=";k_$CEb9q2=w:!fuwS?g">
            <field name="CHECK_RESULT">win</field>
          </block>
        </value>
        <statement name="DO0">
          <block type="variables_set" id="XEmnlOloWCmG!k7epF6,">
            <field name="VAR" id="z];Q,L#SNZ,21ZawhfKU" variabletype="">Stake</field>
            <value name="VALUE">
              <block type="variables_get" id="sERIlnIJImYcg}ZcB!|-">
                <field name="VAR" id="5g0KF6F#k*2/_$er-m(p" variabletype="">Win Stake</field>
              </block>
            </value>
          </block>
        </statement>
        <statement name="ELSE">
          <block type="variables_set" id="{TK8Qkd!hh^Hkh4^+j?K">
            <field name="VAR" id="z];Q,L#SNZ,21ZawhfKU" variabletype="">Stake</field>
            <value name="VALUE">
              <block type="math_arithmetic" id="/,k8$?[{.l`_MY5OyY_:">
                <field name="OP">MULTIPLY</field>
                <value name="A">
                  <shadow type="math_number" id="8doBjuOZMqiZB}`J,wmS">
                    <field name="NUM">1</field>
                  </shadow>
                  <block type="variables_get" id="^N7qd{(#}y@WZ4,rViKW">
                    <field name="VAR" id="z];Q,L#SNZ,21ZawhfKU" variabletype="">Stake</field>
                  </block>
                </value>
                <value name="B">
                  <shadow type="math_number" id="!e+(mDgkF|tk@b)/^]Y?">
                    <field name="NUM">11</field>
                  </shadow>
                </value>
              </block>
            </value>
          </block>
        </statement>
        <next>
          <block type="controls_if" id="^L,Q{.C|tXDK|8QSW-N,">
            <mutation else="1"></mutation>
            <value name="IF0">
              <block type="logic_compare" id="v}~dWV#N=.*cnZnyWr*K">
                <field name="OP">LT</field>
                <value name="A">
                  <block type="total_profit" id="#hJ=h4`:)2UBGS5Vp}=M"></block>
                </value>
                <value name="B">
                  <block type="variables_get" id="A}5ox!i^bZI^HX-oIN:%">
                    <field name="VAR" id="h1S]yYj_cfw!Louo,UN7" variabletype="">Expected Profit</field>
                  </block>
                </value>
              </block>
            </value>
            <statement name="DO0">
              <block type="trade_again" id="c)S|KjoQdXc8l#J@5z3P"></block>
            </statement>
            <statement name="ELSE">
              <block type="text_print" id="=3TD.VPjmHX@(_07qLZ!">
                <value name="TEXT">
                  <shadow type="text" id="vUTgx?4LYV{4o/LmvNBm">
                    <field name="TEXT">abc</field>
                  </shadow>
                  <block type="text_join" id="[u-=1}NY;Bc_=r}OOnLw">
                    <mutation items="2"></mutation>
                    <value name="ADD0">
                      <block type="text" id="J$^~WQaL[g8WxjHMoL!G">
                        <field name="TEXT">Take Profit  Achieved$</field>
                      </block>
                    </value>
                    <value name="ADD1">
                      <block type="total_profit" id="A.8%_,n,bL+2?J*f~a1?"></block>
                    </value>
                  </block>
                </value>
              </block>
            </statement>
          </block>
        </next>
      </block>
    </statement>
  </block>
</xml>