﻿<xml xmlns="http://www.w3.org/1999/xhtml" collection="false">
  <variables>
    <variable type="" id="K;99;?_/)VH4KcIUIC13">_Target_Profit_</variable>
    <variable type="" id="7Ow2Im+,vRAcqI1XZpiC">_Stop_Loss_</variable>
    <variable type="" id="qU)2BG[Uk{@dnggcm2#I">_First_Stake_</variable>
    <variable type="" id="?0{f-@2wfL!Nmm5AXIWz">_Martingale_Factor_</variable>
    <variable type="" id="{q^W)(Jtwy?z6$J{v1y!">_Martingale_Level_</variable>
    <variable type="" id="wmq8,`eEHL=Shf,`97{L">_Martingale_Start_After_</variable>
    <variable type="" id="CdnQ4KIe9;rBvsMHPn}/">put [Result is Win] here</variable>
    <variable type="" id="U;F-)*|NMAbam1_l1vpk">put [Contract Detail : profit] here</variable>
    <variable type="" id="^-.sOc(V!jIfP_E}?in;">Profit</variable>
    <variable type="" id="Kt66w_j75HSF5HhKqt4^">Continue</variable>
    <variable type="" id="5oU`SQr3|RTy8b_PRlt?">_stake</variable>
    <variable type="" id="Z2tYVbzE6sdq9o,t`pt5">count</variable>
    <variable type="" id="|lU0`0.)0z4n)/d7N8g~">FirstStake</variable>
    <variable type="" id="E76L9?kG),7b8;;RgL.#">type</variable>
    <variable type="" id="O0*ob+]0jlE*G6?7c8$#">TargetProfit</variable>
    <variable type="" id="c@v^g83;QUsm3B*k[d6z">win_count</variable>
    <variable type="" id="e%._4wQ%5t@`sn$Oke.R">loss_count</variable>
    <variable type="" id="Zrn#6janr.[Es/?q~qWz">Stoploss</variable>
    <variable type="" id="=7v22T6A%Q[,)+imV{g`">MartiLossLevel</variable>
    <variable type="" id="W8K4(BeQr`@QzK6-sHmq">MartiFactor</variable>
    <variable type="" id="#=Uw^;N(v@VP,o4:%e?2">loss_level</variable>
    <variable type="" id=")sKHZ20aOhCf2YY4Q(w+">MartiStart</variable>
  </variables>
  <block type="procedures_defreturn" id="J]e(|dXahRz-/_T?D;[Q" collapsed="true" x="0" y="0">
    <field name="NAME">FRUITFELLA's stake2</field>
    <comment pinned="false" h="80" w="160">FRUITFELLA's Management ver. 3.0</comment>
    <value name="RETURN">
      <block type="variables_get" id="`qi/f|AyfC,B9/Ofe7i,">
        <field name="VAR" id="5oU`SQr3|RTy8b_PRlt?" variabletype="">_stake</field>
      </block>
    </value>
  </block>
  <block type="procedures_defreturn" id="RuWl3Gng|tzSbEgt~W1q" collapsed="true" x="0" y="0">
    <mutation>
      <arg name="put [Result is Win] here" varid="CdnQ4KIe9;rBvsMHPn}/"></arg>
      <arg name="put [Contract Detail : profit] here" varid="U;F-)*|NMAbam1_l1vpk"></arg>
    </mutation>
    <field name="NAME">(4) FRUITFELLA Trade again2</field>
    <comment pinned="false" h="80" w="160">FRUITFELLA's Management ver. 3.0</comment>
    <statement name="STACK">
      <block type="math_change" id="Z(3F_c{J_#b:^5t1CdNG" collapsed="true">
        <field name="VAR" id="^-.sOc(V!jIfP_E}?in;" variabletype="">Profit</field>
        <value name="DELTA">
          <shadow type="math_number" id="!`~mJ[ITS6N=uY[f!Jo%">
            <field name="NUM">1</field>
          </shadow>
          <block type="variables_get" id="ygk7#f{N2T|j=D7#:!|j">
            <field name="VAR" id="U;F-)*|NMAbam1_l1vpk" variabletype="">put [Contract Detail : profit] here</field>
          </block>
        </value>
        <next>
          <block type="variables_set" id="o]7FaWo#4rV42Sja_}W)" collapsed="true">
            <field name="VAR" id="^-.sOc(V!jIfP_E}?in;" variabletype="">Profit</field>
            <value name="VALUE">
              <block type="math_arithmetic" id="{1uoY^^nZMT5,75S5Zc0">
                <field name="OP">DIVIDE</field>
                <value name="A">
                  <shadow type="math_number" id="BJLl,k}i_-.}(X^0Rt%[">
                    <field name="NUM">1</field>
                  </shadow>
                  <block type="math_round" id="9w8.9z]Yx5k0PdRL+Dmf">
                    <field name="OP">ROUND</field>
                    <value name="NUM">
                      <shadow type="math_number" id="enW;6`Y#VQ8j3,1ir3KU">
                        <field name="NUM">3.1</field>
                      </shadow>
                      <block type="math_arithmetic" id="oXZVf0D{-QF#xSMXiEq}">
                        <field name="OP">MULTIPLY</field>
                        <value name="A">
                          <shadow type="math_number" id="}kZ5|+fH9G83t.$we7~]">
                            <field name="NUM">1</field>
                          </shadow>
                          <block type="variables_get" id="d}s7@ZqRIBAsY?okDY-c">
                            <field name="VAR" id="^-.sOc(V!jIfP_E}?in;" variabletype="">Profit</field>
                          </block>
                        </value>
                        <value name="B">
                          <shadow type="math_number" id="Ew2xbrVQ`5(wVT:rANs+">
                            <field name="NUM">100</field>
                          </shadow>
                        </value>
                      </block>
                    </value>
                  </block>
                </value>
                <value name="B">
                  <shadow type="math_number" id="beG~X@[A%D}+b+cjq~WP">
                    <field name="NUM">100</field>
                  </shadow>
                </value>
              </block>
            </value>
            <next>
              <block type="controls_if" id="XwQRaUYH43uPpWHEZyTN">
                <mutation else="1"></mutation>
                <value name="IF0">
                  <block type="variables_get" id="`_CJqgdK7ag)OB0K1r%#">
                    <field name="VAR" id="CdnQ4KIe9;rBvsMHPn}/" variabletype="">put [Result is Win] here</field>
                  </block>
                </value>
                <statement name="DO0">
                  <block type="math_change" id="C0-^Rr47k|qS,Kt^H2oR">
                    <field name="VAR" id="c@v^g83;QUsm3B*k[d6z" variabletype="">win_count</field>
                    <value name="DELTA">
                      <shadow type="math_number" id="k)FadVgDzj~Lw_@W2nCe">
                        <field name="NUM">1</field>
                      </shadow>
                    </value>
                    <next>
                      <block type="variables_set" id="[feorwn+7yXMF5pHva*V">
                        <field name="VAR" id="e%._4wQ%5t@`sn$Oke.R" variabletype="">loss_count</field>
                        <value name="VALUE">
                          <block type="math_number" id="*%lHxFarsY_=x^#V8|=K">
                            <field name="NUM">0</field>
                          </block>
                        </value>
                        <next>
                          <block type="variables_set" id="%;bl[NO%}kqAaXFO/J~5">
                            <field name="VAR" id="5oU`SQr3|RTy8b_PRlt?" variabletype="">_stake</field>
                            <value name="VALUE">
                              <block type="variables_get" id="c=OXsPxxf=mmvK-Y{~e1">
                                <field name="VAR" id="|lU0`0.)0z4n)/d7N8g~" variabletype="">FirstStake</field>
                              </block>
                            </value>
                          </block>
                        </next>
                      </block>
                    </next>
                  </block>
                </statement>
                <statement name="ELSE">
                  <block type="math_change" id=")O#t5?ibm.,0aVPU$ZC5">
                    <field name="VAR" id="e%._4wQ%5t@`sn$Oke.R" variabletype="">loss_count</field>
                    <value name="DELTA">
                      <shadow type="math_number" id="?goH)t:/cpr]hMm.0O%-">
                        <field name="NUM">1</field>
                      </shadow>
                    </value>
                    <next>
                      <block type="variables_set" id="|H^Y@zl5O~~C(IYW@755">
                        <field name="VAR" id="c@v^g83;QUsm3B*k[d6z" variabletype="">win_count</field>
                        <value name="VALUE">
                          <block type="math_number" id="vPMO[9]n@d3qSYiGiFJ|">
                            <field name="NUM">0</field>
                          </block>
                        </value>
                        <next>
                          <block type="controls_if" id="P{@m}M9Ir^=%,{=|T|.l">
                            <value name="IF0">
                              <block type="logic_compare" id="JqZxob{%sMG:imO?y7|A">
                                <field name="OP">GT</field>
                                <value name="A">
                                  <block type="variables_get" id="2`XHU?wNmBI#E/qY,Ha:">
                                    <field name="VAR" id="e%._4wQ%5t@`sn$Oke.R" variabletype="">loss_count</field>
                                  </block>
                                </value>
                                <value name="B">
                                  <block type="variables_get" id="GQ?e;=cT6ub/.2HmeNBP">
                                    <field name="VAR" id="#=Uw^;N(v@VP,o4:%e?2" variabletype="">loss_level</field>
                                  </block>
                                </value>
                              </block>
                            </value>
                            <statement name="DO0">
                              <block type="variables_set" id="`=IF@0+?$@ScVp;KdH^O">
                                <field name="VAR" id="#=Uw^;N(v@VP,o4:%e?2" variabletype="">loss_level</field>
                                <value name="VALUE">
                                  <block type="variables_get" id="B_Ugy#7IbE!704%Ehn.Y">
                                    <field name="VAR" id="e%._4wQ%5t@`sn$Oke.R" variabletype="">loss_count</field>
                                  </block>
                                </value>
                              </block>
                            </statement>
                            <next>
                              <block type="controls_if" id="-C(3~[i?@{[o_?a?/Y-s">
                                <value name="IF0">
                                  <block type="logic_compare" id="$.Gf[JiA3o1vWV{kLMhD">
                                    <field name="OP">GT</field>
                                    <value name="A">
                                      <block type="variables_get" id=".jzZf.-hb[s3y{F3U2%r">
                                        <field name="VAR" id="=7v22T6A%Q[,)+imV{g`" variabletype="">MartiLossLevel</field>
                                      </block>
                                    </value>
                                    <value name="B">
                                      <block type="math_number" id="2*xm#sJCNYq;M]JqyDtZ">
                                        <field name="NUM">0</field>
                                      </block>
                                    </value>
                                  </block>
                                </value>
                                <statement name="DO0">
                                  <block type="controls_if" id="pg$9}7(r-Z+b`=`iu+p1">
                                    <value name="IF0">
                                      <block type="logic_operation" id="5hG!#+^DxleTAM)5;2;*">
                                        <field name="OP">AND</field>
                                        <value name="A">
                                          <block type="logic_compare" id="Yi3Pq5owWkKfJeruI9+V">
                                            <field name="OP">GT</field>
                                            <value name="A">
                                              <block type="variables_get" id="l+C{GaRUol6CWt5R%g.A">
                                                <field name="VAR" id=")sKHZ20aOhCf2YY4Q(w+" variabletype="">MartiStart</field>
                                              </block>
                                            </value>
                                            <value name="B">
                                              <block type="math_number" id="9593y2pM(a^4S6me#9+:">
                                                <field name="NUM">0</field>
                                              </block>
                                            </value>
                                          </block>
                                        </value>
                                        <value name="B">
                                          <block type="logic_compare" id="@}Cr$1%y`;|Qt/u#MgT8">
                                            <field name="OP">GTE</field>
                                            <value name="A">
                                              <block type="variables_get" id=":F1:);99f]pzAHZ=Dbz}">
                                                <field name="VAR" id="e%._4wQ%5t@`sn$Oke.R" variabletype="">loss_count</field>
                                              </block>
                                            </value>
                                            <value name="B">
                                              <block type="variables_get" id="PGuOMdhzfb.v8d}O)fcQ">
                                                <field name="VAR" id=")sKHZ20aOhCf2YY4Q(w+" variabletype="">MartiStart</field>
                                              </block>
                                            </value>
                                          </block>
                                        </value>
                                      </block>
                                    </value>
                                    <statement name="DO0">
                                      <block type="controls_if" id="of$fL!N3Rk/`i$AfdiJ4">
                                        <mutation else="1"></mutation>
                                        <value name="IF0">
                                          <block type="logic_compare" id="_,eK4!D4i!Q^Y)21PRpN">
                                            <field name="OP">LTE</field>
                                            <value name="A">
                                              <block type="variables_get" id="jQl-s2##IS`|R{6O/D}M">
                                                <field name="VAR" id="e%._4wQ%5t@`sn$Oke.R" variabletype="">loss_count</field>
                                              </block>
                                            </value>
                                            <value name="B">
                                              <block type="variables_get" id="_c)od^Fo5Gy72~fwTiXG">
                                                <field name="VAR" id="=7v22T6A%Q[,)+imV{g`" variabletype="">MartiLossLevel</field>
                                              </block>
                                            </value>
                                          </block>
                                        </value>
                                        <statement name="DO0">
                                          <block type="math_change" id="_LY;!5~A,zVD5pjtFXx^">
                                            <field name="VAR" id="5oU`SQr3|RTy8b_PRlt?" variabletype="">_stake</field>
                                            <value name="DELTA">
                                              <shadow type="math_number" id="iOY0jJ`9*c:I2Hd:QJ_Y">
                                                <field name="NUM">1</field>
                                              </shadow>
                                              <block type="math_arithmetic" id="E{h;UPL/U637!xGw*JjL">
                                                <field name="OP">MULTIPLY</field>
                                                <value name="A">
                                                  <shadow type="math_number" id="}P^(EoAZ-YU-MS4SDvmg">
                                                    <field name="NUM">1</field>
                                                  </shadow>
                                                  <block type="variables_get" id="qk+S(j)w=!cwRYc!p[@B">
                                                    <field name="VAR" id="5oU`SQr3|RTy8b_PRlt?" variabletype="">_stake</field>
                                                  </block>
                                                </value>
                                                <value name="B">
                                                  <shadow type="math_number" id="/LcPg[ufeL@.EuFQjyeY">
                                                    <field name="NUM">1</field>
                                                  </shadow>
                                                  <block type="variables_get" id="x`I49#4;H;Hk9x~ziXBD">
                                                    <field name="VAR" id="W8K4(BeQr`@QzK6-sHmq" variabletype="">MartiFactor</field>
                                                  </block>
                                                </value>
                                              </block>
                                            </value>
                                          </block>
                                        </statement>
                                        <statement name="ELSE">
                                          <block type="notify" id="g]T/3T1X?LVh|Ch=)c:V">
                                            <field name="NOTIFICATION_TYPE">info</field>
                                            <field name="NOTIFICATION_SOUND">silent</field>
                                            <value name="MESSAGE">
                                              <block type="text" id="NXXjdbwZGl;M6w38RTc*">
                                                <field name="TEXT">[FM] Martingale reset</field>
                                              </block>
                                            </value>
                                            <next>
                                              <block type="variables_set" id="V-;cY10OJv2D!2hrlwl_">
                                                <field name="VAR" id="5oU`SQr3|RTy8b_PRlt?" variabletype="">_stake</field>
                                                <value name="VALUE">
                                                  <block type="variables_get" id="19lEWqt8y[)f^,EQyb_=">
                                                    <field name="VAR" id="|lU0`0.)0z4n)/d7N8g~" variabletype="">FirstStake</field>
                                                  </block>
                                                </value>
                                              </block>
                                            </next>
                                          </block>
                                        </statement>
                                      </block>
                                    </statement>
                                  </block>
                                </statement>
                              </block>
                            </next>
                          </block>
                        </next>
                      </block>
                    </next>
                  </block>
                </statement>
                <next>
                  <block type="variables_set" id="%Zp=Ll,Y/kH4t[FO~mGU">
                    <field name="VAR" id="Kt66w_j75HSF5HhKqt4^" variabletype="">Continue</field>
                    <value name="VALUE">
                      <block type="logic_boolean" id="3ijpG9,JugPCE.|2aBG0">
                        <field name="BOOL">FALSE</field>
                      </block>
                    </value>
                    <next>
                      <block type="controls_if" id="L4+vRPxLgKq1~#1dY4gm">
                        <mutation elseif="1" else="1"></mutation>
                        <value name="IF0">
                          <block type="logic_compare" id="T=LtQbx]AlC^xPjJ-gfl">
                            <field name="OP">GTE</field>
                            <value name="A">
                              <block type="variables_get" id="~p%;-9}LRuD2oZLSTG9Z">
                                <field name="VAR" id="^-.sOc(V!jIfP_E}?in;" variabletype="">Profit</field>
                              </block>
                            </value>
                            <value name="B">
                              <block type="variables_get" id="sSmUsh{X*$8G~SB=26@8">
                                <field name="VAR" id="O0*ob+]0jlE*G6?7c8$#" variabletype="">TargetProfit</field>
                              </block>
                            </value>
                          </block>
                        </value>
                        <statement name="DO0">
                          <block type="text_print" id="jc?19R`-]eEh~;jnyp4H" collapsed="true">
                            <value name="TEXT">
                              <shadow type="text" id="dJ4OA.-2N8i,6Qy7r!J|">
                                <field name="TEXT">abc</field>
                              </shadow>
                              <block type="text_join" id="u(l=d?K7h+T#cr3r.YJD">
                                <mutation items="2"></mutation>
                                <value name="ADD0">
                                  <block type="text" id="CUZ-dRx!al,6XIKHrkZx">
                                    <field name="TEXT">Take profit $</field>
                                  </block>
                                </value>
                                <value name="ADD1">
                                  <block type="variables_get" id="1kMi^8CMpGISRYM@KcFN">
                                    <field name="VAR" id="^-.sOc(V!jIfP_E}?in;" variabletype="">Profit</field>
                                  </block>
                                </value>
                              </block>
                            </value>
                          </block>
                        </statement>
                        <value name="IF1">
                          <block type="logic_compare" id="2nisV!L2$0]p_ojiA?3~">
                            <field name="OP">LTE</field>
                            <value name="A">
                              <block type="variables_get" id="sm^z!BRvPBO{xFUKH@OP">
                                <field name="VAR" id="^-.sOc(V!jIfP_E}?in;" variabletype="">Profit</field>
                              </block>
                            </value>
                            <value name="B">
                              <block type="variables_get" id="%WcG/gyy}qS$h@gk^pxe">
                                <field name="VAR" id="Zrn#6janr.[Es/?q~qWz" variabletype="">Stoploss</field>
                              </block>
                            </value>
                          </block>
                        </value>
                        <statement name="DO1">
                          <block type="text_print" id="s6,H!ZXa+A}4(mNsqvF{" collapsed="true">
                            <value name="TEXT">
                              <shadow type="text" id="dJ4OA.-2N8i,6Qy7r!J|">
                                <field name="TEXT">abc</field>
                              </shadow>
                              <block type="text_join" id="iGu/{X7^?d0l{g$F;nbk">
                                <mutation items="2"></mutation>
                                <value name="ADD0">
                                  <block type="text" id="KX07wXcnRxh/cCPm!lU9">
                                    <field name="TEXT">Stop loss (profit/loss) $</field>
                                  </block>
                                </value>
                                <value name="ADD1">
                                  <block type="variables_get" id="hy}a2`p`]}Oada=+iC;y">
                                    <field name="VAR" id="^-.sOc(V!jIfP_E}?in;" variabletype="">Profit</field>
                                  </block>
                                </value>
                              </block>
                            </value>
                          </block>
                        </statement>
                        <statement name="ELSE">
                          <block type="controls_if" id="jjVX0lwvlLd+Bv;k[E{r">
                            <mutation else="1"></mutation>
                            <value name="IF0">
                              <block type="logic_compare" id="SlSU}ae@hCdl|Z7u-Fve">
                                <field name="OP">GT</field>
                                <value name="A">
                                  <block type="variables_get" id="Jl1n1C4_3Kxou+?].,X7">
                                    <field name="VAR" id="^-.sOc(V!jIfP_E}?in;" variabletype="">Profit</field>
                                  </block>
                                </value>
                                <value name="B">
                                  <block type="math_number" id="*86,6+bqYQ1GC])q1(X:">
                                    <field name="NUM">0</field>
                                  </block>
                                </value>
                              </block>
                            </value>
                            <statement name="DO0">
                              <block type="notify" id="(qxh-|p9j|J`y04J)2m9">
                                <field name="NOTIFICATION_TYPE">info</field>
                                <field name="NOTIFICATION_SOUND">silent</field>
                                <value name="MESSAGE">
                                  <block type="text_join" id="jrj4:[*a2E,59SXey3O^">
                                    <mutation items="6"></mutation>
                                    <value name="ADD0">
                                      <block type="text" id="d@$/,pn]apAJ@VPKWW]I">
                                        <field name="TEXT">[FM] Total profit $ </field>
                                      </block>
                                    </value>
                                    <value name="ADD1">
                                      <block type="variables_get" id="E.H$-wR]I{pjT(TZNA[$">
                                        <field name="VAR" id="^-.sOc(V!jIfP_E}?in;" variabletype="">Profit</field>
                                      </block>
                                    </value>
                                    <value name="ADD2">
                                      <block type="text" id="^IYvcyqB53EDi4TrYkE~">
                                        <field name="TEXT"> || Loss Level </field>
                                      </block>
                                    </value>
                                    <value name="ADD3">
                                      <block type="variables_get" id=";R,7mpsNtbB4g.whK=nS">
                                        <field name="VAR" id="#=Uw^;N(v@VP,o4:%e?2" variabletype="">loss_level</field>
                                      </block>
                                    </value>
                                    <value name="ADD4">
                                      <block type="text" id="a+xbJUjMwfHGwt;PF?HT">
                                        <field name="TEXT"> || Loss Count </field>
                                      </block>
                                    </value>
                                    <value name="ADD5">
                                      <block type="variables_get" id="d*[6}rD#=GoN1*GTSt9w">
                                        <field name="VAR" id="e%._4wQ%5t@`sn$Oke.R" variabletype="">loss_count</field>
                                      </block>
                                    </value>
                                  </block>
                                </value>
                              </block>
                            </statement>
                            <statement name="ELSE">
                              <block type="notify" id="[rQsJ(*0%aqqXFe7$7#e">
                                <field name="NOTIFICATION_TYPE">warn</field>
                                <field name="NOTIFICATION_SOUND">silent</field>
                                <value name="MESSAGE">
                                  <block type="text_join" id="/6/i1PxMjNKBAT~A+4wK">
                                    <mutation items="6"></mutation>
                                    <value name="ADD0">
                                      <block type="text" id=")ZP`H]BC1QUZpMV]cVqM">
                                        <field name="TEXT">[FM] Total loss $ </field>
                                      </block>
                                    </value>
                                    <value name="ADD1">
                                      <block type="variables_get" id="#!~Bm|5Csawr]M]0]n!N">
                                        <field name="VAR" id="^-.sOc(V!jIfP_E}?in;" variabletype="">Profit</field>
                                      </block>
                                    </value>
                                    <value name="ADD2">
                                      <block type="text" id="Uy`q8Qu4%W4/==gJdisq">
                                        <field name="TEXT"> || Loss Level </field>
                                      </block>
                                    </value>
                                    <value name="ADD3">
                                      <block type="variables_get" id="`*w!QV`H+xP(,.[@@;Qg">
                                        <field name="VAR" id="#=Uw^;N(v@VP,o4:%e?2" variabletype="">loss_level</field>
                                      </block>
                                    </value>
                                    <value name="ADD4">
                                      <block type="text" id="E{nXKXp%$Bi8rGf9)ie|">
                                        <field name="TEXT"> || Loss Count </field>
                                      </block>
                                    </value>
                                    <value name="ADD5">
                                      <block type="variables_get" id="ave3L+V[kD~tZOGO;3Y?">
                                        <field name="VAR" id="e%._4wQ%5t@`sn$Oke.R" variabletype="">loss_count</field>
                                      </block>
                                    </value>
                                  </block>
                                </value>
                              </block>
                            </statement>
                            <next>
                              <block type="variables_set" id=":P~e?kF}S4SiDX9Q=4;*">
                                <field name="VAR" id="Kt66w_j75HSF5HhKqt4^" variabletype="">Continue</field>
                                <value name="VALUE">
                                  <block type="logic_boolean" id="=U@j:}ekVJLxJs~lYybd">
                                    <field name="BOOL">TRUE</field>
                                  </block>
                                </value>
                              </block>
                            </next>
                          </block>
                        </statement>
                      </block>
                    </next>
                  </block>
                </next>
              </block>
            </next>
          </block>
        </next>
      </block>
    </statement>
    <value name="RETURN">
      <block type="variables_get" id="KC+@vhI?jwo+sV(E0vm]">
        <field name="VAR" id="Kt66w_j75HSF5HhKqt4^" variabletype="">Continue</field>
      </block>
    </value>
  </block>
  <block type="procedures_defnoreturn" id="g~:j4K^Mky_OK?,}z.Ky" collapsed="true" x="0" y="0">
    <mutation>
      <arg name="_Target_Profit_" varid="K;99;?_/)VH4KcIUIC13"></arg>
      <arg name="_Stop_Loss_" varid="7Ow2Im+,vRAcqI1XZpiC"></arg>
      <arg name="_First_Stake_" varid="qU)2BG[Uk{@dnggcm2#I"></arg>
      <arg name="_Martingale_Factor_" varid="?0{f-@2wfL!Nmm5AXIWz"></arg>
      <arg name="_Martingale_Level_" varid="{q^W)(Jtwy?z6$J{v1y!"></arg>
      <arg name="_Martingale_Start_After_" varid="wmq8,`eEHL=Shf,`97{L"></arg>
    </mutation>
    <field name="NAME">(1) FRUITFELLA's Management2</field>
    <comment pinned="false" h="80" w="160">FRUITFELLA's Management ver. 3.0</comment>
    <statement name="STACK">
      <block type="notify" id="jt+sjCP6ZYi0QIaoVKi=" collapsed="true">
        <field name="NOTIFICATION_TYPE">info</field>
        <field name="NOTIFICATION_SOUND">silent</field>
        <value name="MESSAGE">
          <block type="text" id="tLmg:za$y=3S)C0Ni0*P">
            <field name="TEXT">FRUITFELLA's Martingale ver. 3.0 (requested by cadet21)</field>
          </block>
        </value>
        <next>
          <block type="variables_set" id="G)?1=|.)2#BmNz{~}BXr" collapsed="true">
            <field name="VAR" id="|lU0`0.)0z4n)/d7N8g~" variabletype="">FirstStake</field>
            <value name="VALUE">
              <block type="variables_get" id="I}W|MGV$K,4hs7J@+^nd">
                <field name="VAR" id="qU)2BG[Uk{@dnggcm2#I" variabletype="">_First_Stake_</field>
              </block>
            </value>
            <next>
              <block type="variables_set" id="ND47ww|Gw^k?7~|c)C04" collapsed="true">
                <field name="VAR" id="5oU`SQr3|RTy8b_PRlt?" variabletype="">_stake</field>
                <value name="VALUE">
                  <block type="variables_get" id="g|_QC)~}r,kP+FZh?y!5">
                    <field name="VAR" id="qU)2BG[Uk{@dnggcm2#I" variabletype="">_First_Stake_</field>
                  </block>
                </value>
                <next>
                  <block type="variables_set" id="cNoyS;7T#uzlaXCZD:s6" collapsed="true">
                    <field name="VAR" id="O0*ob+]0jlE*G6?7c8$#" variabletype="">TargetProfit</field>
                    <value name="VALUE">
                      <block type="variables_get" id="azc8s%RMZq:()e}=L*)e">
                        <field name="VAR" id="K;99;?_/)VH4KcIUIC13" variabletype="">_Target_Profit_</field>
                      </block>
                    </value>
                    <next>
                      <block type="variables_set" id="@.}/[1}W09WC~sx3$901" collapsed="true">
                        <field name="VAR" id="Zrn#6janr.[Es/?q~qWz" variabletype="">Stoploss</field>
                        <value name="VALUE">
                          <block type="math_single" id="{kw2A@sG([Ijh.4[A2qD">
                            <field name="OP">NEG</field>
                            <value name="NUM">
                              <shadow type="math_number" id=":*O0u?1~mablmyFH9nQ^">
                                <field name="NUM">9</field>
                              </shadow>
                              <block type="math_single" id="[Q}a}A@O]zIZOuf(?~sL">
                                <field name="OP">ABS</field>
                                <value name="NUM">
                                  <shadow type="math_number" id="KJyX:Z7HpG+zVVn[[$5L">
                                    <field name="NUM">9</field>
                                  </shadow>
                                  <block type="variables_get" id="70Y9RpB7OYkBP.cOZMD7">
                                    <field name="VAR" id="7Ow2Im+,vRAcqI1XZpiC" variabletype="">_Stop_Loss_</field>
                                  </block>
                                </value>
                              </block>
                            </value>
                          </block>
                        </value>
                        <next>
                          <block type="variables_set" id="}pyhP8bmn%2OR1={GwcP" collapsed="true">
                            <field name="VAR" id="=7v22T6A%Q[,)+imV{g`" variabletype="">MartiLossLevel</field>
                            <value name="VALUE">
                              <block type="variables_get" id="k,1p_o$#/T[IF+DU0P+W">
                                <field name="VAR" id="{q^W)(Jtwy?z6$J{v1y!" variabletype="">_Martingale_Level_</field>
                              </block>
                            </value>
                            <next>
                              <block type="variables_set" id="Htv!O#KLnd5B(^@j4T7o" collapsed="true">
                                <field name="VAR" id="W8K4(BeQr`@QzK6-sHmq" variabletype="">MartiFactor</field>
                                <value name="VALUE">
                                  <block type="variables_get" id="Z^)4!u%_-G_@7n|TzLn!">
                                    <field name="VAR" id="?0{f-@2wfL!Nmm5AXIWz" variabletype="">_Martingale_Factor_</field>
                                  </block>
                                </value>
                                <next>
                                  <block type="variables_set" id="]rXk*#}VL,ZBgH]=!U/e" collapsed="true">
                                    <field name="VAR" id=")sKHZ20aOhCf2YY4Q(w+" variabletype="">MartiStart</field>
                                    <value name="VALUE">
                                      <block type="variables_get" id=",YGfuu+JTJ_2i.r-]LP[">
                                        <field name="VAR" id="wmq8,`eEHL=Shf,`97{L" variabletype="">_Martingale_Start_After_</field>
                                      </block>
                                    </value>
                                    <next>
                                      <block type="variables_set" id="ehT^b|3^Sg?Q,*jsvj~g">
                                        <field name="VAR" id="^-.sOc(V!jIfP_E}?in;" variabletype="">Profit</field>
                                        <value name="VALUE">
                                          <block type="math_number" id="W27F9M^Dcg5cFb:@3@,p">
                                            <field name="NUM">0</field>
                                          </block>
                                        </value>
                                        <next>
                                          <block type="variables_set" id="IhILE6lHfv5U]#/zl_J3">
                                            <field name="VAR" id="c@v^g83;QUsm3B*k[d6z" variabletype="">win_count</field>
                                            <value name="VALUE">
                                              <block type="math_number" id="rtax:rdbgv$,E^Dhd30$">
                                                <field name="NUM">0</field>
                                              </block>
                                            </value>
                                            <next>
                                              <block type="variables_set" id="@Sr;ho*x5fNbarEI{EGV">
                                                <field name="VAR" id="e%._4wQ%5t@`sn$Oke.R" variabletype="">loss_count</field>
                                                <value name="VALUE">
                                                  <block type="math_number" id="BVO*ONQXB0$S[-A=d;Ej">
                                                    <field name="NUM">0</field>
                                                  </block>
                                                </value>
                                                <next>
                                                  <block type="variables_set" id="]TZ|m+zl4dae74FMi$u+">
                                                    <field name="VAR" id="#=Uw^;N(v@VP,o4:%e?2" variabletype="">loss_level</field>
                                                    <value name="VALUE">
                                                      <block type="math_number" id="kBe?~udWZbfcJ1*=#+P0">
                                                        <field name="NUM">0</field>
                                                      </block>
                                                    </value>
                                                  </block>
                                                </next>
                                              </block>
                                            </next>
                                          </block>
                                        </next>
                                      </block>
                                    </next>
                                  </block>
                                </next>
                              </block>
                            </next>
                          </block>
                        </next>
                      </block>
                    </next>
                  </block>
                </next>
              </block>
            </next>
          </block>
        </next>
      </block>
    </statement>
  </block>
  <block type="trade" id="xgH69|xFn9=70w.*3Vo@" x="6" y="170">
    <field name="MARKET_LIST">volidx</field>
    <field name="SUBMARKET_LIST">random_index</field>
    <field name="SYMBOL_LIST">R_100</field>
    <field name="TRADETYPECAT_LIST">callput</field>
    <field name="TRADETYPE_LIST">higherlower</field>
    <field name="TYPE_LIST">both</field>
    <field name="CANDLEINTERVAL_LIST">60</field>
    <field name="TIME_MACHINE_ENABLED">FALSE</field>
    <field name="RESTARTONERROR">TRUE</field>
    <statement name="INITIALIZATION">
      <block type="procedures_callnoreturn" id=",#?9Xm(ys!{S#U4~KQns">
        <mutation name="(1) FRUITFELLA's Management">
          <arg name="_Target_Profit_"></arg>
          <arg name="_Stop_Loss_"></arg>
          <arg name="_First_Stake_"></arg>
          <arg name="_Martingale_Factor_"></arg>
          <arg name="_Martingale_Level_"></arg>
          <arg name="_Martingale_Start_After_"></arg>
        </mutation>
        <value name="ARG0">
          <block type="math_number" id="mEX9U?Z2[l;y|29i_u$x">
            <field name="NUM">20</field>
          </block>
        </value>
        <value name="ARG1">
          <block type="math_number" id=",o+im5/iD~R[y_#KKEQy">
            <field name="NUM">120</field>
          </block>
        </value>
        <value name="ARG2">
          <block type="math_number" id="xX]n`|m5D.-8GN}/:1Tr">
            <field name="NUM">0.35</field>
          </block>
        </value>
        <value name="ARG3">
          <block type="math_number" id="Zm(6xqaIdob#S?^N5Il-">
            <field name="NUM">1.06</field>
          </block>
        </value>
        <value name="ARG4">
          <block type="math_number" id="~lMm5TBesg$evJOU!n~?">
            <field name="NUM">10</field>
          </block>
        </value>
        <value name="ARG5">
          <block type="math_number" id="lhWz6.E/nU+~e?vQOy:v">
            <field name="NUM">3</field>
          </block>
        </value>
        <next>
          <block type="variables_set" id="o8,5BSS*#hCZA3SiaCq1">
            <field name="VAR" id="Z2tYVbzE6sdq9o,t`pt5" variabletype="">count</field>
            <value name="VALUE">
              <block type="math_number" id="D~Z7d[~E[8,F;)T9h.^%">
                <field name="NUM">0</field>
              </block>
            </value>
            <next>
              <block type="variables_set" id="G^/`sMSJpzLN]f3v:rd2">
                <field name="VAR" id="E76L9?kG),7b8;;RgL.#" variabletype="">type</field>
                <value name="VALUE">
                  <block type="text" id="-LB/~lDf)H7a#f0eZ=?q">
                    <field name="TEXT">call</field>
                  </block>
                </value>
              </block>
            </next>
          </block>
        </next>
      </block>
    </statement>
    <statement name="SUBMARKET">
      <block type="controls_if" id="A79E?add]orhI.;(1NS%">
        <mutation else="1"></mutation>
        <value name="IF0">
          <block type="logic_compare" id="Ily,S3G[)/qLE)|Te0Xy">
            <field name="OP">EQ</field>
            <value name="A">
              <block type="variables_get" id="AN)puM%%shkv5R@.j9h9">
                <field name="VAR" id="E76L9?kG),7b8;;RgL.#" variabletype="">type</field>
              </block>
            </value>
            <value name="B">
              <block type="text" id="*!ZZ:-ZleMi]X:,^,AjJ">
                <field name="TEXT">call</field>
              </block>
            </value>
          </block>
        </value>
        <statement name="DO0">
          <block type="tradeOptions" id="x=V33~4Lb|(sLv`J[:Eb">
            <field name="DURATIONTYPE_LIST">t</field>
            <field name="CURRENCY_LIST">USD</field>
            <field name="BARRIEROFFSETTYPE_LIST">-</field>
            <value name="DURATION">
              <shadow type="math_number" id="O*@58sDc=!cOO}*b2vf9">
                <field name="NUM">5</field>
              </shadow>
            </value>
            <value name="AMOUNT">
              <shadow type="math_number" id="ml)25~7^q}3I9}vjf:%K">
                <field name="NUM">1</field>
              </shadow>
              <block type="procedures_callreturn" id="1OAOccg[~DG+;4Ni(Odf">
                <mutation name="FRUITFELLA's stake"></mutation>
              </block>
            </value>
            <value name="BARRIEROFFSET">
              <block type="math_number" id="qgA3,39C5|O#ly}8{A*d">
                <field name="NUM">0.5</field>
              </block>
            </value>
          </block>
        </statement>
        <statement name="ELSE">
          <block type="tradeOptions" id="oK~B^,$,wWw8s:!qg4z1">
            <field name="DURATIONTYPE_LIST">t</field>
            <field name="CURRENCY_LIST">USD</field>
            <field name="BARRIEROFFSETTYPE_LIST">+</field>
            <value name="DURATION">
              <shadow type="math_number" id="[JAgo742F6v]:$ZoXV6}">
                <field name="NUM">5</field>
              </shadow>
            </value>
            <value name="AMOUNT">
              <shadow type="math_number" id="!ZFC@3}X^SS]e`ghK~NK">
                <field name="NUM">1</field>
              </shadow>
              <block type="procedures_callreturn" id="5OWjvhBpdtN#ncc_AHJo">
                <mutation name="FRUITFELLA's stake"></mutation>
              </block>
            </value>
            <value name="BARRIEROFFSET">
              <block type="math_number" id="8LK33qq#SW,(dB{c]pQc">
                <field name="NUM">0.5</field>
              </block>
            </value>
          </block>
        </statement>
      </block>
    </statement>
  </block>
  <block type="loader" id="EcSVt!?}}]L%[%+#SAct" collapsed="true" x="0" y="840">
    <field name="URL">https://gist.githubusercontent.com/Fruitfella/7769025cf7244180119844c150af3e00/raw/f91859bca43a73d0ce8fef838bad9e775d0febe0/FMv3.0.xml</field>
  </block>
  <block type="loader" id="5hdOC-kAPCZVJIV|,6Ws" collapsed="true" x="0" y="893">
    <field name="URL">https://gist.githubusercontent.com/Fruitfella/7769025cf7244180119844c150af3e00/raw/f91859bca43a73d0ce8fef838bad9e775d0febe0/FMv3.0.xml</field>
  </block>
  <block type="procedures_defnoreturn" id="}a,@Z2+P7P;,a3rB*+Zc" collapsed="true" x="0" y="946">
    <mutation>
      <arg name="_Target_Profit_" varid="K;99;?_/)VH4KcIUIC13"></arg>
      <arg name="_Stop_Loss_" varid="7Ow2Im+,vRAcqI1XZpiC"></arg>
      <arg name="_First_Stake_" varid="qU)2BG[Uk{@dnggcm2#I"></arg>
      <arg name="_Martingale_Factor_" varid="?0{f-@2wfL!Nmm5AXIWz"></arg>
      <arg name="_Martingale_Level_" varid="{q^W)(Jtwy?z6$J{v1y!"></arg>
      <arg name="_Martingale_Start_After_" varid="wmq8,`eEHL=Shf,`97{L"></arg>
    </mutation>
    <field name="NAME">(1) FRUITFELLA's Management</field>
    <comment pinned="false" h="80" w="160">FRUITFELLA's Management ver. 3.0</comment>
    <statement name="STACK">
      <block type="notify" id="G7~wRrfg?9}gSh#czLzG" collapsed="true">
        <field name="NOTIFICATION_TYPE">info</field>
        <field name="NOTIFICATION_SOUND">silent</field>
        <value name="MESSAGE">
          <block type="text" id="3GWKvKtkV`vSfzxdrUt=">
            <field name="TEXT">FRUITFELLA's Martingale ver. 3.0 (requested by cadet21)</field>
          </block>
        </value>
        <next>
          <block type="variables_set" id="FK4u?paD9^I-!5Ai)Jjl" collapsed="true">
            <field name="VAR" id="|lU0`0.)0z4n)/d7N8g~" variabletype="">FirstStake</field>
            <value name="VALUE">
              <block type="variables_get" id="?mfNzA`8peRWy,e~svE0">
                <field name="VAR" id="qU)2BG[Uk{@dnggcm2#I" variabletype="">_First_Stake_</field>
              </block>
            </value>
            <next>
              <block type="variables_set" id="6?YL[uBR,$:+Z.j;Kti(" collapsed="true">
                <field name="VAR" id="5oU`SQr3|RTy8b_PRlt?" variabletype="">_stake</field>
                <value name="VALUE">
                  <block type="variables_get" id="TR`xGTpoI16iZ/$}H/4z">
                    <field name="VAR" id="qU)2BG[Uk{@dnggcm2#I" variabletype="">_First_Stake_</field>
                  </block>
                </value>
                <next>
                  <block type="variables_set" id="snPg/%U^oi}xnFjCE]IU" collapsed="true">
                    <field name="VAR" id="O0*ob+]0jlE*G6?7c8$#" variabletype="">TargetProfit</field>
                    <value name="VALUE">
                      <block type="variables_get" id="K1Woch)cO11X:{raUI]Y">
                        <field name="VAR" id="K;99;?_/)VH4KcIUIC13" variabletype="">_Target_Profit_</field>
                      </block>
                    </value>
                    <next>
                      <block type="variables_set" id="FH65,OQ3n?21Hv.c60QZ" collapsed="true">
                        <field name="VAR" id="Zrn#6janr.[Es/?q~qWz" variabletype="">Stoploss</field>
                        <value name="VALUE">
                          <block type="math_single" id="~RqJiX@$dbDTn56tX~(!">
                            <field name="OP">NEG</field>
                            <value name="NUM">
                              <shadow type="math_number" id=":*O0u?1~mablmyFH9nQ^">
                                <field name="NUM">9</field>
                              </shadow>
                              <block type="math_single" id="Fc7b(_3%H~X(pjboD3g4">
                                <field name="OP">ABS</field>
                                <value name="NUM">
                                  <shadow type="math_number" id="KJyX:Z7HpG+zVVn[[$5L">
                                    <field name="NUM">9</field>
                                  </shadow>
                                  <block type="variables_get" id="r7!OjfMm)T_)D++HZ*u0">
                                    <field name="VAR" id="7Ow2Im+,vRAcqI1XZpiC" variabletype="">_Stop_Loss_</field>
                                  </block>
                                </value>
                              </block>
                            </value>
                          </block>
                        </value>
                        <next>
                          <block type="variables_set" id=",Qt{5W:S090vgVGe@=^b" collapsed="true">
                            <field name="VAR" id="=7v22T6A%Q[,)+imV{g`" variabletype="">MartiLossLevel</field>
                            <value name="VALUE">
                              <block type="variables_get" id="TJ$1?4QP1~b0Y)u8Er,?">
                                <field name="VAR" id="{q^W)(Jtwy?z6$J{v1y!" variabletype="">_Martingale_Level_</field>
                              </block>
                            </value>
                            <next>
                              <block type="variables_set" id="F7E,GI03fZ-!.sSi8nvu" collapsed="true">
                                <field name="VAR" id="W8K4(BeQr`@QzK6-sHmq" variabletype="">MartiFactor</field>
                                <value name="VALUE">
                                  <block type="variables_get" id="5QnPe]lP**xA=obEC:rR">
                                    <field name="VAR" id="?0{f-@2wfL!Nmm5AXIWz" variabletype="">_Martingale_Factor_</field>
                                  </block>
                                </value>
                                <next>
                                  <block type="variables_set" id="BIbY[H2x_K8WYS^Wn`U!" collapsed="true">
                                    <field name="VAR" id=")sKHZ20aOhCf2YY4Q(w+" variabletype="">MartiStart</field>
                                    <value name="VALUE">
                                      <block type="variables_get" id="87M[Cp[!`k{t[TOy_L?e">
                                        <field name="VAR" id="wmq8,`eEHL=Shf,`97{L" variabletype="">_Martingale_Start_After_</field>
                                      </block>
                                    </value>
                                    <next>
                                      <block type="variables_set" id="MlN8XJW]z%Nn$vX!fwUC">
                                        <field name="VAR" id="^-.sOc(V!jIfP_E}?in;" variabletype="">Profit</field>
                                        <value name="VALUE">
                                          <block type="math_number" id="AXE:PR%~GtPn!J;zVdU4">
                                            <field name="NUM">0</field>
                                          </block>
                                        </value>
                                        <next>
                                          <block type="variables_set" id="/V`@3MI!XOl2iQu8)MRG">
                                            <field name="VAR" id="c@v^g83;QUsm3B*k[d6z" variabletype="">win_count</field>
                                            <value name="VALUE">
                                              <block type="math_number" id="@uMNRq7*h6CpK{OL*`1;">
                                                <field name="NUM">0</field>
                                              </block>
                                            </value>
                                            <next>
                                              <block type="variables_set" id="*_wi!@b$%T/+ip`iQtD|">
                                                <field name="VAR" id="e%._4wQ%5t@`sn$Oke.R" variabletype="">loss_count</field>
                                                <value name="VALUE">
                                                  <block type="math_number" id="@6~ol6rGo)hiSc:6#V1^">
                                                    <field name="NUM">0</field>
                                                  </block>
                                                </value>
                                                <next>
                                                  <block type="variables_set" id="6hiRA01::q+6xm.mhYk}">
                                                    <field name="VAR" id="#=Uw^;N(v@VP,o4:%e?2" variabletype="">loss_level</field>
                                                    <value name="VALUE">
                                                      <block type="math_number" id="cs!D-m]M+4^%Uv=SwMP%">
                                                        <field name="NUM">0</field>
                                                      </block>
                                                    </value>
                                                  </block>
                                                </next>
                                              </block>
                                            </next>
                                          </block>
                                        </next>
                                      </block>
                                    </next>
                                  </block>
                                </next>
                              </block>
                            </next>
                          </block>
                        </next>
                      </block>
                    </next>
                  </block>
                </next>
              </block>
            </next>
          </block>
        </next>
      </block>
    </statement>
  </block>
  <block type="procedures_defreturn" id="=78^x1,M_K`EPoWP8B#4" collapsed="true" x="0" y="999">
    <mutation>
      <arg name="put [Result is Win] here" varid="CdnQ4KIe9;rBvsMHPn}/"></arg>
      <arg name="put [Contract Detail : profit] here" varid="U;F-)*|NMAbam1_l1vpk"></arg>
    </mutation>
    <field name="NAME">(4) FRUITFELLA Trade again</field>
    <comment pinned="false" h="80" w="160">FRUITFELLA's Management ver. 3.0</comment>
    <statement name="STACK">
      <block type="math_change" id="5mMvn7#-6MC#=J5k3?PV" collapsed="true">
        <field name="VAR" id="^-.sOc(V!jIfP_E}?in;" variabletype="">Profit</field>
        <value name="DELTA">
          <shadow type="math_number" id="!`~mJ[ITS6N=uY[f!Jo%">
            <field name="NUM">1</field>
          </shadow>
          <block type="variables_get" id=".j]ZF3LWu9*=.nIi9(Gp">
            <field name="VAR" id="U;F-)*|NMAbam1_l1vpk" variabletype="">put [Contract Detail : profit] here</field>
          </block>
        </value>
        <next>
          <block type="variables_set" id="Ntd8/neg-yW_~sW%z8Jm" collapsed="true">
            <field name="VAR" id="^-.sOc(V!jIfP_E}?in;" variabletype="">Profit</field>
            <value name="VALUE">
              <block type="math_arithmetic" id="OonVVD66.u7{{wXOy]D)">
                <field name="OP">DIVIDE</field>
                <value name="A">
                  <shadow type="math_number" id="BJLl,k}i_-.}(X^0Rt%[">
                    <field name="NUM">1</field>
                  </shadow>
                  <block type="math_round" id="F4bqA@k.0Pxp]j99~T|@">
                    <field name="OP">ROUND</field>
                    <value name="NUM">
                      <shadow type="math_number" id="enW;6`Y#VQ8j3,1ir3KU">
                        <field name="NUM">3.1</field>
                      </shadow>
                      <block type="math_arithmetic" id="Su++(AeXbX,`P::$9IIG">
                        <field name="OP">MULTIPLY</field>
                        <value name="A">
                          <shadow type="math_number" id="}kZ5|+fH9G83t.$we7~]">
                            <field name="NUM">1</field>
                          </shadow>
                          <block type="variables_get" id="^][hS|MfVLhwa~_,U~fK">
                            <field name="VAR" id="^-.sOc(V!jIfP_E}?in;" variabletype="">Profit</field>
                          </block>
                        </value>
                        <value name="B">
                          <shadow type="math_number" id=".H#}U`Qa_N#b^$I9(Vh2">
                            <field name="NUM">100</field>
                          </shadow>
                        </value>
                      </block>
                    </value>
                  </block>
                </value>
                <value name="B">
                  <shadow type="math_number" id="ytnd8Z:12vFa*j,jpfx`">
                    <field name="NUM">100</field>
                  </shadow>
                </value>
              </block>
            </value>
            <next>
              <block type="controls_if" id="2haL5s765kSl{T~T5Z^k">
                <mutation else="1"></mutation>
                <value name="IF0">
                  <block type="variables_get" id="j0Q0xvW7M*PhQfuf|p-$">
                    <field name="VAR" id="CdnQ4KIe9;rBvsMHPn}/" variabletype="">put [Result is Win] here</field>
                  </block>
                </value>
                <statement name="DO0">
                  <block type="math_change" id="B_t!T1WWGTt2L#=XAq$4">
                    <field name="VAR" id="c@v^g83;QUsm3B*k[d6z" variabletype="">win_count</field>
                    <value name="DELTA">
                      <shadow type="math_number" id="1~)C)c$Zi*p]5Jddfgq_">
                        <field name="NUM">1</field>
                      </shadow>
                    </value>
                    <next>
                      <block type="variables_set" id="aPRpWycsb.n=U#B:fTZD">
                        <field name="VAR" id="e%._4wQ%5t@`sn$Oke.R" variabletype="">loss_count</field>
                        <value name="VALUE">
                          <block type="math_number" id="wo=CHjiCccmpWlCo@aA[">
                            <field name="NUM">0</field>
                          </block>
                        </value>
                        <next>
                          <block type="variables_set" id="LC75k*LDcS-{XNrO$Vgg">
                            <field name="VAR" id="5oU`SQr3|RTy8b_PRlt?" variabletype="">_stake</field>
                            <value name="VALUE">
                              <block type="variables_get" id="4Yg%mKmDs{,~WL~;oa%e">
                                <field name="VAR" id="|lU0`0.)0z4n)/d7N8g~" variabletype="">FirstStake</field>
                              </block>
                            </value>
                          </block>
                        </next>
                      </block>
                    </next>
                  </block>
                </statement>
                <statement name="ELSE">
                  <block type="math_change" id="(6=+$/+DEbysDWc])WBD">
                    <field name="VAR" id="e%._4wQ%5t@`sn$Oke.R" variabletype="">loss_count</field>
                    <value name="DELTA">
                      <shadow type="math_number" id="[W_X?#)Dv,gm)Ff#:8T8">
                        <field name="NUM">1</field>
                      </shadow>
                    </value>
                    <next>
                      <block type="variables_set" id="V*^dRX_0}whp$+CPNq{x">
                        <field name="VAR" id="c@v^g83;QUsm3B*k[d6z" variabletype="">win_count</field>
                        <value name="VALUE">
                          <block type="math_number" id="8M!%N2:W2r1cS=tvBqxM">
                            <field name="NUM">0</field>
                          </block>
                        </value>
                        <next>
                          <block type="controls_if" id="-2K^5T@7olg3M6J%I4$B">
                            <value name="IF0">
                              <block type="logic_compare" id="ChDetwZuo;cU6yL{-B{A">
                                <field name="OP">GT</field>
                                <value name="A">
                                  <block type="variables_get" id=".Y*ozIy;+ADs#R8Coh6G">
                                    <field name="VAR" id="e%._4wQ%5t@`sn$Oke.R" variabletype="">loss_count</field>
                                  </block>
                                </value>
                                <value name="B">
                                  <block type="variables_get" id="CL]-YIRi^FOdkf{MohQ|">
                                    <field name="VAR" id="#=Uw^;N(v@VP,o4:%e?2" variabletype="">loss_level</field>
                                  </block>
                                </value>
                              </block>
                            </value>
                            <statement name="DO0">
                              <block type="variables_set" id="1@C;LXDelk94-)4~K`n=">
                                <field name="VAR" id="#=Uw^;N(v@VP,o4:%e?2" variabletype="">loss_level</field>
                                <value name="VALUE">
                                  <block type="variables_get" id="Ea|:QN:u+Rt[V_J6|1G+">
                                    <field name="VAR" id="e%._4wQ%5t@`sn$Oke.R" variabletype="">loss_count</field>
                                  </block>
                                </value>
                              </block>
                            </statement>
                            <next>
                              <block type="controls_if" id="?*0^p~(7r2d3-T7z81hI">
                                <value name="IF0">
                                  <block type="logic_compare" id=")y{t.fO)Lb.Zcrs5V4kc">
                                    <field name="OP">GT</field>
                                    <value name="A">
                                      <block type="variables_get" id="xSlsjibK)miodTkmM%GI">
                                        <field name="VAR" id="=7v22T6A%Q[,)+imV{g`" variabletype="">MartiLossLevel</field>
                                      </block>
                                    </value>
                                    <value name="B">
                                      <block type="math_number" id="+{rz6u4h%JKj:-4yvC+#">
                                        <field name="NUM">0</field>
                                      </block>
                                    </value>
                                  </block>
                                </value>
                                <statement name="DO0">
                                  <block type="controls_if" id="|~H{~C=_%yzL(L+Ih?6=">
                                    <value name="IF0">
                                      <block type="logic_operation" id="{01rxUq[%FxUb9PE.!UA">
                                        <field name="OP">AND</field>
                                        <value name="A">
                                          <block type="logic_compare" id="x]ZySsjj1^93Zd(-iWh#">
                                            <field name="OP">GT</field>
                                            <value name="A">
                                              <block type="variables_get" id="4c9GWE)n3Ot}n[:HT;,P">
                                                <field name="VAR" id=")sKHZ20aOhCf2YY4Q(w+" variabletype="">MartiStart</field>
                                              </block>
                                            </value>
                                            <value name="B">
                                              <block type="math_number" id="m`.{:5r,BBM8qV)#goY?">
                                                <field name="NUM">0</field>
                                              </block>
                                            </value>
                                          </block>
                                        </value>
                                        <value name="B">
                                          <block type="logic_compare" id="XWUrB+iXH{$8H{G.pj]P">
                                            <field name="OP">GTE</field>
                                            <value name="A">
                                              <block type="variables_get" id="96)hM+J+rW1h/2CiCNV=">
                                                <field name="VAR" id="e%._4wQ%5t@`sn$Oke.R" variabletype="">loss_count</field>
                                              </block>
                                            </value>
                                            <value name="B">
                                              <block type="variables_get" id="1ghuM[;g9B!OkEk|Jq-+">
                                                <field name="VAR" id=")sKHZ20aOhCf2YY4Q(w+" variabletype="">MartiStart</field>
                                              </block>
                                            </value>
                                          </block>
                                        </value>
                                      </block>
                                    </value>
                                    <statement name="DO0">
                                      <block type="controls_if" id="Xod]f!9?Cp7s`^TCco:[">
                                        <mutation else="1"></mutation>
                                        <value name="IF0">
                                          <block type="logic_compare" id="3,rl=}wztcTxR`uL/^v*">
                                            <field name="OP">LTE</field>
                                            <value name="A">
                                              <block type="variables_get" id="C1`8WB-bd[X1Ih%.BVH=">
                                                <field name="VAR" id="e%._4wQ%5t@`sn$Oke.R" variabletype="">loss_count</field>
                                              </block>
                                            </value>
                                            <value name="B">
                                              <block type="variables_get" id="YCU-oD11NiMjpns6K|J_">
                                                <field name="VAR" id="=7v22T6A%Q[,)+imV{g`" variabletype="">MartiLossLevel</field>
                                              </block>
                                            </value>
                                          </block>
                                        </value>
                                        <statement name="DO0">
                                          <block type="math_change" id=")x3(])A|!w=FlJ}Z*aKI">
                                            <field name="VAR" id="5oU`SQr3|RTy8b_PRlt?" variabletype="">_stake</field>
                                            <value name="DELTA">
                                              <shadow type="math_number" id="iOY0jJ`9*c:I2Hd:QJ_Y">
                                                <field name="NUM">1</field>
                                              </shadow>
                                              <block type="math_arithmetic" id="K/wo]$5[Ba#a7evooV~F">
                                                <field name="OP">MULTIPLY</field>
                                                <value name="A">
                                                  <shadow type="math_number" id="}P^(EoAZ-YU-MS4SDvmg">
                                                    <field name="NUM">1</field>
                                                  </shadow>
                                                  <block type="variables_get" id="0%H*qOjo3?RAmRO$2U/-">
                                                    <field name="VAR" id="5oU`SQr3|RTy8b_PRlt?" variabletype="">_stake</field>
                                                  </block>
                                                </value>
                                                <value name="B">
                                                  <shadow type="math_number" id="/LcPg[ufeL@.EuFQjyeY">
                                                    <field name="NUM">1</field>
                                                  </shadow>
                                                  <block type="variables_get" id="4GqI7Qc3mqsKGEJKSnT3">
                                                    <field name="VAR" id="W8K4(BeQr`@QzK6-sHmq" variabletype="">MartiFactor</field>
                                                  </block>
                                                </value>
                                              </block>
                                            </value>
                                          </block>
                                        </statement>
                                        <statement name="ELSE">
                                          <block type="notify" id="#5H3/1qD}yohz+9b*G+6">
                                            <field name="NOTIFICATION_TYPE">info</field>
                                            <field name="NOTIFICATION_SOUND">silent</field>
                                            <value name="MESSAGE">
                                              <block type="text" id="y8VYir#xh^o24B^w@-%r">
                                                <field name="TEXT">[FM] Martingale reset</field>
                                              </block>
                                            </value>
                                            <next>
                                              <block type="variables_set" id="hg/UOO#$+B8Il2Lz:Nv}">
                                                <field name="VAR" id="5oU`SQr3|RTy8b_PRlt?" variabletype="">_stake</field>
                                                <value name="VALUE">
                                                  <block type="variables_get" id="ubl$r:9]5M{I8+vX;PP/">
                                                    <field name="VAR" id="|lU0`0.)0z4n)/d7N8g~" variabletype="">FirstStake</field>
                                                  </block>
                                                </value>
                                              </block>
                                            </next>
                                          </block>
                                        </statement>
                                      </block>
                                    </statement>
                                  </block>
                                </statement>
                              </block>
                            </next>
                          </block>
                        </next>
                      </block>
                    </next>
                  </block>
                </statement>
                <next>
                  <block type="variables_set" id="Ii~,V*I}==%{VbzSUcNW">
                    <field name="VAR" id="Kt66w_j75HSF5HhKqt4^" variabletype="">Continue</field>
                    <value name="VALUE">
                      <block type="logic_boolean" id="IJrFVDwIh9*V/-*GcP3$">
                        <field name="BOOL">FALSE</field>
                      </block>
                    </value>
                    <next>
                      <block type="controls_if" id="?t=R4#bB1Ph_eG%)U{Zq">
                        <mutation elseif="1" else="1"></mutation>
                        <value name="IF0">
                          <block type="logic_compare" id="n(-qX6sIpX~Fo[1%T`a]">
                            <field name="OP">GTE</field>
                            <value name="A">
                              <block type="variables_get" id="pRRkIZW;yZXTP,Ec2#%7">
                                <field name="VAR" id="^-.sOc(V!jIfP_E}?in;" variabletype="">Profit</field>
                              </block>
                            </value>
                            <value name="B">
                              <block type="variables_get" id=".J0l4%b9|`DFbsS4y+@b">
                                <field name="VAR" id="O0*ob+]0jlE*G6?7c8$#" variabletype="">TargetProfit</field>
                              </block>
                            </value>
                          </block>
                        </value>
                        <statement name="DO0">
                          <block type="text_print" id="fQK[F8W}8)x=k0Y$nDnR" collapsed="true">
                            <value name="TEXT">
                              <shadow type="text" id="dJ4OA.-2N8i,6Qy7r!J|">
                                <field name="TEXT">abc</field>
                              </shadow>
                              <block type="text_join" id="Whtg8.!W#_q;bm-PSDK(">
                                <mutation items="2"></mutation>
                                <value name="ADD0">
                                  <block type="text" id=")|MP_xd~9oo!y10?cM;O">
                                    <field name="TEXT">Take profit $</field>
                                  </block>
                                </value>
                                <value name="ADD1">
                                  <block type="variables_get" id="tp=nlW)P|8TI#JCR-R`Z">
                                    <field name="VAR" id="^-.sOc(V!jIfP_E}?in;" variabletype="">Profit</field>
                                  </block>
                                </value>
                              </block>
                            </value>
                          </block>
                        </statement>
                        <value name="IF1">
                          <block type="logic_compare" id="wqaUuu5;d0qWr@A9R8Uv">
                            <field name="OP">LTE</field>
                            <value name="A">
                              <block type="variables_get" id="iJUy9eQ?_qq:Fx#e:!;)">
                                <field name="VAR" id="^-.sOc(V!jIfP_E}?in;" variabletype="">Profit</field>
                              </block>
                            </value>
                            <value name="B">
                              <block type="variables_get" id="?=LuB)pGx9NhJuh30YA+">
                                <field name="VAR" id="Zrn#6janr.[Es/?q~qWz" variabletype="">Stoploss</field>
                              </block>
                            </value>
                          </block>
                        </value>
                        <statement name="DO1">
                          <block type="text_print" id="+fc,,fh/fwUH3nhoFc3f" collapsed="true">
                            <value name="TEXT">
                              <shadow type="text" id="dJ4OA.-2N8i,6Qy7r!J|">
                                <field name="TEXT">abc</field>
                              </shadow>
                              <block type="text_join" id="]gq4NH~_PD.#^!q#_{UN">
                                <mutation items="2"></mutation>
                                <value name="ADD0">
                                  <block type="text" id="T~7).e8^W6THQjOa6c:v">
                                    <field name="TEXT">Stop loss (profit/loss) $</field>
                                  </block>
                                </value>
                                <value name="ADD1">
                                  <block type="variables_get" id="e~X%5c6eC?N6h}{GYA2o">
                                    <field name="VAR" id="^-.sOc(V!jIfP_E}?in;" variabletype="">Profit</field>
                                  </block>
                                </value>
                              </block>
                            </value>
                          </block>
                        </statement>
                        <statement name="ELSE">
                          <block type="controls_if" id="g`8h+Pq;/Z=wuJIIBr`Z">
                            <mutation else="1"></mutation>
                            <value name="IF0">
                              <block type="logic_compare" id="Q}%H((m|!LOeIVHKxGbv">
                                <field name="OP">GT</field>
                                <value name="A">
                                  <block type="variables_get" id="V$I5(R=s}FQh708v+Vm#">
                                    <field name="VAR" id="^-.sOc(V!jIfP_E}?in;" variabletype="">Profit</field>
                                  </block>
                                </value>
                                <value name="B">
                                  <block type="math_number" id="$W;*/?A}DM!.(x;-wpFE">
                                    <field name="NUM">0</field>
                                  </block>
                                </value>
                              </block>
                            </value>
                            <statement name="DO0">
                              <block type="notify" id="]7Cq=rQ1D00M},$ck5=;">
                                <field name="NOTIFICATION_TYPE">info</field>
                                <field name="NOTIFICATION_SOUND">silent</field>
                                <value name="MESSAGE">
                                  <block type="text_join" id="So,=5m|b]84g6aQ`jzah">
                                    <mutation items="6"></mutation>
                                    <value name="ADD0">
                                      <block type="text" id="Ww6Utk^Ce:2M^1:IbEYq">
                                        <field name="TEXT">[FM] Total profit $ </field>
                                      </block>
                                    </value>
                                    <value name="ADD1">
                                      <block type="variables_get" id="-zUe!0X+$J)uWJg7w-Fc">
                                        <field name="VAR" id="^-.sOc(V!jIfP_E}?in;" variabletype="">Profit</field>
                                      </block>
                                    </value>
                                    <value name="ADD2">
                                      <block type="text" id="G3TZRjfZwb?/vG!DnT-p">
                                        <field name="TEXT"> || Loss Level </field>
                                      </block>
                                    </value>
                                    <value name="ADD3">
                                      <block type="variables_get" id="WYfM1_eJld$zj?B0ZM/j">
                                        <field name="VAR" id="#=Uw^;N(v@VP,o4:%e?2" variabletype="">loss_level</field>
                                      </block>
                                    </value>
                                    <value name="ADD4">
                                      <block type="text" id="WEGot82rEmQ0!.2Uk-jj">
                                        <field name="TEXT"> || Loss Count </field>
                                      </block>
                                    </value>
                                    <value name="ADD5">
                                      <block type="variables_get" id="xFl$)$6){r3_`5XW`biS">
                                        <field name="VAR" id="e%._4wQ%5t@`sn$Oke.R" variabletype="">loss_count</field>
                                      </block>
                                    </value>
                                  </block>
                                </value>
                              </block>
                            </statement>
                            <statement name="ELSE">
                              <block type="notify" id="8QOsp0}TU)_%#dE?4He!">
                                <field name="NOTIFICATION_TYPE">warn</field>
                                <field name="NOTIFICATION_SOUND">silent</field>
                                <value name="MESSAGE">
                                  <block type="text_join" id="L/vB,K]@s{!9Qx^s!Pl-">
                                    <mutation items="6"></mutation>
                                    <value name="ADD0">
                                      <block type="text" id="Z`|]KLN43:/oO3eh43%/">
                                        <field name="TEXT">[FM] Total loss $ </field>
                                      </block>
                                    </value>
                                    <value name="ADD1">
                                      <block type="variables_get" id="C5)f7$5$O{Y)n.G6Q;Pt">
                                        <field name="VAR" id="^-.sOc(V!jIfP_E}?in;" variabletype="">Profit</field>
                                      </block>
                                    </value>
                                    <value name="ADD2">
                                      <block type="text" id="N{K7$tD$F$~C4BDS,.p%">
                                        <field name="TEXT"> || Loss Level </field>
                                      </block>
                                    </value>
                                    <value name="ADD3">
                                      <block type="variables_get" id=")Uaa(R~.]e.pd[?8cnj?">
                                        <field name="VAR" id="#=Uw^;N(v@VP,o4:%e?2" variabletype="">loss_level</field>
                                      </block>
                                    </value>
                                    <value name="ADD4">
                                      <block type="text" id="emB3SZnkebI:XD]F#x@7">
                                        <field name="TEXT"> || Loss Count </field>
                                      </block>
                                    </value>
                                    <value name="ADD5">
                                      <block type="variables_get" id="~$f~AKl6NjBpX4$y+W/8">
                                        <field name="VAR" id="e%._4wQ%5t@`sn$Oke.R" variabletype="">loss_count</field>
                                      </block>
                                    </value>
                                  </block>
                                </value>
                              </block>
                            </statement>
                            <next>
                              <block type="variables_set" id="o88-OoU#i@|Gn^I[1rf1">
                                <field name="VAR" id="Kt66w_j75HSF5HhKqt4^" variabletype="">Continue</field>
                                <value name="VALUE">
                                  <block type="logic_boolean" id="exXi?*3Wu(`Gl$s6cDU[">
                                    <field name="BOOL">TRUE</field>
                                  </block>
                                </value>
                              </block>
                            </next>
                          </block>
                        </statement>
                      </block>
                    </next>
                  </block>
                </next>
              </block>
            </next>
          </block>
        </next>
      </block>
    </statement>
    <value name="RETURN">
      <block type="variables_get" id="`QS.RAQ`zLWY(L^,u`~t">
        <field name="VAR" id="Kt66w_j75HSF5HhKqt4^" variabletype="">Continue</field>
      </block>
    </value>
  </block>
  <block type="procedures_defreturn" id="e_)Y1VUG^rh/`U,=QkZS" collapsed="true" x="0" y="1052">
    <field name="NAME">FRUITFELLA's stake</field>
    <comment pinned="false" h="80" w="160">FRUITFELLA's Management ver. 3.0</comment>
    <value name="RETURN">
      <block type="variables_get" id="34Z3O=w8Bfue%Isf=:h8">
        <field name="VAR" id="5oU`SQr3|RTy8b_PRlt?" variabletype="">_stake</field>
      </block>
    </value>
  </block>
  <block type="before_purchase" id="i-CIx.(Onm4?ihxzA}Y]" x="0" y="1105">
    <statement name="BEFOREPURCHASE_STACK">
      <block type="controls_if" id="v%TQQev{G:to8#]|Ia7P">
        <mutation else="1"></mutation>
        <value name="IF0">
          <block type="logic_compare" id="XMdAOMx6C-0/IkE*$+_T">
            <field name="OP">EQ</field>
            <value name="A">
              <block type="variables_get" id="Bkl*fCvjU*-a[/$B!c~j">
                <field name="VAR" id="E76L9?kG),7b8;;RgL.#" variabletype="">type</field>
              </block>
            </value>
            <value name="B">
              <block type="text" id="c{S*$m|2fEZ|z4jup4`v">
                <field name="TEXT">call</field>
              </block>
            </value>
          </block>
        </value>
        <statement name="DO0">
          <block type="purchase" id="vl19KH]MFFu*O}vz(:1x">
            <field name="PURCHASE_LIST">PUT</field>
          </block>
        </statement>
        <statement name="ELSE">
          <block type="purchase" id="oYs|,g%8wafKwHF*q?xy">
            <field name="PURCHASE_LIST">CALL</field>
          </block>
        </statement>
      </block>
    </statement>
  </block>
  <block type="after_purchase" id="D^Jz1^n=2vtZku1vBN@;" x="0" y="1317">
    <statement name="AFTERPURCHASE_STACK">
      <block type="controls_if" id="#pu#LHLwUv)OJi0fVltb">
        <value name="IF0">
          <block type="procedures_callreturn" id="7MFdL}|rJ3enw1-nOC_H">
            <mutation name="(4) FRUITFELLA Trade again">
              <arg name="put [Result is Win] here"></arg>
              <arg name="put [Contract Detail : profit] here"></arg>
            </mutation>
            <value name="ARG0">
              <block type="contract_check_result" id=")f67R_8y0.A8.q6joA(a">
                <field name="CHECK_RESULT">win</field>
              </block>
            </value>
            <value name="ARG1">
              <block type="read_details" id="eNIY;`A@XA?028}a]cuS">
                <field name="DETAIL_INDEX">4</field>
              </block>
            </value>
          </block>
        </value>
        <statement name="DO0">
          <block type="math_change" id="WEw=`0qpb_ykvh?f@$kd">
            <field name="VAR" id="Z2tYVbzE6sdq9o,t`pt5" variabletype="">count</field>
            <value name="DELTA">
              <shadow type="math_number" id=";$R_v{Vp92*YRx/iQR=6">
                <field name="NUM">1</field>
              </shadow>
            </value>
            <next>
              <block type="controls_if" id="VR0_Y}cpkUSq?7f[oR4c">
                <value name="IF0">
                  <block type="logic_operation" id="cpb0whXrpf^=6H4=8)mj" inline="false">
                    <field name="OP">AND</field>
                    <value name="A">
                      <block type="logic_compare" id="@^rcvWmhB(we2Ri$fjKf">
                        <field name="OP">GTE</field>
                        <value name="A">
                          <block type="variables_get" id="d_3#}1THUzAU[X2QAGe{">
                            <field name="VAR" id="Z2tYVbzE6sdq9o,t`pt5" variabletype="">count</field>
                          </block>
                        </value>
                        <value name="B">
                          <block type="math_number" id="6%;R/+ZTY~gcl60n:jNe">
                            <field name="NUM">1</field>
                          </block>
                        </value>
                      </block>
                    </value>
                    <value name="B">
                      <block type="logic_compare" id="C+du,L}4|XA[Z-eJ#4nn">
                        <field name="OP">EQ</field>
                        <value name="A">
                          <block type="variables_get" id="gZ+XYk`q!.3CEqP/{TB}">
                            <field name="VAR" id="E76L9?kG),7b8;;RgL.#" variabletype="">type</field>
                          </block>
                        </value>
                        <value name="B">
                          <block type="text" id="(Ji$%B^O-nihK6)A/ya`">
                            <field name="TEXT">call</field>
                          </block>
                        </value>
                      </block>
                    </value>
                  </block>
                </value>
                <statement name="DO0">
                  <block type="variables_set" id="Tn-3C5giw^4}s`1Isj3Y">
                    <field name="VAR" id="Z2tYVbzE6sdq9o,t`pt5" variabletype="">count</field>
                    <value name="VALUE">
                      <block type="math_number" id="fV#)D=pol$FN5`RQ;Wq/">
                        <field name="NUM">0</field>
                      </block>
                    </value>
                    <next>
                      <block type="variables_set" id="SA,QvudT!^1Wp@pYUP*[">
                        <field name="VAR" id="E76L9?kG),7b8;;RgL.#" variabletype="">type</field>
                        <value name="VALUE">
                          <block type="text" id="o)2}a:7yt~sd0Y*iQaCX">
                            <field name="TEXT">fall</field>
                          </block>
                        </value>
                      </block>
                    </next>
                  </block>
                </statement>
                <next>
                  <block type="controls_if" id="zT`=fY!*m@m8qJdq|Loh">
                    <value name="IF0">
                      <block type="logic_operation" id="C)f3m6Q;gSnCx?dse}k7" inline="false">
                        <field name="OP">AND</field>
                        <value name="A">
                          <block type="logic_compare" id="9H_iiO.a3Fz2R$[2.|Q3">
                            <field name="OP">GTE</field>
                            <value name="A">
                              <block type="variables_get" id="Ttv5u{a^~_B3C}vLw5Zc">
                                <field name="VAR" id="Z2tYVbzE6sdq9o,t`pt5" variabletype="">count</field>
                              </block>
                            </value>
                            <value name="B">
                              <block type="math_number" id="9pLpK6u)8}qlc`b$sNcR">
                                <field name="NUM">1</field>
                              </block>
                            </value>
                          </block>
                        </value>
                        <value name="B">
                          <block type="logic_compare" id="R=:jq#`1ggLlao]y.B%-">
                            <field name="OP">EQ</field>
                            <value name="A">
                              <block type="variables_get" id="AL!JrmSZjHWjL])Xmr@[">
                                <field name="VAR" id="E76L9?kG),7b8;;RgL.#" variabletype="">type</field>
                              </block>
                            </value>
                            <value name="B">
                              <block type="text" id="BX{E;:/mS+j*[rC4NYyP">
                                <field name="TEXT">fall</field>
                              </block>
                            </value>
                          </block>
                        </value>
                      </block>
                    </value>
                    <statement name="DO0">
                      <block type="variables_set" id="F0JbMBirQRGWV.at]MU[">
                        <field name="VAR" id="Z2tYVbzE6sdq9o,t`pt5" variabletype="">count</field>
                        <value name="VALUE">
                          <block type="math_number" id="C+MazS]Gmm*2(io+z}Qb">
                            <field name="NUM">0</field>
                          </block>
                        </value>
                        <next>
                          <block type="variables_set" id="]]D:^rBwHDvL/K:k!Rpr">
                            <field name="VAR" id="E76L9?kG),7b8;;RgL.#" variabletype="">type</field>
                            <value name="VALUE">
                              <block type="text" id="v=egQ:lnkC/veX~~DL%x">
                                <field name="TEXT">call</field>
                              </block>
                            </value>
                          </block>
                        </next>
                      </block>
                    </statement>
                    <next>
                      <block type="trade_again" id="c)S|KjoQdXc8l#J@5z3P"></block>
                    </next>
                  </block>
                </next>
              </block>
            </next>
          </block>
        </statement>
      </block>
    </statement>
  </block>
</xml>